Data UTC,Data BRT,Hora UTC,Hora BRT,Temperatura ºC
01/01/2024,31/12/2023,0000 UTC,21:00,"19,10"
01/01/2024,31/12/2023,0100 UTC,22:00,"19,30"
01/01/2024,31/12/2023,0200 UTC,23:00,"19,30"
01/01/2024,31/12/2023,0300 UTC,00:00,"18,90"
01/01/2024,31/12/2023,0400 UTC,01:00,"18,70"
01/01/2024,31/12/2023,0500 UTC,02:00,"18,80"
01/01/2024,31/12/2023,0600 UTC,03:00,"18,80"
01/01/2024,31/12/2023,0700 UTC,04:00,"18,60"
01/01/2024,31/12/2023,0800 UTC,05:00,"18,00"
01/01/2024,31/12/2023,0900 UTC,06:00,"17,80"
01/01/2024,31/12/2023,1000 UTC,07:00,"19,10"
01/01/2024,31/12/2023,1100 UTC,08:00,"19,50"
01/01/2024,31/12/2023,1200 UTC,09:00,"21,60"
01/01/2024,31/12/2023,1300 UTC,10:00,"22,20"
01/01/2024,31/12/2023,1400 UTC,11:00,"24,60"
01/01/2024,31/12/2023,1500 UTC,12:00,"24,40"
01/01/2024,31/12/2023,1600 UTC,13:00,"25,30"
01/01/2024,31/12/2023,1700 UTC,14:00,"26,60"
01/01/2024,31/12/2023,1800 UTC,15:00,"25,90"
01/01/2024,31/12/2023,1900 UTC,16:00,"25,80"
01/01/2024,31/12/2023,2000 UTC,17:00,"25,30"
01/01/2024,31/12/2023,2100 UTC,18:00,"23,60"
01/01/2024,31/12/2023,2200 UTC,19:00,"21,50"
01/01/2024,31/12/2023,2300 UTC,20:00,"20,10"
02/01/2024,01/01/2024,0000 UTC,21:00,"19,70"
02/01/2024,01/01/2024,0100 UTC,22:00,"19,50"
02/01/2024,01/01/2024,0200 UTC,23:00,"19,20"
02/01/2024,01/01/2024,0300 UTC,00:00,"18,80"
02/01/2024,01/01/2024,0400 UTC,01:00,"18,50"
02/01/2024,01/01/2024,0500 UTC,02:00,"17,70"
02/01/2024,01/01/2024,0600 UTC,03:00,"17,20"
02/01/2024,01/01/2024,0700 UTC,04:00,"17,10"
02/01/2024,01/01/2024,0800 UTC,05:00,"16,70"
02/01/2024,01/01/2024,0900 UTC,06:00,"16,90"
02/01/2024,01/01/2024,1000 UTC,07:00,"18,00"
02/01/2024,01/01/2024,1100 UTC,08:00,"20,20"
02/01/2024,01/01/2024,1200 UTC,09:00,"21,20"
02/01/2024,01/01/2024,1300 UTC,10:00,"22,40"
02/01/2024,01/01/2024,1400 UTC,11:00,"23,80"
02/01/2024,01/01/2024,1500 UTC,12:00,"25,20"
02/01/2024,01/01/2024,1600 UTC,13:00,"25,40"
02/01/2024,01/01/2024,1700 UTC,14:00,"25,00"
02/01/2024,01/01/2024,1800 UTC,15:00,"25,80"
02/01/2024,01/01/2024,1900 UTC,16:00,"25,60"
02/01/2024,01/01/2024,2000 UTC,17:00,"24,40"
02/01/2024,01/01/2024,2100 UTC,18:00,"23,00"
02/01/2024,01/01/2024,2200 UTC,19:00,"22,10"
02/01/2024,01/01/2024,2300 UTC,20:00,"21,40"
03/01/2024,02/01/2024,0000 UTC,21:00,"21,20"
03/01/2024,02/01/2024,0100 UTC,22:00,"20,30"
03/01/2024,02/01/2024,0200 UTC,23:00,"19,80"
03/01/2024,02/01/2024,0300 UTC,00:00,"19,70"
03/01/2024,02/01/2024,0400 UTC,01:00,"19,80"
03/01/2024,02/01/2024,0500 UTC,02:00,"19,20"
03/01/2024,02/01/2024,0600 UTC,03:00,"18,80"
03/01/2024,02/01/2024,0700 UTC,04:00,"18,40"
03/01/2024,02/01/2024,0800 UTC,05:00,"17,70"
03/01/2024,02/01/2024,0900 UTC,06:00,"18,20"
03/01/2024,02/01/2024,1000 UTC,07:00,"18,70"
03/01/2024,02/01/2024,1100 UTC,08:00,"21,90"
03/01/2024,02/01/2024,1200 UTC,09:00,"25,00"
03/01/2024,02/01/2024,1300 UTC,10:00,"25,70"
03/01/2024,02/01/2024,1400 UTC,11:00,"27,80"
03/01/2024,02/01/2024,1500 UTC,12:00,"29,40"
03/01/2024,02/01/2024,1600 UTC,13:00,"29,50"
03/01/2024,02/01/2024,1700 UTC,14:00,"29,30"
03/01/2024,02/01/2024,1800 UTC,15:00,"26,60"
03/01/2024,02/01/2024,1900 UTC,16:00,"26,70"
03/01/2024,02/01/2024,2000 UTC,17:00,"25,10"
03/01/2024,02/01/2024,2100 UTC,18:00,"22,70"
03/01/2024,02/01/2024,2200 UTC,19:00,"21,50"
03/01/2024,02/01/2024,2300 UTC,20:00,"20,70"
04/01/2024,03/01/2024,0000 UTC,21:00,"20,70"
04/01/2024,03/01/2024,0100 UTC,22:00,"20,60"
04/01/2024,03/01/2024,0200 UTC,23:00,"20,20"
04/01/2024,03/01/2024,0300 UTC,00:00,"20,00"
04/01/2024,03/01/2024,0400 UTC,01:00,"19,80"
04/01/2024,03/01/2024,0500 UTC,02:00,"19,70"
04/01/2024,03/01/2024,0600 UTC,03:00,"19,60"
04/01/2024,03/01/2024,0700 UTC,04:00,"19,40"
04/01/2024,03/01/2024,0800 UTC,05:00,"19,50"
04/01/2024,03/01/2024,0900 UTC,06:00,"19,40"
04/01/2024,03/01/2024,1000 UTC,07:00,"19,70"
04/01/2024,03/01/2024,1100 UTC,08:00,"21,30"
04/01/2024,03/01/2024,1200 UTC,09:00,"22,10"
04/01/2024,03/01/2024,1300 UTC,10:00,"22,90"
04/01/2024,03/01/2024,1400 UTC,11:00,"23,10"
04/01/2024,03/01/2024,1500 UTC,12:00,"24,00"
04/01/2024,03/01/2024,1600 UTC,13:00,"23,30"
04/01/2024,03/01/2024,1700 UTC,14:00,"23,20"
04/01/2024,03/01/2024,1800 UTC,15:00,"23,10"
04/01/2024,03/01/2024,1900 UTC,16:00,"23,10"
04/01/2024,03/01/2024,2000 UTC,17:00,"22,80"
04/01/2024,03/01/2024,2100 UTC,18:00,"21,20"
04/01/2024,03/01/2024,2200 UTC,19:00,"20,60"
04/01/2024,03/01/2024,2300 UTC,20:00,"20,10"
05/01/2024,04/01/2024,0000 UTC,21:00,"20,00"
05/01/2024,04/01/2024,0100 UTC,22:00,"19,60"
05/01/2024,04/01/2024,0200 UTC,23:00,"19,50"
05/01/2024,04/01/2024,0300 UTC,00:00,"19,10"
05/01/2024,04/01/2024,0400 UTC,01:00,"19,00"
05/01/2024,04/01/2024,0500 UTC,02:00,"18,70"
05/01/2024,04/01/2024,0600 UTC,03:00,"18,50"
05/01/2024,04/01/2024,0700 UTC,04:00,"18,60"
05/01/2024,04/01/2024,0800 UTC,05:00,"18,40"
05/01/2024,04/01/2024,0900 UTC,06:00,"18,60"
05/01/2024,04/01/2024,1000 UTC,07:00,"18,80"
05/01/2024,04/01/2024,1100 UTC,08:00,"20,30"
05/01/2024,04/01/2024,1200 UTC,09:00,"21,00"
05/01/2024,04/01/2024,1300 UTC,10:00,"23,70"
05/01/2024,04/01/2024,1400 UTC,11:00,"23,90"
05/01/2024,04/01/2024,1500 UTC,12:00,"23,70"
05/01/2024,04/01/2024,1600 UTC,13:00,"25,40"
05/01/2024,04/01/2024,1700 UTC,14:00,"25,70"
05/01/2024,04/01/2024,1800 UTC,15:00,"27,30"
05/01/2024,04/01/2024,1900 UTC,16:00,"26,40"
05/01/2024,04/01/2024,2000 UTC,17:00,"25,30"
05/01/2024,04/01/2024,2100 UTC,18:00,"23,30"
05/01/2024,04/01/2024,2200 UTC,19:00,"21,30"
05/01/2024,04/01/2024,2300 UTC,20:00,"20,30"
06/01/2024,05/01/2024,0000 UTC,21:00,"19,90"
06/01/2024,05/01/2024,0100 UTC,22:00,"19,90"
06/01/2024,05/01/2024,0200 UTC,23:00,"19,40"
06/01/2024,05/01/2024,0300 UTC,00:00,"19,50"
06/01/2024,05/01/2024,0400 UTC,01:00,"19,30"
06/01/2024,05/01/2024,0500 UTC,02:00,"19,20"
06/01/2024,05/01/2024,0600 UTC,03:00,"19,10"
06/01/2024,05/01/2024,0700 UTC,04:00,"18,70"
06/01/2024,05/01/2024,0800 UTC,05:00,"18,50"
06/01/2024,05/01/2024,0900 UTC,06:00,"18,20"
06/01/2024,05/01/2024,1000 UTC,07:00,"19,40"
06/01/2024,05/01/2024,1100 UTC,08:00,"20,50"
06/01/2024,05/01/2024,1200 UTC,09:00,"21,50"
06/01/2024,05/01/2024,1300 UTC,10:00,"22,50"
06/01/2024,05/01/2024,1400 UTC,11:00,"24,70"
06/01/2024,05/01/2024,1500 UTC,12:00,"25,70"
06/01/2024,05/01/2024,1600 UTC,13:00,"26,60"
06/01/2024,05/01/2024,1700 UTC,14:00,"27,80"
06/01/2024,05/01/2024,1800 UTC,15:00,"27,80"
06/01/2024,05/01/2024,1900 UTC,16:00,"27,80"
06/01/2024,05/01/2024,2000 UTC,17:00,"26,60"
06/01/2024,05/01/2024,2100 UTC,18:00,"24,60"
06/01/2024,05/01/2024,2200 UTC,19:00,"22,20"
06/01/2024,05/01/2024,2300 UTC,20:00,"21,40"
07/01/2024,06/01/2024,0000 UTC,21:00,"20,90"
07/01/2024,06/01/2024,0100 UTC,22:00,"21,00"
07/01/2024,06/01/2024,0200 UTC,23:00,"19,90"
07/01/2024,06/01/2024,0300 UTC,00:00,"19,70"
07/01/2024,06/01/2024,0400 UTC,01:00,"19,50"
07/01/2024,06/01/2024,0500 UTC,02:00,"19,10"
07/01/2024,06/01/2024,0600 UTC,03:00,"18,80"
07/01/2024,06/01/2024,0700 UTC,04:00,"18,30"
07/01/2024,06/01/2024,0800 UTC,05:00,"17,90"
07/01/2024,06/01/2024,0900 UTC,06:00,"17,80"
07/01/2024,06/01/2024,1000 UTC,07:00,"19,80"
07/01/2024,06/01/2024,1100 UTC,08:00,"22,40"
07/01/2024,06/01/2024,1200 UTC,09:00,"25,00"
07/01/2024,06/01/2024,1300 UTC,10:00,"28,10"
07/01/2024,06/01/2024,1400 UTC,11:00,"30,00"
07/01/2024,06/01/2024,1500 UTC,12:00,"31,30"
07/01/2024,06/01/2024,1600 UTC,13:00,"32,30"
07/01/2024,06/01/2024,1700 UTC,14:00,"33,20"
07/01/2024,06/01/2024,1800 UTC,15:00,"32,00"
07/01/2024,06/01/2024,1900 UTC,16:00,"31,50"
07/01/2024,06/01/2024,2000 UTC,17:00,"29,40"
07/01/2024,06/01/2024,2100 UTC,18:00,"28,40"
07/01/2024,06/01/2024,2200 UTC,19:00,"26,40"
07/01/2024,06/01/2024,2300 UTC,20:00,"24,40"
08/01/2024,07/01/2024,0000 UTC,21:00,"23,10"
08/01/2024,07/01/2024,0100 UTC,22:00,"22,70"
08/01/2024,07/01/2024,0200 UTC,23:00,"22,50"
08/01/2024,07/01/2024,0300 UTC,00:00,"22,20"
08/01/2024,07/01/2024,0400 UTC,01:00,"21,60"
08/01/2024,07/01/2024,0500 UTC,02:00,"21,20"
08/01/2024,07/01/2024,0600 UTC,03:00,"19,90"
08/01/2024,07/01/2024,0700 UTC,04:00,"19,80"
08/01/2024,07/01/2024,0800 UTC,05:00,"19,10"
08/01/2024,07/01/2024,0900 UTC,06:00,"19,50"
08/01/2024,07/01/2024,1000 UTC,07:00,"22,90"
08/01/2024,07/01/2024,1100 UTC,08:00,"25,70"
08/01/2024,07/01/2024,1200 UTC,09:00,"27,60"
08/01/2024,07/01/2024,1300 UTC,10:00,"29,10"
08/01/2024,07/01/2024,1400 UTC,11:00,"31,30"
08/01/2024,07/01/2024,1500 UTC,12:00,"32,40"
08/01/2024,07/01/2024,1600 UTC,13:00,"33,30"
08/01/2024,07/01/2024,1700 UTC,14:00,"34,60"
08/01/2024,07/01/2024,1800 UTC,15:00,"34,80"
08/01/2024,07/01/2024,1900 UTC,16:00,"34,30"
08/01/2024,07/01/2024,2000 UTC,17:00,"34,10"
08/01/2024,07/01/2024,2100 UTC,18:00,"29,70"
08/01/2024,07/01/2024,2200 UTC,19:00,"27,90"
08/01/2024,07/01/2024,2300 UTC,20:00,"24,00"
09/01/2024,08/01/2024,0000 UTC,21:00,"23,20"
09/01/2024,08/01/2024,0100 UTC,22:00,"23,20"
09/01/2024,08/01/2024,0200 UTC,23:00,"23,20"
09/01/2024,08/01/2024,0300 UTC,00:00,"20,80"
09/01/2024,08/01/2024,0400 UTC,01:00,"19,60"
09/01/2024,08/01/2024,0500 UTC,02:00,"20,20"
09/01/2024,08/01/2024,0600 UTC,03:00,"18,70"
09/01/2024,08/01/2024,0700 UTC,04:00,"21,50"
09/01/2024,08/01/2024,0800 UTC,05:00,"20,60"
09/01/2024,08/01/2024,0900 UTC,06:00,"20,60"
09/01/2024,08/01/2024,1000 UTC,07:00,"21,40"
09/01/2024,08/01/2024,1100 UTC,08:00,"22,50"
09/01/2024,08/01/2024,1200 UTC,09:00,"24,20"
09/01/2024,08/01/2024,1300 UTC,10:00,"27,20"
09/01/2024,08/01/2024,1400 UTC,11:00,"29,40"
09/01/2024,08/01/2024,1500 UTC,12:00,"30,70"
09/01/2024,08/01/2024,1600 UTC,13:00,"31,90"
09/01/2024,08/01/2024,1700 UTC,14:00,"33,30"
09/01/2024,08/01/2024,1800 UTC,15:00,"34,30"
09/01/2024,08/01/2024,1900 UTC,16:00,"34,60"
09/01/2024,08/01/2024,2000 UTC,17:00,"32,60"
09/01/2024,08/01/2024,2100 UTC,18:00,"31,80"
09/01/2024,08/01/2024,2200 UTC,19:00,"27,70"
09/01/2024,08/01/2024,2300 UTC,20:00,"26,50"
10/01/2024,09/01/2024,0000 UTC,21:00,"26,40"
10/01/2024,09/01/2024,0100 UTC,22:00,"24,50"
10/01/2024,09/01/2024,0200 UTC,23:00,"24,20"
10/01/2024,09/01/2024,0300 UTC,00:00,"23,00"
10/01/2024,09/01/2024,0400 UTC,01:00,"22,30"
10/01/2024,09/01/2024,0500 UTC,02:00,"21,90"
10/01/2024,09/01/2024,0600 UTC,03:00,"22,10"
10/01/2024,09/01/2024,0700 UTC,04:00,"21,70"
10/01/2024,09/01/2024,0800 UTC,05:00,"20,90"
10/01/2024,09/01/2024,0900 UTC,06:00,"20,60"
10/01/2024,09/01/2024,1000 UTC,07:00,"21,20"
10/01/2024,09/01/2024,1100 UTC,08:00,"25,40"
10/01/2024,09/01/2024,1200 UTC,09:00,"27,60"
10/01/2024,09/01/2024,1300 UTC,10:00,"28,90"
10/01/2024,09/01/2024,1400 UTC,11:00,"30,30"
10/01/2024,09/01/2024,1500 UTC,12:00,"31,30"
10/01/2024,09/01/2024,1600 UTC,13:00,"32,20"
10/01/2024,09/01/2024,1700 UTC,14:00,"32,70"
10/01/2024,09/01/2024,1800 UTC,15:00,"32,70"
10/01/2024,09/01/2024,1900 UTC,16:00,"33,20"
10/01/2024,09/01/2024,2000 UTC,17:00,"30,70"
10/01/2024,09/01/2024,2100 UTC,18:00,"27,00"
10/01/2024,09/01/2024,2200 UTC,19:00,"24,70"
10/01/2024,09/01/2024,2300 UTC,20:00,"24,70"
11/01/2024,10/01/2024,0000 UTC,21:00,"24,70"
11/01/2024,10/01/2024,0100 UTC,22:00,"22,80"
11/01/2024,10/01/2024,0200 UTC,23:00,"22,60"
11/01/2024,10/01/2024,0300 UTC,00:00,"22,50"
11/01/2024,10/01/2024,0400 UTC,01:00,"22,50"
11/01/2024,10/01/2024,0500 UTC,02:00,"22,30"
11/01/2024,10/01/2024,0600 UTC,03:00,"21,90"
11/01/2024,10/01/2024,0700 UTC,04:00,"22,20"
11/01/2024,10/01/2024,0800 UTC,05:00,"22,10"
11/01/2024,10/01/2024,0900 UTC,06:00,"22,00"
11/01/2024,10/01/2024,1000 UTC,07:00,"23,30"
11/01/2024,10/01/2024,1100 UTC,08:00,"25,10"
11/01/2024,10/01/2024,1200 UTC,09:00,"26,50"
11/01/2024,10/01/2024,1300 UTC,10:00,"27,80"
11/01/2024,10/01/2024,1400 UTC,11:00,"28,30"
11/01/2024,10/01/2024,1500 UTC,12:00,"28,00"
11/01/2024,10/01/2024,1600 UTC,13:00,"29,10"
11/01/2024,10/01/2024,1700 UTC,14:00,"26,20"
11/01/2024,10/01/2024,1800 UTC,15:00,"30,60"
11/01/2024,10/01/2024,1900 UTC,16:00,"29,50"
11/01/2024,10/01/2024,2000 UTC,17:00,"29,00"
11/01/2024,10/01/2024,2100 UTC,18:00,"27,80"
11/01/2024,10/01/2024,2200 UTC,19:00,"24,40"
11/01/2024,10/01/2024,2300 UTC,20:00,"23,10"
12/01/2024,11/01/2024,0000 UTC,21:00,"22,30"
12/01/2024,11/01/2024,0100 UTC,22:00,"22,10"
12/01/2024,11/01/2024,0200 UTC,23:00,"21,90"
12/01/2024,11/01/2024,0300 UTC,00:00,"21,80"
12/01/2024,11/01/2024,0400 UTC,01:00,"20,50"
12/01/2024,11/01/2024,0500 UTC,02:00,"20,30"
12/01/2024,11/01/2024,0600 UTC,03:00,"20,30"
12/01/2024,11/01/2024,0700 UTC,04:00,"20,20"
12/01/2024,11/01/2024,0800 UTC,05:00,"20,50"
12/01/2024,11/01/2024,0900 UTC,06:00,"20,30"
12/01/2024,11/01/2024,1000 UTC,07:00,"20,50"
12/01/2024,11/01/2024,1100 UTC,08:00,"21,30"
12/01/2024,11/01/2024,1200 UTC,09:00,"22,00"
12/01/2024,11/01/2024,1300 UTC,10:00,"23,70"
12/01/2024,11/01/2024,1400 UTC,11:00,"24,50"
12/01/2024,11/01/2024,1500 UTC,12:00,"25,50"
12/01/2024,11/01/2024,1600 UTC,13:00,"26,00"
12/01/2024,11/01/2024,1700 UTC,14:00,"27,30"
12/01/2024,11/01/2024,1800 UTC,15:00,"25,50"
12/01/2024,11/01/2024,1900 UTC,16:00,"24,50"
12/01/2024,11/01/2024,2000 UTC,17:00,"23,10"
12/01/2024,11/01/2024,2100 UTC,18:00,"22,00"
12/01/2024,11/01/2024,2200 UTC,19:00,"20,40"
12/01/2024,11/01/2024,2300 UTC,20:00,"20,40"
13/01/2024,12/01/2024,0000 UTC,21:00,"20,20"
13/01/2024,12/01/2024,0100 UTC,22:00,"20,00"
13/01/2024,12/01/2024,0200 UTC,23:00,"19,90"
13/01/2024,12/01/2024,0300 UTC,00:00,"20,00"
13/01/2024,12/01/2024,0400 UTC,01:00,"20,10"
13/01/2024,12/01/2024,0500 UTC,02:00,"20,00"
13/01/2024,12/01/2024,0600 UTC,03:00,"20,00"
13/01/2024,12/01/2024,0700 UTC,04:00,"19,70"
13/01/2024,12/01/2024,0800 UTC,05:00,"19,50"
13/01/2024,12/01/2024,0900 UTC,06:00,"19,00"
13/01/2024,12/01/2024,1000 UTC,07:00,"19,10"
13/01/2024,12/01/2024,1100 UTC,08:00,"19,70"
13/01/2024,12/01/2024,1200 UTC,09:00,"21,30"
13/01/2024,12/01/2024,1300 UTC,10:00,"22,00"
13/01/2024,12/01/2024,1400 UTC,11:00,"22,40"
13/01/2024,12/01/2024,1500 UTC,12:00,"22,00"
13/01/2024,12/01/2024,1600 UTC,13:00,"22,50"
13/01/2024,12/01/2024,1700 UTC,14:00,"21,50"
13/01/2024,12/01/2024,1800 UTC,15:00,"21,80"
13/01/2024,12/01/2024,1900 UTC,16:00,"20,60"
13/01/2024,12/01/2024,2000 UTC,17:00,"19,70"
13/01/2024,12/01/2024,2100 UTC,18:00,"19,60"
13/01/2024,12/01/2024,2200 UTC,19:00,"19,30"
13/01/2024,12/01/2024,2300 UTC,20:00,"19,20"
14/01/2024,13/01/2024,0000 UTC,21:00,"19,10"
14/01/2024,13/01/2024,0100 UTC,22:00,"19,00"
14/01/2024,13/01/2024,0200 UTC,23:00,"18,70"
14/01/2024,13/01/2024,0300 UTC,00:00,"18,30"
14/01/2024,13/01/2024,0400 UTC,01:00,"17,90"
14/01/2024,13/01/2024,0500 UTC,02:00,"17,30"
14/01/2024,13/01/2024,0600 UTC,03:00,"17,00"
14/01/2024,13/01/2024,0700 UTC,04:00,"17,10"
14/01/2024,13/01/2024,0800 UTC,05:00,"16,90"
14/01/2024,13/01/2024,0900 UTC,06:00,"17,20"
14/01/2024,13/01/2024,1000 UTC,07:00,"18,20"
14/01/2024,13/01/2024,1100 UTC,08:00,"20,70"
14/01/2024,13/01/2024,1200 UTC,09:00,"23,90"
14/01/2024,13/01/2024,1300 UTC,10:00,"25,00"
14/01/2024,13/01/2024,1400 UTC,11:00,"27,80"
14/01/2024,13/01/2024,1500 UTC,12:00,"26,90"
14/01/2024,13/01/2024,1600 UTC,13:00,"28,40"
14/01/2024,13/01/2024,1700 UTC,14:00,"29,20"
14/01/2024,13/01/2024,1800 UTC,15:00,"30,50"
14/01/2024,13/01/2024,1900 UTC,16:00,"30,80"
14/01/2024,13/01/2024,2000 UTC,17:00,"30,70"
14/01/2024,13/01/2024,2100 UTC,18:00,"28,90"
14/01/2024,13/01/2024,2200 UTC,19:00,"26,40"
14/01/2024,13/01/2024,2300 UTC,20:00,"24,40"
15/01/2024,14/01/2024,0000 UTC,21:00,"23,10"
15/01/2024,14/01/2024,0100 UTC,22:00,"22,60"
15/01/2024,14/01/2024,0200 UTC,23:00,"21,80"
15/01/2024,14/01/2024,0300 UTC,00:00,"21,60"
15/01/2024,14/01/2024,0400 UTC,01:00,"22,00"
15/01/2024,14/01/2024,0500 UTC,02:00,"20,90"
15/01/2024,14/01/2024,0600 UTC,03:00,"20,90"
15/01/2024,14/01/2024,0700 UTC,04:00,"20,90"
15/01/2024,14/01/2024,0800 UTC,05:00,"20,00"
15/01/2024,14/01/2024,0900 UTC,06:00,"19,30"
15/01/2024,14/01/2024,1000 UTC,07:00,"22,10"
15/01/2024,14/01/2024,1100 UTC,08:00,"24,00"
15/01/2024,14/01/2024,1200 UTC,09:00,"25,90"
15/01/2024,14/01/2024,1300 UTC,10:00,"27,30"
15/01/2024,14/01/2024,1400 UTC,11:00,"28,10"
15/01/2024,14/01/2024,1500 UTC,12:00,"29,30"
15/01/2024,14/01/2024,1600 UTC,13:00,"30,80"
15/01/2024,14/01/2024,1700 UTC,14:00,"31,10"
15/01/2024,14/01/2024,1800 UTC,15:00,"30,80"
15/01/2024,14/01/2024,1900 UTC,16:00,"31,40"
15/01/2024,14/01/2024,2000 UTC,17:00,"27,10"
15/01/2024,14/01/2024,2100 UTC,18:00,"26,40"
15/01/2024,14/01/2024,2200 UTC,19:00,"25,70"
15/01/2024,14/01/2024,2300 UTC,20:00,"25,20"
16/01/2024,15/01/2024,0000 UTC,21:00,"24,60"
16/01/2024,15/01/2024,0100 UTC,22:00,"23,50"
16/01/2024,15/01/2024,0200 UTC,23:00,"23,40"
16/01/2024,15/01/2024,0300 UTC,00:00,"22,10"
16/01/2024,15/01/2024,0400 UTC,01:00,"22,90"
16/01/2024,15/01/2024,0500 UTC,02:00,"23,00"
16/01/2024,15/01/2024,0600 UTC,03:00,"22,20"
16/01/2024,15/01/2024,0700 UTC,04:00,"21,80"
16/01/2024,15/01/2024,0800 UTC,05:00,"21,70"
16/01/2024,15/01/2024,0900 UTC,06:00,"21,70"
16/01/2024,15/01/2024,1000 UTC,07:00,"22,60"
16/01/2024,15/01/2024,1100 UTC,08:00,"25,30"
16/01/2024,15/01/2024,1200 UTC,09:00,"26,80"
16/01/2024,15/01/2024,1300 UTC,10:00,"28,70"
16/01/2024,15/01/2024,1400 UTC,11:00,"29,60"
16/01/2024,15/01/2024,1500 UTC,12:00,"30,60"
16/01/2024,15/01/2024,1600 UTC,13:00,"31,00"
16/01/2024,15/01/2024,1700 UTC,14:00,"32,50"
16/01/2024,15/01/2024,1800 UTC,15:00,"32,60"
16/01/2024,15/01/2024,1900 UTC,16:00,"33,50"
16/01/2024,15/01/2024,2000 UTC,17:00,"32,90"
16/01/2024,15/01/2024,2100 UTC,18:00,"31,10"
16/01/2024,15/01/2024,2200 UTC,19:00,"29,20"
16/01/2024,15/01/2024,2300 UTC,20:00,"28,40"
17/01/2024,16/01/2024,0000 UTC,21:00,"27,90"
17/01/2024,16/01/2024,0100 UTC,22:00,"26,70"
17/01/2024,16/01/2024,0200 UTC,23:00,"25,10"
17/01/2024,16/01/2024,0300 UTC,00:00,"24,30"
17/01/2024,16/01/2024,0400 UTC,01:00,"23,60"
17/01/2024,16/01/2024,0500 UTC,02:00,"23,80"
17/01/2024,16/01/2024,0600 UTC,03:00,"22,70"
17/01/2024,16/01/2024,0700 UTC,04:00,"22,40"
17/01/2024,16/01/2024,0800 UTC,05:00,"22,70"
17/01/2024,16/01/2024,0900 UTC,06:00,"23,20"
17/01/2024,16/01/2024,1000 UTC,07:00,"23,80"
17/01/2024,16/01/2024,1100 UTC,08:00,"26,10"
17/01/2024,16/01/2024,1200 UTC,09:00,"29,00"
17/01/2024,16/01/2024,1300 UTC,10:00,"30,50"
17/01/2024,16/01/2024,1400 UTC,11:00,"31,30"
17/01/2024,16/01/2024,1500 UTC,12:00,"32,10"
17/01/2024,16/01/2024,1600 UTC,13:00,"31,40"
17/01/2024,16/01/2024,1700 UTC,14:00,"29,40"
17/01/2024,16/01/2024,1800 UTC,15:00,"25,30"
17/01/2024,16/01/2024,1900 UTC,16:00,"24,20"
17/01/2024,16/01/2024,2000 UTC,17:00,"23,10"
17/01/2024,16/01/2024,2100 UTC,18:00,"22,90"
17/01/2024,16/01/2024,2200 UTC,19:00,"22,30"
17/01/2024,16/01/2024,2300 UTC,20:00,"22,20"
18/01/2024,17/01/2024,0000 UTC,21:00,"22,40"
18/01/2024,17/01/2024,0100 UTC,22:00,"22,30"
18/01/2024,17/01/2024,0200 UTC,23:00,"22,20"
18/01/2024,17/01/2024,0300 UTC,00:00,"21,80"
18/01/2024,17/01/2024,0400 UTC,01:00,"22,30"
18/01/2024,17/01/2024,0500 UTC,02:00,"22,10"
18/01/2024,17/01/2024,0600 UTC,03:00,"22,20"
18/01/2024,17/01/2024,0700 UTC,04:00,"21,90"
18/01/2024,17/01/2024,0800 UTC,05:00,"21,70"
18/01/2024,17/01/2024,0900 UTC,06:00,"21,40"
18/01/2024,17/01/2024,1000 UTC,07:00,"21,90"
18/01/2024,17/01/2024,1100 UTC,08:00,"22,70"
18/01/2024,17/01/2024,1200 UTC,09:00,"24,70"
18/01/2024,17/01/2024,1300 UTC,10:00,"27,00"
18/01/2024,17/01/2024,1400 UTC,11:00,"28,70"
18/01/2024,17/01/2024,1500 UTC,12:00,"30,00"
18/01/2024,17/01/2024,1600 UTC,13:00,"31,60"
18/01/2024,17/01/2024,1700 UTC,14:00,"31,40"
18/01/2024,17/01/2024,1800 UTC,15:00,"31,30"
18/01/2024,17/01/2024,1900 UTC,16:00,"32,10"
18/01/2024,17/01/2024,2000 UTC,17:00,"31,40"
18/01/2024,17/01/2024,2100 UTC,18:00,"26,40"
18/01/2024,17/01/2024,2200 UTC,19:00,"24,80"
18/01/2024,17/01/2024,2300 UTC,20:00,"24,00"
19/01/2024,18/01/2024,0000 UTC,21:00,"20,90"
19/01/2024,18/01/2024,0100 UTC,22:00,"20,50"
19/01/2024,18/01/2024,0200 UTC,23:00,"20,60"
19/01/2024,18/01/2024,0300 UTC,00:00,"20,40"
19/01/2024,18/01/2024,0400 UTC,01:00,"20,40"
19/01/2024,18/01/2024,0500 UTC,02:00,"20,60"
19/01/2024,18/01/2024,0600 UTC,03:00,"20,40"
19/01/2024,18/01/2024,0700 UTC,04:00,"20,20"
19/01/2024,18/01/2024,0800 UTC,05:00,"20,50"
19/01/2024,18/01/2024,0900 UTC,06:00,"20,50"
19/01/2024,18/01/2024,1000 UTC,07:00,"20,80"
19/01/2024,18/01/2024,1100 UTC,08:00,"21,60"
19/01/2024,18/01/2024,1200 UTC,09:00,"22,90"
19/01/2024,18/01/2024,1300 UTC,10:00,"24,90"
19/01/2024,18/01/2024,1400 UTC,11:00,"26,50"
19/01/2024,18/01/2024,1500 UTC,12:00,"27,40"
19/01/2024,18/01/2024,1600 UTC,13:00,"28,10"
19/01/2024,18/01/2024,1700 UTC,14:00,"30,10"
19/01/2024,18/01/2024,1800 UTC,15:00,"29,60"
19/01/2024,18/01/2024,1900 UTC,16:00,"28,40"
19/01/2024,18/01/2024,2000 UTC,17:00,"26,00"
19/01/2024,18/01/2024,2100 UTC,18:00,"25,10"
19/01/2024,18/01/2024,2200 UTC,19:00,"24,80"
19/01/2024,18/01/2024,2300 UTC,20:00,"24,70"
20/01/2024,19/01/2024,0000 UTC,21:00,"24,40"
20/01/2024,19/01/2024,0100 UTC,22:00,"24,30"
20/01/2024,19/01/2024,0200 UTC,23:00,"23,80"
20/01/2024,19/01/2024,0300 UTC,00:00,"23,30"
20/01/2024,19/01/2024,0400 UTC,01:00,"23,00"
20/01/2024,19/01/2024,0500 UTC,02:00,"22,60"
20/01/2024,19/01/2024,0600 UTC,03:00,"22,00"
20/01/2024,19/01/2024,0700 UTC,04:00,"21,80"
20/01/2024,19/01/2024,0800 UTC,05:00,"21,60"
20/01/2024,19/01/2024,0900 UTC,06:00,"21,60"
20/01/2024,19/01/2024,1000 UTC,07:00,"21,90"
20/01/2024,19/01/2024,1100 UTC,08:00,"22,60"
20/01/2024,19/01/2024,1200 UTC,09:00,"23,60"
20/01/2024,19/01/2024,1300 UTC,10:00,"25,30"
20/01/2024,19/01/2024,1400 UTC,11:00,"25,60"
20/01/2024,19/01/2024,1500 UTC,12:00,"25,30"
20/01/2024,19/01/2024,1600 UTC,13:00,"26,40"
20/01/2024,19/01/2024,1700 UTC,14:00,"27,70"
20/01/2024,19/01/2024,1800 UTC,15:00,"28,00"
20/01/2024,19/01/2024,1900 UTC,16:00,"26,90"
20/01/2024,19/01/2024,2000 UTC,17:00,"20,50"
20/01/2024,19/01/2024,2100 UTC,18:00,"20,00"
20/01/2024,19/01/2024,2200 UTC,19:00,"20,40"
20/01/2024,19/01/2024,2300 UTC,20:00,"20,60"
21/01/2024,20/01/2024,0000 UTC,21:00,"20,40"
21/01/2024,20/01/2024,0100 UTC,22:00,"20,40"
21/01/2024,20/01/2024,0200 UTC,23:00,"19,90"
21/01/2024,20/01/2024,0300 UTC,00:00,"19,80"
21/01/2024,20/01/2024,0400 UTC,01:00,"19,70"
21/01/2024,20/01/2024,0500 UTC,02:00,"19,60"
21/01/2024,20/01/2024,0600 UTC,03:00,"19,60"
21/01/2024,20/01/2024,0700 UTC,04:00,"19,60"
21/01/2024,20/01/2024,0800 UTC,05:00,"19,70"
21/01/2024,20/01/2024,0900 UTC,06:00,"19,80"
21/01/2024,20/01/2024,1000 UTC,07:00,"20,20"
21/01/2024,20/01/2024,1100 UTC,08:00,"21,00"
21/01/2024,20/01/2024,1200 UTC,09:00,"21,80"
21/01/2024,20/01/2024,1300 UTC,10:00,"22,70"
21/01/2024,20/01/2024,1400 UTC,11:00,"24,80"
21/01/2024,20/01/2024,1500 UTC,12:00,"24,90"
21/01/2024,20/01/2024,1600 UTC,13:00,"26,10"
21/01/2024,20/01/2024,1700 UTC,14:00,"25,80"
21/01/2024,20/01/2024,1800 UTC,15:00,"24,40"
21/01/2024,20/01/2024,1900 UTC,16:00,"23,20"
21/01/2024,20/01/2024,2000 UTC,17:00,"21,80"
21/01/2024,20/01/2024,2100 UTC,18:00,"21,20"
21/01/2024,20/01/2024,2200 UTC,19:00,"20,40"
21/01/2024,20/01/2024,2300 UTC,20:00,"20,30"
22/01/2024,21/01/2024,0000 UTC,21:00,"20,20"
22/01/2024,21/01/2024,0100 UTC,22:00,"19,70"
22/01/2024,21/01/2024,0200 UTC,23:00,"19,40"
22/01/2024,21/01/2024,0300 UTC,00:00,"19,50"
22/01/2024,21/01/2024,0400 UTC,01:00,"19,20"
22/01/2024,21/01/2024,0500 UTC,02:00,"19,10"
22/01/2024,21/01/2024,0600 UTC,03:00,"18,90"
22/01/2024,21/01/2024,0700 UTC,04:00,"18,70"
22/01/2024,21/01/2024,0800 UTC,05:00,"18,60"
22/01/2024,21/01/2024,0900 UTC,06:00,"18,70"
22/01/2024,21/01/2024,1000 UTC,07:00,"19,40"
22/01/2024,21/01/2024,1100 UTC,08:00,"20,20"
22/01/2024,21/01/2024,1200 UTC,09:00,"20,90"
22/01/2024,21/01/2024,1300 UTC,10:00,"21,90"
22/01/2024,21/01/2024,1400 UTC,11:00,"23,70"
22/01/2024,21/01/2024,1500 UTC,12:00,"24,50"
22/01/2024,21/01/2024,1600 UTC,13:00,"25,00"
22/01/2024,21/01/2024,1700 UTC,14:00,"24,80"
22/01/2024,21/01/2024,1800 UTC,15:00,"24,50"
22/01/2024,21/01/2024,1900 UTC,16:00,"23,20"
22/01/2024,21/01/2024,2000 UTC,17:00,"20,80"
22/01/2024,21/01/2024,2100 UTC,18:00,"20,30"
22/01/2024,21/01/2024,2200 UTC,19:00,"19,40"
22/01/2024,21/01/2024,2300 UTC,20:00,"19,10"
23/01/2024,22/01/2024,0000 UTC,21:00,"19,30"
23/01/2024,22/01/2024,0100 UTC,22:00,"18,10"
23/01/2024,22/01/2024,0200 UTC,23:00,"18,60"
23/01/2024,22/01/2024,0300 UTC,00:00,"18,70"
23/01/2024,22/01/2024,0400 UTC,01:00,"18,70"
23/01/2024,22/01/2024,0500 UTC,02:00,"18,80"
23/01/2024,22/01/2024,0600 UTC,03:00,"18,30"
23/01/2024,22/01/2024,0700 UTC,04:00,"18,10"
23/01/2024,22/01/2024,0800 UTC,05:00,"18,10"
23/01/2024,22/01/2024,0900 UTC,06:00,"18,20"
23/01/2024,22/01/2024,1000 UTC,07:00,"18,20"
23/01/2024,22/01/2024,1100 UTC,08:00,"18,50"
23/01/2024,22/01/2024,1200 UTC,09:00,"18,30"
23/01/2024,22/01/2024,1300 UTC,10:00,"18,00"
23/01/2024,22/01/2024,1400 UTC,11:00,"18,40"
23/01/2024,22/01/2024,1500 UTC,12:00,"19,50"
23/01/2024,22/01/2024,1600 UTC,13:00,"19,90"
23/01/2024,22/01/2024,1700 UTC,14:00,"19,00"
23/01/2024,22/01/2024,1800 UTC,15:00,"19,50"
23/01/2024,22/01/2024,1900 UTC,16:00,"19,20"
23/01/2024,22/01/2024,2000 UTC,17:00,"18,30"
23/01/2024,22/01/2024,2100 UTC,18:00,"16,90"
23/01/2024,22/01/2024,2200 UTC,19:00,"16,90"
23/01/2024,22/01/2024,2300 UTC,20:00,"16,70"
24/01/2024,23/01/2024,0000 UTC,21:00,"16,60"
24/01/2024,23/01/2024,0100 UTC,22:00,"16,90"
24/01/2024,23/01/2024,0200 UTC,23:00,"16,80"
24/01/2024,23/01/2024,0300 UTC,00:00,"16,70"
24/01/2024,23/01/2024,0400 UTC,01:00,"16,30"
24/01/2024,23/01/2024,0500 UTC,02:00,"15,70"
24/01/2024,23/01/2024,0600 UTC,03:00,"15,50"
24/01/2024,23/01/2024,0700 UTC,04:00,"15,30"
24/01/2024,23/01/2024,0800 UTC,05:00,"15,80"
24/01/2024,23/01/2024,0900 UTC,06:00,"16,20"
24/01/2024,23/01/2024,1000 UTC,07:00,"17,30"
24/01/2024,23/01/2024,1100 UTC,08:00,"18,00"
24/01/2024,23/01/2024,1200 UTC,09:00,"19,80"
24/01/2024,23/01/2024,1300 UTC,10:00,"19,80"
24/01/2024,23/01/2024,1400 UTC,11:00,"20,00"
24/01/2024,23/01/2024,1500 UTC,12:00,"21,70"
24/01/2024,23/01/2024,1600 UTC,13:00,"23,00"
24/01/2024,23/01/2024,1700 UTC,14:00,"24,00"
24/01/2024,23/01/2024,1800 UTC,15:00,"23,70"
24/01/2024,23/01/2024,1900 UTC,16:00,"19,20"
24/01/2024,23/01/2024,2000 UTC,17:00,"18,40"
24/01/2024,23/01/2024,2100 UTC,18:00,"17,60"
24/01/2024,23/01/2024,2200 UTC,19:00,"17,00"
24/01/2024,23/01/2024,2300 UTC,20:00,"16,60"
25/01/2024,24/01/2024,0000 UTC,21:00,"16,70"
25/01/2024,24/01/2024,0100 UTC,22:00,"16,90"
25/01/2024,24/01/2024,0200 UTC,23:00,"16,90"
25/01/2024,24/01/2024,0300 UTC,00:00,"16,80"
25/01/2024,24/01/2024,0400 UTC,01:00,"16,50"
25/01/2024,24/01/2024,0500 UTC,02:00,"16,50"
25/01/2024,24/01/2024,0600 UTC,03:00,"16,80"
25/01/2024,24/01/2024,0700 UTC,04:00,"16,70"
25/01/2024,24/01/2024,0800 UTC,05:00,"16,80"
25/01/2024,24/01/2024,0900 UTC,06:00,"16,90"
25/01/2024,24/01/2024,1000 UTC,07:00,"17,40"
25/01/2024,24/01/2024,1100 UTC,08:00,"18,20"
25/01/2024,24/01/2024,1200 UTC,09:00,"19,70"
25/01/2024,24/01/2024,1300 UTC,10:00,"19,40"
25/01/2024,24/01/2024,1400 UTC,11:00,"19,70"
25/01/2024,24/01/2024,1500 UTC,12:00,"20,00"
25/01/2024,24/01/2024,1600 UTC,13:00,"21,30"
25/01/2024,24/01/2024,1700 UTC,14:00,"19,90"
25/01/2024,24/01/2024,1800 UTC,15:00,"18,80"
25/01/2024,24/01/2024,1900 UTC,16:00,"18,80"
25/01/2024,24/01/2024,2000 UTC,17:00,"17,70"
25/01/2024,24/01/2024,2100 UTC,18:00,"16,60"
25/01/2024,24/01/2024,2200 UTC,19:00,"16,30"
25/01/2024,24/01/2024,2300 UTC,20:00,"16,40"
26/01/2024,25/01/2024,0000 UTC,21:00,"16,50"
26/01/2024,25/01/2024,0100 UTC,22:00,"16,10"
26/01/2024,25/01/2024,0200 UTC,23:00,"16,10"
26/01/2024,25/01/2024,0300 UTC,00:00,"16,30"
26/01/2024,25/01/2024,0400 UTC,01:00,"16,30"
26/01/2024,25/01/2024,0500 UTC,02:00,"16,60"
26/01/2024,25/01/2024,0600 UTC,03:00,"16,50"
26/01/2024,25/01/2024,0700 UTC,04:00,"16,70"
26/01/2024,25/01/2024,0800 UTC,05:00,"16,70"
26/01/2024,25/01/2024,0900 UTC,06:00,"16,70"
26/01/2024,25/01/2024,1000 UTC,07:00,"16,70"
26/01/2024,25/01/2024,1100 UTC,08:00,"18,90"
26/01/2024,25/01/2024,1200 UTC,09:00,"19,60"
26/01/2024,25/01/2024,1300 UTC,10:00,"20,10"
26/01/2024,25/01/2024,1400 UTC,11:00,"20,10"
26/01/2024,25/01/2024,1500 UTC,12:00,"21,80"
26/01/2024,25/01/2024,1600 UTC,13:00,"21,10"
26/01/2024,25/01/2024,1700 UTC,14:00,"18,70"
26/01/2024,25/01/2024,1800 UTC,15:00,"20,20"
26/01/2024,25/01/2024,1900 UTC,16:00,"18,90"
26/01/2024,25/01/2024,2000 UTC,17:00,"18,90"
26/01/2024,25/01/2024,2100 UTC,18:00,"18,50"
26/01/2024,25/01/2024,2200 UTC,19:00,"17,40"
26/01/2024,25/01/2024,2300 UTC,20:00,"17,10"
27/01/2024,26/01/2024,0000 UTC,21:00,"16,90"
27/01/2024,26/01/2024,0100 UTC,22:00,"17,00"
27/01/2024,26/01/2024,0200 UTC,23:00,"16,80"
27/01/2024,26/01/2024,0300 UTC,00:00,"16,90"
27/01/2024,26/01/2024,0400 UTC,01:00,"16,80"
27/01/2024,26/01/2024,0500 UTC,02:00,"16,80"
27/01/2024,26/01/2024,0600 UTC,03:00,"16,70"
27/01/2024,26/01/2024,0700 UTC,04:00,"16,60"
27/01/2024,26/01/2024,0800 UTC,05:00,"16,60"
27/01/2024,26/01/2024,0900 UTC,06:00,"16,70"
27/01/2024,26/01/2024,1000 UTC,07:00,"17,10"
27/01/2024,26/01/2024,1100 UTC,08:00,"18,60"
27/01/2024,26/01/2024,1200 UTC,09:00,"19,90"
27/01/2024,26/01/2024,1300 UTC,10:00,"21,30"
27/01/2024,26/01/2024,1400 UTC,11:00,"21,60"
27/01/2024,26/01/2024,1500 UTC,12:00,"21,50"
27/01/2024,26/01/2024,1600 UTC,13:00,"23,80"
27/01/2024,26/01/2024,1700 UTC,14:00,"24,70"
27/01/2024,26/01/2024,1800 UTC,15:00,"24,00"
27/01/2024,26/01/2024,1900 UTC,16:00,"24,10"
27/01/2024,26/01/2024,2000 UTC,17:00,"22,20"
27/01/2024,26/01/2024,2100 UTC,18:00,"21,60"
27/01/2024,26/01/2024,2200 UTC,19:00,"20,50"
27/01/2024,26/01/2024,2300 UTC,20:00,"19,90"
28/01/2024,27/01/2024,0000 UTC,21:00,"19,50"
28/01/2024,27/01/2024,0100 UTC,22:00,"19,20"
28/01/2024,27/01/2024,0200 UTC,23:00,"19,10"
28/01/2024,27/01/2024,0300 UTC,00:00,"19,10"
28/01/2024,27/01/2024,0400 UTC,01:00,"19,10"
28/01/2024,27/01/2024,0500 UTC,02:00,"19,10"
28/01/2024,27/01/2024,0600 UTC,03:00,"18,90"
28/01/2024,27/01/2024,0700 UTC,04:00,"18,80"
28/01/2024,27/01/2024,0800 UTC,05:00,"18,80"
28/01/2024,27/01/2024,0900 UTC,06:00,"18,60"
28/01/2024,27/01/2024,1000 UTC,07:00,"19,40"
28/01/2024,27/01/2024,1100 UTC,08:00,"21,20"
28/01/2024,27/01/2024,1200 UTC,09:00,"21,00"
28/01/2024,27/01/2024,1300 UTC,10:00,"21,70"
28/01/2024,27/01/2024,1400 UTC,11:00,"22,40"
28/01/2024,27/01/2024,1500 UTC,12:00,"24,10"
28/01/2024,27/01/2024,1600 UTC,13:00,"24,70"
28/01/2024,27/01/2024,1700 UTC,14:00,"25,10"
28/01/2024,27/01/2024,1800 UTC,15:00,"26,40"
28/01/2024,27/01/2024,1900 UTC,16:00,"25,00"
28/01/2024,27/01/2024,2000 UTC,17:00,"21,60"
28/01/2024,27/01/2024,2100 UTC,18:00,"22,50"
28/01/2024,27/01/2024,2200 UTC,19:00,"19,90"
28/01/2024,27/01/2024,2300 UTC,20:00,"19,30"
29/01/2024,28/01/2024,0000 UTC,21:00,"19,30"
29/01/2024,28/01/2024,0100 UTC,22:00,"19,60"
29/01/2024,28/01/2024,0200 UTC,23:00,"19,70"
29/01/2024,28/01/2024,0300 UTC,00:00,"19,40"
29/01/2024,28/01/2024,0400 UTC,01:00,"19,00"
29/01/2024,28/01/2024,0500 UTC,02:00,"18,70"
29/01/2024,28/01/2024,0600 UTC,03:00,"18,80"
29/01/2024,28/01/2024,0700 UTC,04:00,"18,50"
29/01/2024,28/01/2024,0800 UTC,05:00,"18,20"
29/01/2024,28/01/2024,0900 UTC,06:00,"18,00"
29/01/2024,28/01/2024,1000 UTC,07:00,"18,30"
29/01/2024,28/01/2024,1100 UTC,08:00,"19,60"
29/01/2024,28/01/2024,1200 UTC,09:00,"22,20"
29/01/2024,28/01/2024,1300 UTC,10:00,"23,60"
29/01/2024,28/01/2024,1400 UTC,11:00,"25,70"
29/01/2024,28/01/2024,1500 UTC,12:00,"26,80"
29/01/2024,28/01/2024,1600 UTC,13:00,"28,20"
29/01/2024,28/01/2024,1700 UTC,14:00,"24,00"
29/01/2024,28/01/2024,1800 UTC,15:00,"25,00"
29/01/2024,28/01/2024,1900 UTC,16:00,"25,80"
29/01/2024,28/01/2024,2000 UTC,17:00,"26,90"
29/01/2024,28/01/2024,2100 UTC,18:00,"27,70"
29/01/2024,28/01/2024,2200 UTC,19:00,"23,90"
29/01/2024,28/01/2024,2300 UTC,20:00,"21,40"
30/01/2024,29/01/2024,0000 UTC,21:00,"21,20"
30/01/2024,29/01/2024,0100 UTC,22:00,"19,20"
30/01/2024,29/01/2024,0200 UTC,23:00,"18,90"
30/01/2024,29/01/2024,0300 UTC,00:00,"18,80"
30/01/2024,29/01/2024,0400 UTC,01:00,"17,90"
30/01/2024,29/01/2024,0500 UTC,02:00,"17,70"
30/01/2024,29/01/2024,0600 UTC,03:00,"16,90"
30/01/2024,29/01/2024,0700 UTC,04:00,"16,90"
30/01/2024,29/01/2024,0800 UTC,05:00,"16,20"
30/01/2024,29/01/2024,0900 UTC,06:00,"16,60"
30/01/2024,29/01/2024,1000 UTC,07:00,"18,30"
30/01/2024,29/01/2024,1100 UTC,08:00,"21,80"
30/01/2024,29/01/2024,1200 UTC,09:00,"25,20"
30/01/2024,29/01/2024,1300 UTC,10:00,"26,90"
30/01/2024,29/01/2024,1400 UTC,11:00,"28,30"
30/01/2024,29/01/2024,1500 UTC,12:00,"29,30"
30/01/2024,29/01/2024,1600 UTC,13:00,"30,70"
30/01/2024,29/01/2024,1700 UTC,14:00,"31,10"
30/01/2024,29/01/2024,1800 UTC,15:00,"31,50"
30/01/2024,29/01/2024,1900 UTC,16:00,"29,80"
30/01/2024,29/01/2024,2000 UTC,17:00,"30,40"
30/01/2024,29/01/2024,2100 UTC,18:00,"26,90"
30/01/2024,29/01/2024,2200 UTC,19:00,"24,60"
30/01/2024,29/01/2024,2300 UTC,20:00,"23,00"
31/01/2024,30/01/2024,0000 UTC,21:00,"22,10"
31/01/2024,30/01/2024,0100 UTC,22:00,"22,00"
31/01/2024,30/01/2024,0200 UTC,23:00,"21,30"
31/01/2024,30/01/2024,0300 UTC,00:00,"21,40"
31/01/2024,30/01/2024,0400 UTC,01:00,"21,40"
31/01/2024,30/01/2024,0500 UTC,02:00,"21,00"
31/01/2024,30/01/2024,0600 UTC,03:00,"20,70"
31/01/2024,30/01/2024,0700 UTC,04:00,"20,60"
31/01/2024,30/01/2024,0800 UTC,05:00,"20,40"
31/01/2024,30/01/2024,0900 UTC,06:00,"19,90"
31/01/2024,30/01/2024,1000 UTC,07:00,"20,70"
31/01/2024,30/01/2024,1100 UTC,08:00,"23,00"
31/01/2024,30/01/2024,1200 UTC,09:00,"24,00"
31/01/2024,30/01/2024,1300 UTC,10:00,"26,20"
31/01/2024,30/01/2024,1400 UTC,11:00,"26,80"
31/01/2024,30/01/2024,1500 UTC,12:00,"28,20"
31/01/2024,30/01/2024,1600 UTC,13:00,"29,30"
31/01/2024,30/01/2024,1700 UTC,14:00,"26,50"
31/01/2024,30/01/2024,1800 UTC,15:00,"22,40"
31/01/2024,30/01/2024,1900 UTC,16:00,"18,60"
31/01/2024,30/01/2024,2000 UTC,17:00,"20,00"
31/01/2024,30/01/2024,2100 UTC,18:00,"19,60"
31/01/2024,30/01/2024,2200 UTC,19:00,"20,00"
31/01/2024,30/01/2024,2300 UTC,20:00,"20,30"
01/02/2024,31/01/2024,0000 UTC,21:00,"20,10"
01/02/2024,31/01/2024,0100 UTC,22:00,"20,10"
01/02/2024,31/01/2024,0200 UTC,23:00,"19,40"
01/02/2024,31/01/2024,0300 UTC,00:00,"18,60"
01/02/2024,31/01/2024,0400 UTC,01:00,"18,00"
01/02/2024,31/01/2024,0500 UTC,02:00,"17,70"
01/02/2024,31/01/2024,0600 UTC,03:00,"17,40"
01/02/2024,31/01/2024,0700 UTC,04:00,"17,10"
01/02/2024,31/01/2024,0800 UTC,05:00,"16,60"
01/02/2024,31/01/2024,0900 UTC,06:00,"17,00"
01/02/2024,31/01/2024,1000 UTC,07:00,"17,30"
01/02/2024,31/01/2024,1100 UTC,08:00,"19,10"
01/02/2024,31/01/2024,1200 UTC,09:00,"23,00"
01/02/2024,31/01/2024,1300 UTC,10:00,"24,10"
01/02/2024,31/01/2024,1400 UTC,11:00,"26,00"
01/02/2024,31/01/2024,1500 UTC,12:00,"25,10"
01/02/2024,31/01/2024,1600 UTC,13:00,"27,20"
01/02/2024,31/01/2024,1700 UTC,14:00,"24,90"
01/02/2024,31/01/2024,1800 UTC,15:00,"25,50"
01/02/2024,31/01/2024,1900 UTC,16:00,"23,40"
01/02/2024,31/01/2024,2000 UTC,17:00,"23,60"
01/02/2024,31/01/2024,2100 UTC,18:00,"22,50"
01/02/2024,31/01/2024,2200 UTC,19:00,"19,80"
01/02/2024,31/01/2024,2300 UTC,20:00,"19,00"
02/02/2024,01/02/2024,0000 UTC,21:00,"18,60"
02/02/2024,01/02/2024,0100 UTC,22:00,"18,50"
02/02/2024,01/02/2024,0200 UTC,23:00,"19,00"
02/02/2024,01/02/2024,0300 UTC,00:00,"19,50"
02/02/2024,01/02/2024,0400 UTC,01:00,"19,60"
02/02/2024,01/02/2024,0500 UTC,02:00,"19,10"
02/02/2024,01/02/2024,0600 UTC,03:00,"19,00"
02/02/2024,01/02/2024,0700 UTC,04:00,"19,20"
02/02/2024,01/02/2024,0800 UTC,05:00,"18,80"
02/02/2024,01/02/2024,0900 UTC,06:00,"18,90"
02/02/2024,01/02/2024,1000 UTC,07:00,"19,90"
02/02/2024,01/02/2024,1100 UTC,08:00,"21,40"
02/02/2024,01/02/2024,1200 UTC,09:00,"23,00"
02/02/2024,01/02/2024,1300 UTC,10:00,"23,90"
02/02/2024,01/02/2024,1400 UTC,11:00,"24,80"
02/02/2024,01/02/2024,1500 UTC,12:00,"26,10"
02/02/2024,01/02/2024,1600 UTC,13:00,"27,40"
02/02/2024,01/02/2024,1700 UTC,14:00,"24,50"
02/02/2024,01/02/2024,1800 UTC,15:00,"18,60"
02/02/2024,01/02/2024,1900 UTC,16:00,"20,00"
02/02/2024,01/02/2024,2000 UTC,17:00,"21,20"
02/02/2024,01/02/2024,2100 UTC,18:00,"20,90"
02/02/2024,01/02/2024,2200 UTC,19:00,"20,40"
02/02/2024,01/02/2024,2300 UTC,20:00,"20,20"
03/02/2024,02/02/2024,0000 UTC,21:00,"20,20"
03/02/2024,02/02/2024,0100 UTC,22:00,"20,00"
03/02/2024,02/02/2024,0200 UTC,23:00,"19,60"
03/02/2024,02/02/2024,0300 UTC,00:00,"19,80"
03/02/2024,02/02/2024,0400 UTC,01:00,"19,00"
03/02/2024,02/02/2024,0500 UTC,02:00,"18,70"
03/02/2024,02/02/2024,0600 UTC,03:00,"18,50"
03/02/2024,02/02/2024,0700 UTC,04:00,"18,20"
03/02/2024,02/02/2024,0800 UTC,05:00,"18,30"
03/02/2024,02/02/2024,0900 UTC,06:00,"17,70"
03/02/2024,02/02/2024,1000 UTC,07:00,"19,00"
03/02/2024,02/02/2024,1100 UTC,08:00,"21,40"
03/02/2024,02/02/2024,1200 UTC,09:00,"22,50"
03/02/2024,02/02/2024,1300 UTC,10:00,"25,70"
03/02/2024,02/02/2024,1400 UTC,11:00,"26,60"
03/02/2024,02/02/2024,1500 UTC,12:00,"27,80"
03/02/2024,02/02/2024,1600 UTC,13:00,"28,40"
03/02/2024,02/02/2024,1700 UTC,14:00,"28,00"
03/02/2024,02/02/2024,1800 UTC,15:00,"27,10"
03/02/2024,02/02/2024,1900 UTC,16:00,"25,40"
03/02/2024,02/02/2024,2000 UTC,17:00,"23,50"
03/02/2024,02/02/2024,2100 UTC,18:00,"22,70"
03/02/2024,02/02/2024,2200 UTC,19:00,"21,90"
03/02/2024,02/02/2024,2300 UTC,20:00,"21,50"
04/02/2024,03/02/2024,0000 UTC,21:00,"22,00"
04/02/2024,03/02/2024,0100 UTC,22:00,"21,80"
04/02/2024,03/02/2024,0200 UTC,23:00,"21,50"
04/02/2024,03/02/2024,0300 UTC,00:00,"21,40"
04/02/2024,03/02/2024,0400 UTC,01:00,"21,20"
04/02/2024,03/02/2024,0500 UTC,02:00,"21,40"
04/02/2024,03/02/2024,0600 UTC,03:00,"20,90"
04/02/2024,03/02/2024,0700 UTC,04:00,"20,10"
04/02/2024,03/02/2024,0800 UTC,05:00,"19,30"
04/02/2024,03/02/2024,0900 UTC,06:00,"19,00"
04/02/2024,03/02/2024,1000 UTC,07:00,"19,80"
04/02/2024,03/02/2024,1100 UTC,08:00,"21,00"
04/02/2024,03/02/2024,1200 UTC,09:00,"22,40"
04/02/2024,03/02/2024,1300 UTC,10:00,"23,80"
04/02/2024,03/02/2024,1400 UTC,11:00,"25,20"
04/02/2024,03/02/2024,1500 UTC,12:00,"26,40"
04/02/2024,03/02/2024,1600 UTC,13:00,"27,10"
04/02/2024,03/02/2024,1700 UTC,14:00,"27,60"
04/02/2024,03/02/2024,1800 UTC,15:00,"27,60"
04/02/2024,03/02/2024,1900 UTC,16:00,"28,60"
04/02/2024,03/02/2024,2000 UTC,17:00,"28,00"
04/02/2024,03/02/2024,2100 UTC,18:00,"27,00"
04/02/2024,03/02/2024,2200 UTC,19:00,"24,70"
04/02/2024,03/02/2024,2300 UTC,20:00,"23,90"
05/02/2024,04/02/2024,0000 UTC,21:00,"23,00"
05/02/2024,04/02/2024,0100 UTC,22:00,"21,10"
05/02/2024,04/02/2024,0200 UTC,23:00,"21,30"
05/02/2024,04/02/2024,0300 UTC,00:00,"20,20"
05/02/2024,04/02/2024,0400 UTC,01:00,"19,20"
05/02/2024,04/02/2024,0500 UTC,02:00,"18,70"
05/02/2024,04/02/2024,0600 UTC,03:00,"18,10"
05/02/2024,04/02/2024,0700 UTC,04:00,"17,50"
05/02/2024,04/02/2024,0800 UTC,05:00,"17,00"
05/02/2024,04/02/2024,0900 UTC,06:00,"17,00"
05/02/2024,04/02/2024,1000 UTC,07:00,"17,80"
05/02/2024,04/02/2024,1100 UTC,08:00,"22,40"
05/02/2024,04/02/2024,1200 UTC,09:00,"24,30"
05/02/2024,04/02/2024,1300 UTC,10:00,"27,00"
05/02/2024,04/02/2024,1400 UTC,11:00,"28,20"
05/02/2024,04/02/2024,1500 UTC,12:00,"29,60"
05/02/2024,04/02/2024,1600 UTC,13:00,"28,40"
05/02/2024,04/02/2024,1700 UTC,14:00,"30,00"
05/02/2024,04/02/2024,1800 UTC,15:00,"30,70"
05/02/2024,04/02/2024,1900 UTC,16:00,"30,20"
05/02/2024,04/02/2024,2000 UTC,17:00,"29,20"
05/02/2024,04/02/2024,2100 UTC,18:00,"27,60"
05/02/2024,04/02/2024,2200 UTC,19:00,"25,70"
05/02/2024,04/02/2024,2300 UTC,20:00,"23,80"
06/02/2024,05/02/2024,0000 UTC,21:00,"23,40"
06/02/2024,05/02/2024,0100 UTC,22:00,"22,60"
06/02/2024,05/02/2024,0200 UTC,23:00,"21,60"
06/02/2024,05/02/2024,0300 UTC,00:00,"21,30"
06/02/2024,05/02/2024,0400 UTC,01:00,"20,90"
06/02/2024,05/02/2024,0500 UTC,02:00,"20,70"
06/02/2024,05/02/2024,0600 UTC,03:00,"20,20"
06/02/2024,05/02/2024,0700 UTC,04:00,"19,60"
06/02/2024,05/02/2024,0800 UTC,05:00,"19,10"
06/02/2024,05/02/2024,0900 UTC,06:00,"18,90"
06/02/2024,05/02/2024,1000 UTC,07:00,"20,50"
06/02/2024,05/02/2024,1100 UTC,08:00,"22,90"
06/02/2024,05/02/2024,1200 UTC,09:00,"23,90"
06/02/2024,05/02/2024,1300 UTC,10:00,"25,90"
06/02/2024,05/02/2024,1400 UTC,11:00,"26,50"
06/02/2024,05/02/2024,1500 UTC,12:00,"28,00"
06/02/2024,05/02/2024,1600 UTC,13:00,"29,40"
06/02/2024,05/02/2024,1700 UTC,14:00,"30,10"
06/02/2024,05/02/2024,1800 UTC,15:00,"30,50"
06/02/2024,05/02/2024,1900 UTC,16:00,"29,20"
06/02/2024,05/02/2024,2000 UTC,17:00,"28,10"
06/02/2024,05/02/2024,2100 UTC,18:00,"26,70"
06/02/2024,05/02/2024,2200 UTC,19:00,"24,40"
06/02/2024,05/02/2024,2300 UTC,20:00,"23,40"
07/02/2024,06/02/2024,0000 UTC,21:00,"22,70"
07/02/2024,06/02/2024,0100 UTC,22:00,"22,30"
07/02/2024,06/02/2024,0200 UTC,23:00,"21,70"
07/02/2024,06/02/2024,0300 UTC,00:00,"20,80"
07/02/2024,06/02/2024,0400 UTC,01:00,"20,20"
07/02/2024,06/02/2024,0500 UTC,02:00,"19,50"
07/02/2024,06/02/2024,0600 UTC,03:00,"19,00"
07/02/2024,06/02/2024,0700 UTC,04:00,"18,60"
07/02/2024,06/02/2024,0800 UTC,05:00,"17,80"
07/02/2024,06/02/2024,0900 UTC,06:00,"18,20"
07/02/2024,06/02/2024,1000 UTC,07:00,"19,10"
07/02/2024,06/02/2024,1100 UTC,08:00,"20,50"
07/02/2024,06/02/2024,1200 UTC,09:00,"23,20"
07/02/2024,06/02/2024,1300 UTC,10:00,"25,80"
07/02/2024,06/02/2024,1400 UTC,11:00,"27,50"
07/02/2024,06/02/2024,1500 UTC,12:00,"28,40"
07/02/2024,06/02/2024,1600 UTC,13:00,"29,50"
07/02/2024,06/02/2024,1700 UTC,14:00,"30,00"
07/02/2024,06/02/2024,1800 UTC,15:00,"31,20"
07/02/2024,06/02/2024,1900 UTC,16:00,"28,80"
07/02/2024,06/02/2024,2000 UTC,17:00,"27,70"
07/02/2024,06/02/2024,2100 UTC,18:00,"27,10"
07/02/2024,06/02/2024,2200 UTC,19:00,"24,90"
07/02/2024,06/02/2024,2300 UTC,20:00,"23,50"
08/02/2024,07/02/2024,0000 UTC,21:00,"22,70"
08/02/2024,07/02/2024,0100 UTC,22:00,"22,10"
08/02/2024,07/02/2024,0200 UTC,23:00,"22,10"
08/02/2024,07/02/2024,0300 UTC,00:00,"21,30"
08/02/2024,07/02/2024,0400 UTC,01:00,"21,30"
08/02/2024,07/02/2024,0500 UTC,02:00,"21,10"
08/02/2024,07/02/2024,0600 UTC,03:00,"20,70"
08/02/2024,07/02/2024,0700 UTC,04:00,"20,30"
08/02/2024,07/02/2024,0800 UTC,05:00,"20,10"
08/02/2024,07/02/2024,0900 UTC,06:00,"19,00"
08/02/2024,07/02/2024,1000 UTC,07:00,"20,90"
08/02/2024,07/02/2024,1100 UTC,08:00,"22,80"
08/02/2024,07/02/2024,1200 UTC,09:00,"25,00"
08/02/2024,07/02/2024,1300 UTC,10:00,"26,40"
08/02/2024,07/02/2024,1400 UTC,11:00,"28,40"
08/02/2024,07/02/2024,1500 UTC,12:00,"29,80"
08/02/2024,07/02/2024,1600 UTC,13:00,"31,00"
08/02/2024,07/02/2024,1700 UTC,14:00,"30,80"
08/02/2024,07/02/2024,1800 UTC,15:00,"29,70"
08/02/2024,07/02/2024,1900 UTC,16:00,"30,90"
08/02/2024,07/02/2024,2000 UTC,17:00,"29,80"
08/02/2024,07/02/2024,2100 UTC,18:00,"27,90"
08/02/2024,07/02/2024,2200 UTC,19:00,"25,20"
08/02/2024,07/02/2024,2300 UTC,20:00,"23,70"
09/02/2024,08/02/2024,0000 UTC,21:00,"22,70"
09/02/2024,08/02/2024,0100 UTC,22:00,"22,40"
09/02/2024,08/02/2024,0200 UTC,23:00,"21,40"
09/02/2024,08/02/2024,0300 UTC,00:00,"20,70"
09/02/2024,08/02/2024,0400 UTC,01:00,"21,00"
09/02/2024,08/02/2024,0500 UTC,02:00,"20,50"
09/02/2024,08/02/2024,0600 UTC,03:00,"20,20"
09/02/2024,08/02/2024,0700 UTC,04:00,"19,80"
09/02/2024,08/02/2024,0800 UTC,05:00,"19,50"
09/02/2024,08/02/2024,0900 UTC,06:00,"19,30"
09/02/2024,08/02/2024,1000 UTC,07:00,"20,50"
09/02/2024,08/02/2024,1100 UTC,08:00,"23,00"
09/02/2024,08/02/2024,1200 UTC,09:00,"25,10"
09/02/2024,08/02/2024,1300 UTC,10:00,"27,60"
09/02/2024,08/02/2024,1400 UTC,11:00,"29,30"
09/02/2024,08/02/2024,1500 UTC,12:00,"30,00"
09/02/2024,08/02/2024,1600 UTC,13:00,"31,40"
09/02/2024,08/02/2024,1700 UTC,14:00,"32,00"
09/02/2024,08/02/2024,1800 UTC,15:00,"29,80"
09/02/2024,08/02/2024,1900 UTC,16:00,"29,20"
09/02/2024,08/02/2024,2000 UTC,17:00,"27,30"
09/02/2024,08/02/2024,2100 UTC,18:00,"25,40"
09/02/2024,08/02/2024,2200 UTC,19:00,"24,10"
09/02/2024,08/02/2024,2300 UTC,20:00,"23,30"
10/02/2024,09/02/2024,0000 UTC,21:00,"22,60"
10/02/2024,09/02/2024,0100 UTC,22:00,"21,80"
10/02/2024,09/02/2024,0200 UTC,23:00,"21,90"
10/02/2024,09/02/2024,0300 UTC,00:00,"21,50"
10/02/2024,09/02/2024,0400 UTC,01:00,"21,10"
10/02/2024,09/02/2024,0500 UTC,02:00,"20,40"
10/02/2024,09/02/2024,0600 UTC,03:00,"20,80"
10/02/2024,09/02/2024,0700 UTC,04:00,"20,90"
10/02/2024,09/02/2024,0800 UTC,05:00,"20,90"
10/02/2024,09/02/2024,0900 UTC,06:00,"21,10"
10/02/2024,09/02/2024,1000 UTC,07:00,"22,10"
10/02/2024,09/02/2024,1100 UTC,08:00,"23,50"
10/02/2024,09/02/2024,1200 UTC,09:00,"25,50"
10/02/2024,09/02/2024,1300 UTC,10:00,"27,00"
10/02/2024,09/02/2024,1400 UTC,11:00,"29,60"
10/02/2024,09/02/2024,1500 UTC,12:00,"29,00"
10/02/2024,09/02/2024,1600 UTC,13:00,"30,20"
10/02/2024,09/02/2024,1700 UTC,14:00,"30,30"
10/02/2024,09/02/2024,1800 UTC,15:00,"28,50"
10/02/2024,09/02/2024,1900 UTC,16:00,"29,20"
10/02/2024,09/02/2024,2000 UTC,17:00,"28,00"
10/02/2024,09/02/2024,2100 UTC,18:00,"26,40"
10/02/2024,09/02/2024,2200 UTC,19:00,"25,00"
10/02/2024,09/02/2024,2300 UTC,20:00,"23,90"
11/02/2024,10/02/2024,0000 UTC,21:00,"23,10"
11/02/2024,10/02/2024,0100 UTC,22:00,"22,00"
11/02/2024,10/02/2024,0200 UTC,23:00,"21,00"
11/02/2024,10/02/2024,0300 UTC,00:00,"20,90"
11/02/2024,10/02/2024,0400 UTC,01:00,"19,60"
11/02/2024,10/02/2024,0500 UTC,02:00,"19,70"
11/02/2024,10/02/2024,0600 UTC,03:00,"20,00"
11/02/2024,10/02/2024,0700 UTC,04:00,"20,00"
11/02/2024,10/02/2024,0800 UTC,05:00,"19,80"
11/02/2024,10/02/2024,0900 UTC,06:00,"19,70"
11/02/2024,10/02/2024,1000 UTC,07:00,"21,10"
11/02/2024,10/02/2024,1100 UTC,08:00,"23,20"
11/02/2024,10/02/2024,1200 UTC,09:00,"25,60"
11/02/2024,10/02/2024,1300 UTC,10:00,"27,40"
11/02/2024,10/02/2024,1400 UTC,11:00,"28,80"
11/02/2024,10/02/2024,1500 UTC,12:00,"30,30"
11/02/2024,10/02/2024,1600 UTC,13:00,"31,10"
11/02/2024,10/02/2024,1700 UTC,14:00,"32,20"
11/02/2024,10/02/2024,1800 UTC,15:00,"32,50"
11/02/2024,10/02/2024,1900 UTC,16:00,"30,90"
11/02/2024,10/02/2024,2000 UTC,17:00,"30,40"
11/02/2024,10/02/2024,2100 UTC,18:00,"27,50"
11/02/2024,10/02/2024,2200 UTC,19:00,"25,20"
11/02/2024,10/02/2024,2300 UTC,20:00,"23,90"
12/02/2024,11/02/2024,0000 UTC,21:00,"23,80"
12/02/2024,11/02/2024,0100 UTC,22:00,"23,20"
12/02/2024,11/02/2024,0200 UTC,23:00,"22,80"
12/02/2024,11/02/2024,0300 UTC,00:00,"22,40"
12/02/2024,11/02/2024,0400 UTC,01:00,"22,20"
12/02/2024,11/02/2024,0500 UTC,02:00,"21,50"
12/02/2024,11/02/2024,0600 UTC,03:00,"21,70"
12/02/2024,11/02/2024,0700 UTC,04:00,"21,70"
12/02/2024,11/02/2024,0800 UTC,05:00,"21,30"
12/02/2024,11/02/2024,0900 UTC,06:00,"21,90"
12/02/2024,11/02/2024,1000 UTC,07:00,"21,60"
12/02/2024,11/02/2024,1100 UTC,08:00,"21,60"
12/02/2024,11/02/2024,1200 UTC,09:00,"24,60"
12/02/2024,11/02/2024,1300 UTC,10:00,"26,10"
12/02/2024,11/02/2024,1400 UTC,11:00,"28,00"
12/02/2024,11/02/2024,1500 UTC,12:00,"28,30"
12/02/2024,11/02/2024,1600 UTC,13:00,"29,40"
12/02/2024,11/02/2024,1700 UTC,14:00,"30,70"
12/02/2024,11/02/2024,1800 UTC,15:00,"30,80"
12/02/2024,11/02/2024,1900 UTC,16:00,"31,30"
12/02/2024,11/02/2024,2000 UTC,17:00,"31,30"
12/02/2024,11/02/2024,2100 UTC,18:00,"30,70"
12/02/2024,11/02/2024,2200 UTC,19:00,"28,80"
12/02/2024,11/02/2024,2300 UTC,20:00,"27,30"
13/02/2024,12/02/2024,0000 UTC,21:00,"25,60"
13/02/2024,12/02/2024,0100 UTC,22:00,"25,40"
13/02/2024,12/02/2024,0200 UTC,23:00,"25,10"
13/02/2024,12/02/2024,0300 UTC,00:00,"25,00"
13/02/2024,12/02/2024,0400 UTC,01:00,"24,00"
13/02/2024,12/02/2024,0500 UTC,02:00,"24,10"
13/02/2024,12/02/2024,0600 UTC,03:00,"23,40"
13/02/2024,12/02/2024,0700 UTC,04:00,"23,00"
13/02/2024,12/02/2024,0800 UTC,05:00,"22,80"
13/02/2024,12/02/2024,0900 UTC,06:00,"22,50"
13/02/2024,12/02/2024,1000 UTC,07:00,"23,20"
13/02/2024,12/02/2024,1100 UTC,08:00,"24,10"
13/02/2024,12/02/2024,1200 UTC,09:00,"27,00"
13/02/2024,12/02/2024,1300 UTC,10:00,"29,10"
13/02/2024,12/02/2024,1400 UTC,11:00,"30,30"
13/02/2024,12/02/2024,1500 UTC,12:00,"30,70"
13/02/2024,12/02/2024,1600 UTC,13:00,"32,30"
13/02/2024,12/02/2024,1700 UTC,14:00,"33,10"
13/02/2024,12/02/2024,1800 UTC,15:00,"34,10"
13/02/2024,12/02/2024,1900 UTC,16:00,"33,40"
13/02/2024,12/02/2024,2000 UTC,17:00,"33,10"
13/02/2024,12/02/2024,2100 UTC,18:00,"31,00"
13/02/2024,12/02/2024,2200 UTC,19:00,"29,40"
13/02/2024,12/02/2024,2300 UTC,20:00,"24,90"
14/02/2024,13/02/2024,0000 UTC,21:00,"23,10"
14/02/2024,13/02/2024,0100 UTC,22:00,"23,10"
14/02/2024,13/02/2024,0200 UTC,23:00,"23,20"
14/02/2024,13/02/2024,0300 UTC,00:00,"23,20"
14/02/2024,13/02/2024,0400 UTC,01:00,"21,90"
14/02/2024,13/02/2024,0500 UTC,02:00,"21,60"
14/02/2024,13/02/2024,0600 UTC,03:00,"21,20"
14/02/2024,13/02/2024,0700 UTC,04:00,"21,30"
14/02/2024,13/02/2024,0800 UTC,05:00,"20,40"
14/02/2024,13/02/2024,0900 UTC,06:00,"20,50"
14/02/2024,13/02/2024,1000 UTC,07:00,"20,60"
14/02/2024,13/02/2024,1100 UTC,08:00,"21,00"
14/02/2024,13/02/2024,1200 UTC,09:00,"22,30"
14/02/2024,13/02/2024,1300 UTC,10:00,"23,10"
14/02/2024,13/02/2024,1400 UTC,11:00,"23,40"
14/02/2024,13/02/2024,1500 UTC,12:00,"24,00"
14/02/2024,13/02/2024,1600 UTC,13:00,"23,90"
14/02/2024,13/02/2024,1700 UTC,14:00,"23,50"
14/02/2024,13/02/2024,1800 UTC,15:00,"23,80"
14/02/2024,13/02/2024,1900 UTC,16:00,"23,60"
14/02/2024,13/02/2024,2000 UTC,17:00,"23,00"
14/02/2024,13/02/2024,2100 UTC,18:00,"21,60"
14/02/2024,13/02/2024,2200 UTC,19:00,"20,40"
14/02/2024,13/02/2024,2300 UTC,20:00,"19,70"
15/02/2024,14/02/2024,0000 UTC,21:00,"19,90"
15/02/2024,14/02/2024,0100 UTC,22:00,"20,20"
15/02/2024,14/02/2024,0200 UTC,23:00,"20,00"
15/02/2024,14/02/2024,0300 UTC,00:00,"19,80"
15/02/2024,14/02/2024,0400 UTC,01:00,"18,90"
15/02/2024,14/02/2024,0500 UTC,02:00,"18,70"
15/02/2024,14/02/2024,0600 UTC,03:00,"18,70"
15/02/2024,14/02/2024,0700 UTC,04:00,"18,80"
15/02/2024,14/02/2024,0800 UTC,05:00,"18,70"
15/02/2024,14/02/2024,0900 UTC,06:00,"18,60"
15/02/2024,14/02/2024,1000 UTC,07:00,"18,60"
15/02/2024,14/02/2024,1100 UTC,08:00,"18,90"
15/02/2024,14/02/2024,1200 UTC,09:00,"19,30"
15/02/2024,14/02/2024,1300 UTC,10:00,"20,10"
15/02/2024,14/02/2024,1400 UTC,11:00,"20,10"
15/02/2024,14/02/2024,1500 UTC,12:00,"20,30"
15/02/2024,14/02/2024,1600 UTC,13:00,"20,60"
15/02/2024,14/02/2024,1700 UTC,14:00,"19,40"
15/02/2024,14/02/2024,1800 UTC,15:00,"20,20"
15/02/2024,14/02/2024,1900 UTC,16:00,"19,70"
15/02/2024,14/02/2024,2000 UTC,17:00,"18,80"
15/02/2024,14/02/2024,2100 UTC,18:00,"18,70"
15/02/2024,14/02/2024,2200 UTC,19:00,"18,40"
15/02/2024,14/02/2024,2300 UTC,20:00,"18,00"
16/02/2024,15/02/2024,0000 UTC,21:00,"18,10"
16/02/2024,15/02/2024,0100 UTC,22:00,"18,10"
16/02/2024,15/02/2024,0200 UTC,23:00,"17,80"
16/02/2024,15/02/2024,0300 UTC,00:00,"17,80"
16/02/2024,15/02/2024,0400 UTC,01:00,"18,00"
16/02/2024,15/02/2024,0500 UTC,02:00,"17,90"
16/02/2024,15/02/2024,0600 UTC,03:00,"17,60"
16/02/2024,15/02/2024,0700 UTC,04:00,"17,90"
16/02/2024,15/02/2024,0800 UTC,05:00,"17,80"
16/02/2024,15/02/2024,0900 UTC,06:00,"17,70"
16/02/2024,15/02/2024,1000 UTC,07:00,"18,30"
16/02/2024,15/02/2024,1100 UTC,08:00,"19,30"
16/02/2024,15/02/2024,1200 UTC,09:00,"20,40"
16/02/2024,15/02/2024,1300 UTC,10:00,"22,40"
16/02/2024,15/02/2024,1400 UTC,11:00,"24,50"
16/02/2024,15/02/2024,1500 UTC,12:00,"25,50"
16/02/2024,15/02/2024,1600 UTC,13:00,"24,90"
16/02/2024,15/02/2024,1700 UTC,14:00,"24,50"
16/02/2024,15/02/2024,1800 UTC,15:00,"23,00"
16/02/2024,15/02/2024,1900 UTC,16:00,"22,80"
16/02/2024,15/02/2024,2000 UTC,17:00,"22,30"
16/02/2024,15/02/2024,2100 UTC,18:00,"21,20"
16/02/2024,15/02/2024,2200 UTC,19:00,"20,30"
16/02/2024,15/02/2024,2300 UTC,20:00,"19,90"
17/02/2024,16/02/2024,0000 UTC,21:00,"20,10"
17/02/2024,16/02/2024,0100 UTC,22:00,"19,60"
17/02/2024,16/02/2024,0200 UTC,23:00,"18,90"
17/02/2024,16/02/2024,0300 UTC,00:00,"18,20"
17/02/2024,16/02/2024,0400 UTC,01:00,"17,80"
17/02/2024,16/02/2024,0500 UTC,02:00,"18,10"
17/02/2024,16/02/2024,0600 UTC,03:00,"18,50"
17/02/2024,16/02/2024,0700 UTC,04:00,"18,70"
17/02/2024,16/02/2024,0800 UTC,05:00,"18,70"
17/02/2024,16/02/2024,0900 UTC,06:00,"18,80"
17/02/2024,16/02/2024,1000 UTC,07:00,"18,90"
17/02/2024,16/02/2024,1100 UTC,08:00,"19,50"
17/02/2024,16/02/2024,1200 UTC,09:00,"20,50"
17/02/2024,16/02/2024,1300 UTC,10:00,"22,30"
17/02/2024,16/02/2024,1400 UTC,11:00,"23,90"
17/02/2024,16/02/2024,1500 UTC,12:00,"25,70"
17/02/2024,16/02/2024,1600 UTC,13:00,"26,10"
17/02/2024,16/02/2024,1700 UTC,14:00,"26,20"
17/02/2024,16/02/2024,1800 UTC,15:00,"24,60"
17/02/2024,16/02/2024,1900 UTC,16:00,"23,50"
17/02/2024,16/02/2024,2000 UTC,17:00,"22,80"
17/02/2024,16/02/2024,2100 UTC,18:00,"21,70"
17/02/2024,16/02/2024,2200 UTC,19:00,"21,60"
17/02/2024,16/02/2024,2300 UTC,20:00,"20,90"
18/02/2024,17/02/2024,0000 UTC,21:00,"21,10"
18/02/2024,17/02/2024,0100 UTC,22:00,"21,00"
18/02/2024,17/02/2024,0200 UTC,23:00,"20,50"
18/02/2024,17/02/2024,0300 UTC,00:00,"19,80"
18/02/2024,17/02/2024,0400 UTC,01:00,"19,40"
18/02/2024,17/02/2024,0500 UTC,02:00,"18,90"
18/02/2024,17/02/2024,0600 UTC,03:00,"19,30"
18/02/2024,17/02/2024,0700 UTC,04:00,"19,50"
18/02/2024,17/02/2024,0800 UTC,05:00,"19,50"
18/02/2024,17/02/2024,0900 UTC,06:00,"19,60"
18/02/2024,17/02/2024,1000 UTC,07:00,"20,00"
18/02/2024,17/02/2024,1100 UTC,08:00,"20,70"
18/02/2024,17/02/2024,1200 UTC,09:00,"22,00"
18/02/2024,17/02/2024,1300 UTC,10:00,"23,70"
18/02/2024,17/02/2024,1400 UTC,11:00,"24,00"
18/02/2024,17/02/2024,1500 UTC,12:00,"26,70"
18/02/2024,17/02/2024,1600 UTC,13:00,"27,50"
18/02/2024,17/02/2024,1700 UTC,14:00,"22,60"
18/02/2024,17/02/2024,1800 UTC,15:00,"20,70"
18/02/2024,17/02/2024,1900 UTC,16:00,"22,80"
18/02/2024,17/02/2024,2000 UTC,17:00,"21,70"
18/02/2024,17/02/2024,2100 UTC,18:00,"21,60"
18/02/2024,17/02/2024,2200 UTC,19:00,"20,30"
18/02/2024,17/02/2024,2300 UTC,20:00,"20,10"
19/02/2024,18/02/2024,0000 UTC,21:00,"19,90"
19/02/2024,18/02/2024,0100 UTC,22:00,"19,90"
19/02/2024,18/02/2024,0200 UTC,23:00,"20,00"
19/02/2024,18/02/2024,0300 UTC,00:00,"20,00"
19/02/2024,18/02/2024,0400 UTC,01:00,"20,10"
19/02/2024,18/02/2024,0500 UTC,02:00,"20,00"
19/02/2024,18/02/2024,0600 UTC,03:00,"19,70"
19/02/2024,18/02/2024,0700 UTC,04:00,"19,70"
19/02/2024,18/02/2024,0800 UTC,05:00,"19,60"
19/02/2024,18/02/2024,0900 UTC,06:00,"19,60"
19/02/2024,18/02/2024,1000 UTC,07:00,"19,60"
19/02/2024,18/02/2024,1100 UTC,08:00,"20,40"
19/02/2024,18/02/2024,1200 UTC,09:00,"22,10"
19/02/2024,18/02/2024,1300 UTC,10:00,"23,80"
19/02/2024,18/02/2024,1400 UTC,11:00,"25,00"
19/02/2024,18/02/2024,1500 UTC,12:00,"27,80"
19/02/2024,18/02/2024,1600 UTC,13:00,"27,60"
19/02/2024,18/02/2024,1700 UTC,14:00,"29,00"
19/02/2024,18/02/2024,1800 UTC,15:00,"27,80"
19/02/2024,18/02/2024,1900 UTC,16:00,"27,90"
19/02/2024,18/02/2024,2000 UTC,17:00,"25,90"
19/02/2024,18/02/2024,2100 UTC,18:00,"25,60"
19/02/2024,18/02/2024,2200 UTC,19:00,"23,60"
19/02/2024,18/02/2024,2300 UTC,20:00,"22,10"
20/02/2024,19/02/2024,0000 UTC,21:00,"22,00"
20/02/2024,19/02/2024,0100 UTC,22:00,"21,70"
20/02/2024,19/02/2024,0200 UTC,23:00,"21,80"
20/02/2024,19/02/2024,0300 UTC,00:00,"21,10"
20/02/2024,19/02/2024,0400 UTC,01:00,"20,90"
20/02/2024,19/02/2024,0500 UTC,02:00,"20,40"
20/02/2024,19/02/2024,0600 UTC,03:00,"20,10"
20/02/2024,19/02/2024,0700 UTC,04:00,"19,90"
20/02/2024,19/02/2024,0800 UTC,05:00,"19,80"
20/02/2024,19/02/2024,0900 UTC,06:00,"19,80"
20/02/2024,19/02/2024,1000 UTC,07:00,"19,00"
20/02/2024,19/02/2024,1100 UTC,08:00,"18,70"
20/02/2024,19/02/2024,1200 UTC,09:00,"20,00"
20/02/2024,19/02/2024,1300 UTC,10:00,"20,80"
20/02/2024,19/02/2024,1400 UTC,11:00,"21,30"
20/02/2024,19/02/2024,1500 UTC,12:00,"22,40"
20/02/2024,19/02/2024,1600 UTC,13:00,"22,90"
20/02/2024,19/02/2024,1700 UTC,14:00,"23,30"
20/02/2024,19/02/2024,1800 UTC,15:00,"23,20"
20/02/2024,19/02/2024,1900 UTC,16:00,"23,20"
20/02/2024,19/02/2024,2000 UTC,17:00,"22,70"
20/02/2024,19/02/2024,2100 UTC,18:00,"21,30"
20/02/2024,19/02/2024,2200 UTC,19:00,"20,00"
20/02/2024,19/02/2024,2300 UTC,20:00,"19,60"
21/02/2024,20/02/2024,0000 UTC,21:00,"19,50"
21/02/2024,20/02/2024,0100 UTC,22:00,"19,40"
21/02/2024,20/02/2024,0200 UTC,23:00,"18,80"
21/02/2024,20/02/2024,0300 UTC,00:00,"18,70"
21/02/2024,20/02/2024,0400 UTC,01:00,"18,90"
21/02/2024,20/02/2024,0500 UTC,02:00,"19,00"
21/02/2024,20/02/2024,0600 UTC,03:00,"19,00"
21/02/2024,20/02/2024,0700 UTC,04:00,"19,20"
21/02/2024,20/02/2024,0800 UTC,05:00,"19,30"
21/02/2024,20/02/2024,0900 UTC,06:00,"19,40"
21/02/2024,20/02/2024,1000 UTC,07:00,"19,70"
21/02/2024,20/02/2024,1100 UTC,08:00,"20,20"
21/02/2024,20/02/2024,1200 UTC,09:00,"21,60"
21/02/2024,20/02/2024,1300 UTC,10:00,"23,40"
21/02/2024,20/02/2024,1400 UTC,11:00,"23,40"
21/02/2024,20/02/2024,1500 UTC,12:00,"20,50"
21/02/2024,20/02/2024,1600 UTC,13:00,"20,60"
21/02/2024,20/02/2024,1700 UTC,14:00,"21,40"
21/02/2024,20/02/2024,1800 UTC,15:00,"20,60"
21/02/2024,20/02/2024,1900 UTC,16:00,"20,20"
21/02/2024,20/02/2024,2000 UTC,17:00,"20,60"
21/02/2024,20/02/2024,2100 UTC,18:00,"20,70"
21/02/2024,20/02/2024,2200 UTC,19:00,"20,00"
21/02/2024,20/02/2024,2300 UTC,20:00,"19,60"
22/02/2024,21/02/2024,0000 UTC,21:00,"19,70"
22/02/2024,21/02/2024,0100 UTC,22:00,"20,00"
22/02/2024,21/02/2024,0200 UTC,23:00,"20,20"
22/02/2024,21/02/2024,0300 UTC,00:00,"20,00"
22/02/2024,21/02/2024,0400 UTC,01:00,"19,70"
22/02/2024,21/02/2024,0500 UTC,02:00,"19,60"
22/02/2024,21/02/2024,0600 UTC,03:00,"19,10"
22/02/2024,21/02/2024,0700 UTC,04:00,"19,40"
22/02/2024,21/02/2024,0800 UTC,05:00,"19,30"
22/02/2024,21/02/2024,0900 UTC,06:00,"19,20"
22/02/2024,21/02/2024,1000 UTC,07:00,"19,70"
22/02/2024,21/02/2024,1100 UTC,08:00,"21,10"
22/02/2024,21/02/2024,1200 UTC,09:00,"22,00"
22/02/2024,21/02/2024,1300 UTC,10:00,"23,20"
22/02/2024,21/02/2024,1400 UTC,11:00,"24,70"
22/02/2024,21/02/2024,1500 UTC,12:00,"26,00"
22/02/2024,21/02/2024,1600 UTC,13:00,"27,10"
22/02/2024,21/02/2024,1700 UTC,14:00,"29,00"
22/02/2024,21/02/2024,1800 UTC,15:00,"26,70"
22/02/2024,21/02/2024,1900 UTC,16:00,"26,10"
22/02/2024,21/02/2024,2000 UTC,17:00,"23,90"
22/02/2024,21/02/2024,2100 UTC,18:00,"23,40"
22/02/2024,21/02/2024,2200 UTC,19:00,"22,50"
22/02/2024,21/02/2024,2300 UTC,20:00,"22,00"
23/02/2024,22/02/2024,0000 UTC,21:00,"21,80"
23/02/2024,22/02/2024,0100 UTC,22:00,"22,40"
23/02/2024,22/02/2024,0200 UTC,23:00,"21,80"
23/02/2024,22/02/2024,0300 UTC,00:00,"21,50"
23/02/2024,22/02/2024,0400 UTC,01:00,"21,20"
23/02/2024,22/02/2024,0500 UTC,02:00,"20,70"
23/02/2024,22/02/2024,0600 UTC,03:00,"19,90"
23/02/2024,22/02/2024,0700 UTC,04:00,"20,10"
23/02/2024,22/02/2024,0800 UTC,05:00,"20,40"
23/02/2024,22/02/2024,0900 UTC,06:00,"19,00"
23/02/2024,22/02/2024,1000 UTC,07:00,"20,60"
23/02/2024,22/02/2024,1100 UTC,08:00,"23,50"
23/02/2024,22/02/2024,1200 UTC,09:00,"25,30"
23/02/2024,22/02/2024,1300 UTC,10:00,"27,00"
23/02/2024,22/02/2024,1400 UTC,11:00,"28,60"
23/02/2024,22/02/2024,1500 UTC,12:00,"29,80"
23/02/2024,22/02/2024,1600 UTC,13:00,"30,90"
23/02/2024,22/02/2024,1700 UTC,14:00,"31,70"
23/02/2024,22/02/2024,1800 UTC,15:00,"31,20"
23/02/2024,22/02/2024,1900 UTC,16:00,"28,60"
23/02/2024,22/02/2024,2000 UTC,17:00,"23,70"
23/02/2024,22/02/2024,2100 UTC,18:00,"26,10"
23/02/2024,22/02/2024,2200 UTC,19:00,"23,50"
23/02/2024,22/02/2024,2300 UTC,20:00,"22,60"
24/02/2024,23/02/2024,0000 UTC,21:00,"22,80"
24/02/2024,23/02/2024,0100 UTC,22:00,"21,80"
24/02/2024,23/02/2024,0200 UTC,23:00,"22,00"
24/02/2024,23/02/2024,0300 UTC,00:00,"22,00"
24/02/2024,23/02/2024,0400 UTC,01:00,"22,20"
24/02/2024,23/02/2024,0500 UTC,02:00,"21,40"
24/02/2024,23/02/2024,0600 UTC,03:00,"21,40"
24/02/2024,23/02/2024,0700 UTC,04:00,"20,60"
24/02/2024,23/02/2024,0800 UTC,05:00,"20,50"
24/02/2024,23/02/2024,0900 UTC,06:00,"20,40"
24/02/2024,23/02/2024,1000 UTC,07:00,"21,50"
24/02/2024,23/02/2024,1100 UTC,08:00,"23,70"
24/02/2024,23/02/2024,1200 UTC,09:00,"25,50"
24/02/2024,23/02/2024,1300 UTC,10:00,"27,00"
24/02/2024,23/02/2024,1400 UTC,11:00,"28,00"
24/02/2024,23/02/2024,1500 UTC,12:00,"29,30"
24/02/2024,23/02/2024,1600 UTC,13:00,"29,90"
24/02/2024,23/02/2024,1700 UTC,14:00,"29,90"
24/02/2024,23/02/2024,1800 UTC,15:00,"23,70"
24/02/2024,23/02/2024,1900 UTC,16:00,"23,10"
24/02/2024,23/02/2024,2000 UTC,17:00,"22,40"
24/02/2024,23/02/2024,2100 UTC,18:00,"22,00"
24/02/2024,23/02/2024,2200 UTC,19:00,"21,60"
24/02/2024,23/02/2024,2300 UTC,20:00,"21,20"
25/02/2024,24/02/2024,0000 UTC,21:00,"21,40"
25/02/2024,24/02/2024,0100 UTC,22:00,"21,40"
25/02/2024,24/02/2024,0200 UTC,23:00,"21,80"
25/02/2024,24/02/2024,0300 UTC,00:00,"21,20"
25/02/2024,24/02/2024,0400 UTC,01:00,"20,40"
25/02/2024,24/02/2024,0500 UTC,02:00,"20,60"
25/02/2024,24/02/2024,0600 UTC,03:00,"20,30"
25/02/2024,24/02/2024,0700 UTC,04:00,"20,40"
25/02/2024,24/02/2024,0800 UTC,05:00,"20,60"
25/02/2024,24/02/2024,0900 UTC,06:00,"19,70"
25/02/2024,24/02/2024,1000 UTC,07:00,"20,70"
25/02/2024,24/02/2024,1100 UTC,08:00,"21,80"
25/02/2024,24/02/2024,1200 UTC,09:00,"23,50"
25/02/2024,24/02/2024,1300 UTC,10:00,"25,30"
25/02/2024,24/02/2024,1400 UTC,11:00,"26,90"
25/02/2024,24/02/2024,1500 UTC,12:00,"27,30"
25/02/2024,24/02/2024,1600 UTC,13:00,"27,50"
25/02/2024,24/02/2024,1700 UTC,14:00,"27,50"
25/02/2024,24/02/2024,1800 UTC,15:00,"26,20"
25/02/2024,24/02/2024,1900 UTC,16:00,"26,20"
25/02/2024,24/02/2024,2000 UTC,17:00,"25,70"
25/02/2024,24/02/2024,2100 UTC,18:00,"24,60"
25/02/2024,24/02/2024,2200 UTC,19:00,"23,60"
25/02/2024,24/02/2024,2300 UTC,20:00,"23,40"
26/02/2024,25/02/2024,0000 UTC,21:00,"23,10"
26/02/2024,25/02/2024,0100 UTC,22:00,"23,10"
26/02/2024,25/02/2024,0200 UTC,23:00,"23,10"
26/02/2024,25/02/2024,0300 UTC,00:00,"22,70"
26/02/2024,25/02/2024,0400 UTC,01:00,"22,60"
26/02/2024,25/02/2024,0500 UTC,02:00,"22,30"
26/02/2024,25/02/2024,0600 UTC,03:00,"21,80"
26/02/2024,25/02/2024,0700 UTC,04:00,"21,60"
26/02/2024,25/02/2024,0800 UTC,05:00,"21,40"
26/02/2024,25/02/2024,0900 UTC,06:00,"21,40"
26/02/2024,25/02/2024,1000 UTC,07:00,"21,70"
26/02/2024,25/02/2024,1100 UTC,08:00,"22,50"
26/02/2024,25/02/2024,1200 UTC,09:00,"24,10"
26/02/2024,25/02/2024,1300 UTC,10:00,"25,00"
26/02/2024,25/02/2024,1400 UTC,11:00,"25,60"
26/02/2024,25/02/2024,1500 UTC,12:00,"26,10"
26/02/2024,25/02/2024,1600 UTC,13:00,"26,90"
26/02/2024,25/02/2024,1700 UTC,14:00,"26,10"
26/02/2024,25/02/2024,1800 UTC,15:00,"27,10"
26/02/2024,25/02/2024,1900 UTC,16:00,"24,20"
26/02/2024,25/02/2024,2000 UTC,17:00,"23,60"
26/02/2024,25/02/2024,2100 UTC,18:00,"23,30"
26/02/2024,25/02/2024,2200 UTC,19:00,"22,60"
26/02/2024,25/02/2024,2300 UTC,20:00,"22,40"
27/02/2024,26/02/2024,0000 UTC,21:00,"22,20"
27/02/2024,26/02/2024,0100 UTC,22:00,"22,20"
27/02/2024,26/02/2024,0200 UTC,23:00,"22,00"
27/02/2024,26/02/2024,0300 UTC,00:00,"21,80"
27/02/2024,26/02/2024,0400 UTC,01:00,"21,70"
27/02/2024,26/02/2024,0500 UTC,02:00,"21,60"
27/02/2024,26/02/2024,0600 UTC,03:00,"21,10"
27/02/2024,26/02/2024,0700 UTC,04:00,"20,90"
27/02/2024,26/02/2024,0800 UTC,05:00,"20,80"
27/02/2024,26/02/2024,0900 UTC,06:00,"20,70"
27/02/2024,26/02/2024,1000 UTC,07:00,"20,90"
27/02/2024,26/02/2024,1100 UTC,08:00,"22,60"
27/02/2024,26/02/2024,1200 UTC,09:00,"24,50"
27/02/2024,26/02/2024,1300 UTC,10:00,"26,40"
27/02/2024,26/02/2024,1400 UTC,11:00,"28,20"
27/02/2024,26/02/2024,1500 UTC,12:00,"30,00"
27/02/2024,26/02/2024,1600 UTC,13:00,"29,90"
27/02/2024,26/02/2024,1700 UTC,14:00,"30,90"
27/02/2024,26/02/2024,1800 UTC,15:00,"30,90"
27/02/2024,26/02/2024,1900 UTC,16:00,"30,50"
27/02/2024,26/02/2024,2000 UTC,17:00,"30,20"
27/02/2024,26/02/2024,2100 UTC,18:00,"30,10"
27/02/2024,26/02/2024,2200 UTC,19:00,"28,90"
27/02/2024,26/02/2024,2300 UTC,20:00,"26,40"
28/02/2024,27/02/2024,0000 UTC,21:00,"25,20"
28/02/2024,27/02/2024,0100 UTC,22:00,"24,80"
28/02/2024,27/02/2024,0200 UTC,23:00,"23,50"
28/02/2024,27/02/2024,0300 UTC,00:00,"23,70"
28/02/2024,27/02/2024,0400 UTC,01:00,"23,10"
28/02/2024,27/02/2024,0500 UTC,02:00,"23,00"
28/02/2024,27/02/2024,0600 UTC,03:00,"23,00"
28/02/2024,27/02/2024,0700 UTC,04:00,"22,60"
28/02/2024,27/02/2024,0800 UTC,05:00,"22,30"
28/02/2024,27/02/2024,0900 UTC,06:00,"21,90"
28/02/2024,27/02/2024,1000 UTC,07:00,"22,10"
28/02/2024,27/02/2024,1100 UTC,08:00,"23,90"
28/02/2024,27/02/2024,1200 UTC,09:00,"27,70"
28/02/2024,27/02/2024,1300 UTC,10:00,"28,60"
28/02/2024,27/02/2024,1400 UTC,11:00,"29,20"
28/02/2024,27/02/2024,1500 UTC,12:00,"30,70"
28/02/2024,27/02/2024,1600 UTC,13:00,"32,50"
28/02/2024,27/02/2024,1700 UTC,14:00,"33,10"
28/02/2024,27/02/2024,1800 UTC,15:00,"31,70"
28/02/2024,27/02/2024,1900 UTC,16:00,"29,30"
28/02/2024,27/02/2024,2000 UTC,17:00,"27,70"
28/02/2024,27/02/2024,2100 UTC,18:00,"26,60"
28/02/2024,27/02/2024,2200 UTC,19:00,"24,80"
28/02/2024,27/02/2024,2300 UTC,20:00,"24,00"
29/02/2024,28/02/2024,0000 UTC,21:00,"23,20"
29/02/2024,28/02/2024,0100 UTC,22:00,"22,70"
29/02/2024,28/02/2024,0200 UTC,23:00,"22,60"
29/02/2024,28/02/2024,0300 UTC,00:00,"23,00"
29/02/2024,28/02/2024,0400 UTC,01:00,"23,00"
29/02/2024,28/02/2024,0500 UTC,02:00,"22,90"
29/02/2024,28/02/2024,0600 UTC,03:00,"22,70"
29/02/2024,28/02/2024,0700 UTC,04:00,"22,30"
29/02/2024,28/02/2024,0800 UTC,05:00,"22,10"
29/02/2024,28/02/2024,0900 UTC,06:00,"22,40"
29/02/2024,28/02/2024,1000 UTC,07:00,"22,40"
29/02/2024,28/02/2024,1100 UTC,08:00,"23,00"
29/02/2024,28/02/2024,1200 UTC,09:00,"23,70"
29/02/2024,28/02/2024,1300 UTC,10:00,"26,10"
29/02/2024,28/02/2024,1400 UTC,11:00,"28,60"
29/02/2024,28/02/2024,1500 UTC,12:00,"29,80"
29/02/2024,28/02/2024,1600 UTC,13:00,"30,40"
29/02/2024,28/02/2024,1700 UTC,14:00,"30,90"
29/02/2024,28/02/2024,1800 UTC,15:00,"31,00"
29/02/2024,28/02/2024,1900 UTC,16:00,"29,60"
29/02/2024,28/02/2024,2000 UTC,17:00,"27,60"
29/02/2024,28/02/2024,2100 UTC,18:00,"22,70"
29/02/2024,28/02/2024,2200 UTC,19:00,"23,50"
29/02/2024,28/02/2024,2300 UTC,20:00,"22,80"
01/03/2024,29/02/2024,0000 UTC,21:00,"22,80"
01/03/2024,29/02/2024,0100 UTC,22:00,"22,50"
01/03/2024,29/02/2024,0200 UTC,23:00,"21,90"
01/03/2024,29/02/2024,0300 UTC,00:00,"21,80"
01/03/2024,29/02/2024,0400 UTC,01:00,"21,70"
01/03/2024,29/02/2024,0500 UTC,02:00,"21,40"
01/03/2024,29/02/2024,0600 UTC,03:00,"21,20"
01/03/2024,29/02/2024,0700 UTC,04:00,"20,80"
01/03/2024,29/02/2024,0800 UTC,05:00,"20,10"
01/03/2024,29/02/2024,0900 UTC,06:00,"20,00"
01/03/2024,29/02/2024,1000 UTC,07:00,"20,00"
01/03/2024,29/02/2024,1100 UTC,08:00,"20,90"
01/03/2024,29/02/2024,1200 UTC,09:00,"22,30"
01/03/2024,29/02/2024,1300 UTC,10:00,"24,60"
01/03/2024,29/02/2024,1400 UTC,11:00,"26,70"
01/03/2024,29/02/2024,1500 UTC,12:00,"27,10"
01/03/2024,29/02/2024,1600 UTC,13:00,"27,50"
01/03/2024,29/02/2024,1700 UTC,14:00,"28,10"
01/03/2024,29/02/2024,1800 UTC,15:00,"27,40"
01/03/2024,29/02/2024,1900 UTC,16:00,"24,00"
01/03/2024,29/02/2024,2000 UTC,17:00,"23,00"
01/03/2024,29/02/2024,2100 UTC,18:00,"22,80"
01/03/2024,29/02/2024,2200 UTC,19:00,"22,00"
01/03/2024,29/02/2024,2300 UTC,20:00,"21,60"
02/03/2024,01/03/2024,0000 UTC,21:00,"20,70"
02/03/2024,01/03/2024,0100 UTC,22:00,"20,50"
02/03/2024,01/03/2024,0200 UTC,23:00,"20,70"
02/03/2024,01/03/2024,0300 UTC,00:00,"20,40"
02/03/2024,01/03/2024,0400 UTC,01:00,"20,20"
02/03/2024,01/03/2024,0500 UTC,02:00,"20,00"
02/03/2024,01/03/2024,0600 UTC,03:00,"20,30"
02/03/2024,01/03/2024,0700 UTC,04:00,"19,80"
02/03/2024,01/03/2024,0800 UTC,05:00,"19,30"
02/03/2024,01/03/2024,0900 UTC,06:00,"19,60"
02/03/2024,01/03/2024,1000 UTC,07:00,"20,20"
02/03/2024,01/03/2024,1100 UTC,08:00,"21,50"
02/03/2024,01/03/2024,1200 UTC,09:00,"21,70"
02/03/2024,01/03/2024,1300 UTC,10:00,"23,30"
02/03/2024,01/03/2024,1400 UTC,11:00,"24,10"
02/03/2024,01/03/2024,1500 UTC,12:00,"25,20"
02/03/2024,01/03/2024,1600 UTC,13:00,"25,80"
02/03/2024,01/03/2024,1700 UTC,14:00,"26,40"
02/03/2024,01/03/2024,1800 UTC,15:00,"26,50"
02/03/2024,01/03/2024,1900 UTC,16:00,"27,00"
02/03/2024,01/03/2024,2000 UTC,17:00,"25,90"
02/03/2024,01/03/2024,2100 UTC,18:00,"24,40"
02/03/2024,01/03/2024,2200 UTC,19:00,"21,70"
02/03/2024,01/03/2024,2300 UTC,20:00,"21,00"
03/03/2024,02/03/2024,0000 UTC,21:00,"20,10"
03/03/2024,02/03/2024,0100 UTC,22:00,"19,70"
03/03/2024,02/03/2024,0200 UTC,23:00,"19,00"
03/03/2024,02/03/2024,0300 UTC,00:00,"18,20"
03/03/2024,02/03/2024,0400 UTC,01:00,"17,30"
03/03/2024,02/03/2024,0500 UTC,02:00,"16,60"
03/03/2024,02/03/2024,0600 UTC,03:00,"16,20"
03/03/2024,02/03/2024,0700 UTC,04:00,"16,10"
03/03/2024,02/03/2024,0800 UTC,05:00,"15,40"
03/03/2024,02/03/2024,0900 UTC,06:00,"14,70"
03/03/2024,02/03/2024,1000 UTC,07:00,"15,30"
03/03/2024,02/03/2024,1100 UTC,08:00,"16,80"
03/03/2024,02/03/2024,1200 UTC,09:00,"18,80"
03/03/2024,02/03/2024,1300 UTC,10:00,"23,10"
03/03/2024,02/03/2024,1400 UTC,11:00,"25,50"
03/03/2024,02/03/2024,1500 UTC,12:00,"28,20"
03/03/2024,02/03/2024,1600 UTC,13:00,"30,00"
03/03/2024,02/03/2024,1700 UTC,14:00,"30,90"
03/03/2024,02/03/2024,1800 UTC,15:00,"31,20"
03/03/2024,02/03/2024,1900 UTC,16:00,"30,70"
03/03/2024,02/03/2024,2000 UTC,17:00,"28,50"
03/03/2024,02/03/2024,2100 UTC,18:00,"26,90"
03/03/2024,02/03/2024,2200 UTC,19:00,"24,20"
03/03/2024,02/03/2024,2300 UTC,20:00,"22,60"
04/03/2024,03/03/2024,0000 UTC,21:00,"22,20"
04/03/2024,03/03/2024,0100 UTC,22:00,"21,30"
04/03/2024,03/03/2024,0200 UTC,23:00,"20,90"
04/03/2024,03/03/2024,0300 UTC,00:00,"20,40"
04/03/2024,03/03/2024,0400 UTC,01:00,"19,70"
04/03/2024,03/03/2024,0500 UTC,02:00,"19,80"
04/03/2024,03/03/2024,0600 UTC,03:00,"20,00"
04/03/2024,03/03/2024,0700 UTC,04:00,"18,40"
04/03/2024,03/03/2024,0800 UTC,05:00,"18,60"
04/03/2024,03/03/2024,0900 UTC,06:00,"18,40"
04/03/2024,03/03/2024,1000 UTC,07:00,"19,90"
04/03/2024,03/03/2024,1100 UTC,08:00,"21,50"
04/03/2024,03/03/2024,1200 UTC,09:00,"23,20"
04/03/2024,03/03/2024,1300 UTC,10:00,"25,10"
04/03/2024,03/03/2024,1400 UTC,11:00,"27,30"
04/03/2024,03/03/2024,1500 UTC,12:00,"28,90"
04/03/2024,03/03/2024,1600 UTC,13:00,"29,60"
04/03/2024,03/03/2024,1700 UTC,14:00,"31,40"
04/03/2024,03/03/2024,1800 UTC,15:00,"31,50"
04/03/2024,03/03/2024,1900 UTC,16:00,"31,00"
04/03/2024,03/03/2024,2000 UTC,17:00,"27,80"
04/03/2024,03/03/2024,2100 UTC,18:00,"25,30"
04/03/2024,03/03/2024,2200 UTC,19:00,"23,40"
04/03/2024,03/03/2024,2300 UTC,20:00,"22,60"
05/03/2024,04/03/2024,0000 UTC,21:00,"22,30"
05/03/2024,04/03/2024,0100 UTC,22:00,"21,70"
05/03/2024,04/03/2024,0200 UTC,23:00,"21,00"
05/03/2024,04/03/2024,0300 UTC,00:00,"20,60"
05/03/2024,04/03/2024,0400 UTC,01:00,"20,50"
05/03/2024,04/03/2024,0500 UTC,02:00,"20,20"
05/03/2024,04/03/2024,0600 UTC,03:00,"20,20"
05/03/2024,04/03/2024,0700 UTC,04:00,"20,20"
05/03/2024,04/03/2024,0800 UTC,05:00,"20,60"
05/03/2024,04/03/2024,0900 UTC,06:00,"20,30"
05/03/2024,04/03/2024,1000 UTC,07:00,"20,60"
05/03/2024,04/03/2024,1100 UTC,08:00,"22,60"
05/03/2024,04/03/2024,1200 UTC,09:00,"25,60"
05/03/2024,04/03/2024,1300 UTC,10:00,"25,90"
05/03/2024,04/03/2024,1400 UTC,11:00,"27,30"
05/03/2024,04/03/2024,1500 UTC,12:00,"28,00"
05/03/2024,04/03/2024,1600 UTC,13:00,"29,20"
05/03/2024,04/03/2024,1700 UTC,14:00,"31,00"
05/03/2024,04/03/2024,1800 UTC,15:00,"31,20"
05/03/2024,04/03/2024,1900 UTC,16:00,"26,00"
05/03/2024,04/03/2024,2000 UTC,17:00,"22,00"
05/03/2024,04/03/2024,2100 UTC,18:00,"21,50"
05/03/2024,04/03/2024,2200 UTC,19:00,"21,20"
05/03/2024,04/03/2024,2300 UTC,20:00,"20,70"
06/03/2024,05/03/2024,0000 UTC,21:00,"20,70"
06/03/2024,05/03/2024,0100 UTC,22:00,"20,50"
06/03/2024,05/03/2024,0200 UTC,23:00,"20,80"
06/03/2024,05/03/2024,0300 UTC,00:00,"20,50"
06/03/2024,05/03/2024,0400 UTC,01:00,"20,60"
06/03/2024,05/03/2024,0500 UTC,02:00,"20,40"
06/03/2024,05/03/2024,0600 UTC,03:00,"20,40"
06/03/2024,05/03/2024,0700 UTC,04:00,"20,50"
06/03/2024,05/03/2024,0800 UTC,05:00,"20,40"
06/03/2024,05/03/2024,0900 UTC,06:00,"20,20"
06/03/2024,05/03/2024,1000 UTC,07:00,"20,00"
06/03/2024,05/03/2024,1100 UTC,08:00,"20,30"
06/03/2024,05/03/2024,1200 UTC,09:00,"21,20"
06/03/2024,05/03/2024,1300 UTC,10:00,"21,90"
06/03/2024,05/03/2024,1400 UTC,11:00,"22,80"
06/03/2024,05/03/2024,1500 UTC,12:00,"23,80"
06/03/2024,05/03/2024,1600 UTC,13:00,"23,70"
06/03/2024,05/03/2024,1700 UTC,14:00,"23,50"
06/03/2024,05/03/2024,1800 UTC,15:00,"23,60"
06/03/2024,05/03/2024,1900 UTC,16:00,"23,30"
06/03/2024,05/03/2024,2000 UTC,17:00,"22,50"
06/03/2024,05/03/2024,2100 UTC,18:00,"21,20"
06/03/2024,05/03/2024,2200 UTC,19:00,"20,30"
06/03/2024,05/03/2024,2300 UTC,20:00,"19,80"
07/03/2024,06/03/2024,0000 UTC,21:00,"19,90"
07/03/2024,06/03/2024,0100 UTC,22:00,"19,80"
07/03/2024,06/03/2024,0200 UTC,23:00,"19,80"
07/03/2024,06/03/2024,0300 UTC,00:00,"19,70"
07/03/2024,06/03/2024,0400 UTC,01:00,"19,60"
07/03/2024,06/03/2024,0500 UTC,02:00,"19,40"
07/03/2024,06/03/2024,0600 UTC,03:00,"19,40"
07/03/2024,06/03/2024,0700 UTC,04:00,"19,40"
07/03/2024,06/03/2024,0800 UTC,05:00,"19,50"
07/03/2024,06/03/2024,0900 UTC,06:00,"19,50"
07/03/2024,06/03/2024,1000 UTC,07:00,"19,70"
07/03/2024,06/03/2024,1100 UTC,08:00,"21,00"
07/03/2024,06/03/2024,1200 UTC,09:00,"21,70"
07/03/2024,06/03/2024,1300 UTC,10:00,"23,40"
07/03/2024,06/03/2024,1400 UTC,11:00,"24,30"
07/03/2024,06/03/2024,1500 UTC,12:00,"25,10"
07/03/2024,06/03/2024,1600 UTC,13:00,"26,40"
07/03/2024,06/03/2024,1700 UTC,14:00,"26,20"
07/03/2024,06/03/2024,1800 UTC,15:00,"25,10"
07/03/2024,06/03/2024,1900 UTC,16:00,"23,70"
07/03/2024,06/03/2024,2000 UTC,17:00,"22,80"
07/03/2024,06/03/2024,2100 UTC,18:00,"22,30"
07/03/2024,06/03/2024,2200 UTC,19:00,"22,00"
07/03/2024,06/03/2024,2300 UTC,20:00,"22,10"
08/03/2024,07/03/2024,0000 UTC,21:00,"22,10"
08/03/2024,07/03/2024,0100 UTC,22:00,"21,90"
08/03/2024,07/03/2024,0200 UTC,23:00,"21,80"
08/03/2024,07/03/2024,0300 UTC,00:00,"21,40"
08/03/2024,07/03/2024,0400 UTC,01:00,"21,40"
08/03/2024,07/03/2024,0500 UTC,02:00,"21,00"
08/03/2024,07/03/2024,0600 UTC,03:00,"21,10"
08/03/2024,07/03/2024,0700 UTC,04:00,"21,10"
08/03/2024,07/03/2024,0800 UTC,05:00,"21,30"
08/03/2024,07/03/2024,0900 UTC,06:00,"21,10"
08/03/2024,07/03/2024,1000 UTC,07:00,"21,40"
08/03/2024,07/03/2024,1100 UTC,08:00,"22,10"
08/03/2024,07/03/2024,1200 UTC,09:00,"22,90"
08/03/2024,07/03/2024,1300 UTC,10:00,"24,60"
08/03/2024,07/03/2024,1400 UTC,11:00,"25,80"
08/03/2024,07/03/2024,1500 UTC,12:00,"27,40"
08/03/2024,07/03/2024,1600 UTC,13:00,"28,00"
08/03/2024,07/03/2024,1700 UTC,14:00,"29,50"
08/03/2024,07/03/2024,1800 UTC,15:00,"26,00"
08/03/2024,07/03/2024,1900 UTC,16:00,"23,50"
08/03/2024,07/03/2024,2000 UTC,17:00,"22,60"
08/03/2024,07/03/2024,2100 UTC,18:00,"23,30"
08/03/2024,07/03/2024,2200 UTC,19:00,"22,70"
08/03/2024,07/03/2024,2300 UTC,20:00,"22,10"
09/03/2024,08/03/2024,0000 UTC,21:00,"22,30"
09/03/2024,08/03/2024,0100 UTC,22:00,"22,10"
09/03/2024,08/03/2024,0200 UTC,23:00,"21,90"
09/03/2024,08/03/2024,0300 UTC,00:00,"21,90"
09/03/2024,08/03/2024,0400 UTC,01:00,"21,90"
09/03/2024,08/03/2024,0500 UTC,02:00,"21,60"
09/03/2024,08/03/2024,0600 UTC,03:00,"21,50"
09/03/2024,08/03/2024,0700 UTC,04:00,"21,60"
09/03/2024,08/03/2024,0800 UTC,05:00,"21,50"
09/03/2024,08/03/2024,0900 UTC,06:00,"21,60"
09/03/2024,08/03/2024,1000 UTC,07:00,"21,40"
09/03/2024,08/03/2024,1100 UTC,08:00,"21,90"
09/03/2024,08/03/2024,1200 UTC,09:00,"23,00"
09/03/2024,08/03/2024,1300 UTC,10:00,"24,40"
09/03/2024,08/03/2024,1400 UTC,11:00,"26,20"
09/03/2024,08/03/2024,1500 UTC,12:00,"28,40"
09/03/2024,08/03/2024,1600 UTC,13:00,"28,10"
09/03/2024,08/03/2024,1700 UTC,14:00,"28,40"
09/03/2024,08/03/2024,1800 UTC,15:00,"27,70"
09/03/2024,08/03/2024,1900 UTC,16:00,"27,70"
09/03/2024,08/03/2024,2000 UTC,17:00,"26,30"
09/03/2024,08/03/2024,2100 UTC,18:00,"26,30"
09/03/2024,08/03/2024,2200 UTC,19:00,"25,40"
09/03/2024,08/03/2024,2300 UTC,20:00,"24,60"
10/03/2024,09/03/2024,0000 UTC,21:00,"24,00"
10/03/2024,09/03/2024,0100 UTC,22:00,"22,70"
10/03/2024,09/03/2024,0200 UTC,23:00,"22,50"
10/03/2024,09/03/2024,0300 UTC,00:00,"22,20"
10/03/2024,09/03/2024,0400 UTC,01:00,"22,10"
10/03/2024,09/03/2024,0500 UTC,02:00,"21,90"
10/03/2024,09/03/2024,0600 UTC,03:00,"21,80"
10/03/2024,09/03/2024,0700 UTC,04:00,"21,80"
10/03/2024,09/03/2024,0800 UTC,05:00,"22,00"
10/03/2024,09/03/2024,0900 UTC,06:00,"21,80"
10/03/2024,09/03/2024,1000 UTC,07:00,"22,00"
10/03/2024,09/03/2024,1100 UTC,08:00,"23,00"
10/03/2024,09/03/2024,1200 UTC,09:00,"23,60"
10/03/2024,09/03/2024,1300 UTC,10:00,"24,50"
10/03/2024,09/03/2024,1400 UTC,11:00,"25,00"
10/03/2024,09/03/2024,1500 UTC,12:00,"27,40"
10/03/2024,09/03/2024,1600 UTC,13:00,"22,50"
10/03/2024,09/03/2024,1700 UTC,14:00,"26,50"
10/03/2024,09/03/2024,1800 UTC,15:00,"27,60"
10/03/2024,09/03/2024,1900 UTC,16:00,"26,80"
10/03/2024,09/03/2024,2000 UTC,17:00,"25,60"
10/03/2024,09/03/2024,2100 UTC,18:00,"24,50"
10/03/2024,09/03/2024,2200 UTC,19:00,"23,10"
10/03/2024,09/03/2024,2300 UTC,20:00,"22,60"
11/03/2024,10/03/2024,0000 UTC,21:00,"22,00"
11/03/2024,10/03/2024,0100 UTC,22:00,"21,90"
11/03/2024,10/03/2024,0200 UTC,23:00,"21,20"
11/03/2024,10/03/2024,0300 UTC,00:00,"20,90"
11/03/2024,10/03/2024,0400 UTC,01:00,"20,20"
11/03/2024,10/03/2024,0500 UTC,02:00,"20,10"
11/03/2024,10/03/2024,0600 UTC,03:00,"20,00"
11/03/2024,10/03/2024,0700 UTC,04:00,"19,60"
11/03/2024,10/03/2024,0800 UTC,05:00,"19,70"
11/03/2024,10/03/2024,0900 UTC,06:00,"19,20"
11/03/2024,10/03/2024,1000 UTC,07:00,"20,30"
11/03/2024,10/03/2024,1100 UTC,08:00,"21,00"
11/03/2024,10/03/2024,1200 UTC,09:00,"22,40"
11/03/2024,10/03/2024,1300 UTC,10:00,"23,80"
11/03/2024,10/03/2024,1400 UTC,11:00,"25,00"
11/03/2024,10/03/2024,1500 UTC,12:00,"25,70"
11/03/2024,10/03/2024,1600 UTC,13:00,"25,40"
11/03/2024,10/03/2024,1700 UTC,14:00,"26,90"
11/03/2024,10/03/2024,1800 UTC,15:00,"26,30"
11/03/2024,10/03/2024,1900 UTC,16:00,"25,10"
11/03/2024,10/03/2024,2000 UTC,17:00,"23,60"
11/03/2024,10/03/2024,2100 UTC,18:00,"23,40"
11/03/2024,10/03/2024,2200 UTC,19:00,"20,90"
11/03/2024,10/03/2024,2300 UTC,20:00,"20,00"
12/03/2024,11/03/2024,0000 UTC,21:00,"19,10"
12/03/2024,11/03/2024,0100 UTC,22:00,"18,80"
12/03/2024,11/03/2024,0200 UTC,23:00,"18,70"
12/03/2024,11/03/2024,0300 UTC,00:00,"18,90"
12/03/2024,11/03/2024,0400 UTC,01:00,"18,80"
12/03/2024,11/03/2024,0500 UTC,02:00,"18,60"
12/03/2024,11/03/2024,0600 UTC,03:00,"17,90"
12/03/2024,11/03/2024,0700 UTC,04:00,"17,30"
12/03/2024,11/03/2024,0800 UTC,05:00,"17,10"
12/03/2024,11/03/2024,0900 UTC,06:00,"16,90"
12/03/2024,11/03/2024,1000 UTC,07:00,"18,10"
12/03/2024,11/03/2024,1100 UTC,08:00,"19,60"
12/03/2024,11/03/2024,1200 UTC,09:00,"21,60"
12/03/2024,11/03/2024,1300 UTC,10:00,"22,90"
12/03/2024,11/03/2024,1400 UTC,11:00,"23,60"
12/03/2024,11/03/2024,1500 UTC,12:00,"25,20"
12/03/2024,11/03/2024,1600 UTC,13:00,"26,10"
12/03/2024,11/03/2024,1700 UTC,14:00,"26,00"
12/03/2024,11/03/2024,1800 UTC,15:00,"25,00"
12/03/2024,11/03/2024,1900 UTC,16:00,"24,80"
12/03/2024,11/03/2024,2000 UTC,17:00,"23,90"
12/03/2024,11/03/2024,2100 UTC,18:00,"22,30"
12/03/2024,11/03/2024,2200 UTC,19:00,"20,50"
12/03/2024,11/03/2024,2300 UTC,20:00,"20,30"
13/03/2024,12/03/2024,0000 UTC,21:00,"20,10"
13/03/2024,12/03/2024,0100 UTC,22:00,"19,50"
13/03/2024,12/03/2024,0200 UTC,23:00,"18,90"
13/03/2024,12/03/2024,0300 UTC,00:00,"18,70"
13/03/2024,12/03/2024,0400 UTC,01:00,"18,20"
13/03/2024,12/03/2024,0500 UTC,02:00,"18,40"
13/03/2024,12/03/2024,0600 UTC,03:00,"18,90"
13/03/2024,12/03/2024,0700 UTC,04:00,"19,30"
13/03/2024,12/03/2024,0800 UTC,05:00,"19,40"
13/03/2024,12/03/2024,0900 UTC,06:00,"19,30"
13/03/2024,12/03/2024,1000 UTC,07:00,"19,20"
13/03/2024,12/03/2024,1100 UTC,08:00,"20,30"
13/03/2024,12/03/2024,1200 UTC,09:00,"23,00"
13/03/2024,12/03/2024,1300 UTC,10:00,"25,20"
13/03/2024,12/03/2024,1400 UTC,11:00,"27,10"
13/03/2024,12/03/2024,1500 UTC,12:00,"29,10"
13/03/2024,12/03/2024,1600 UTC,13:00,"30,00"
13/03/2024,12/03/2024,1700 UTC,14:00,"30,00"
13/03/2024,12/03/2024,1800 UTC,15:00,"29,30"
13/03/2024,12/03/2024,1900 UTC,16:00,"29,90"
13/03/2024,12/03/2024,2000 UTC,17:00,"28,90"
13/03/2024,12/03/2024,2100 UTC,18:00,"26,00"
13/03/2024,12/03/2024,2200 UTC,19:00,"23,00"
13/03/2024,12/03/2024,2300 UTC,20:00,"22,30"
14/03/2024,13/03/2024,0000 UTC,21:00,"22,00"
14/03/2024,13/03/2024,0100 UTC,22:00,"21,60"
14/03/2024,13/03/2024,0200 UTC,23:00,"21,30"
14/03/2024,13/03/2024,0300 UTC,00:00,"21,70"
14/03/2024,13/03/2024,0400 UTC,01:00,"21,50"
14/03/2024,13/03/2024,0500 UTC,02:00,"21,40"
14/03/2024,13/03/2024,0600 UTC,03:00,"21,10"
14/03/2024,13/03/2024,0700 UTC,04:00,"20,80"
14/03/2024,13/03/2024,0800 UTC,05:00,"20,50"
14/03/2024,13/03/2024,0900 UTC,06:00,"20,40"
14/03/2024,13/03/2024,1000 UTC,07:00,"20,50"
14/03/2024,13/03/2024,1100 UTC,08:00,"21,30"
14/03/2024,13/03/2024,1200 UTC,09:00,"24,20"
14/03/2024,13/03/2024,1300 UTC,10:00,"27,40"
14/03/2024,13/03/2024,1400 UTC,11:00,"29,20"
14/03/2024,13/03/2024,1500 UTC,12:00,"30,60"
14/03/2024,13/03/2024,1600 UTC,13:00,"32,60"
14/03/2024,13/03/2024,1700 UTC,14:00,"32,50"
14/03/2024,13/03/2024,1800 UTC,15:00,"33,20"
14/03/2024,13/03/2024,1900 UTC,16:00,"33,70"
14/03/2024,13/03/2024,2000 UTC,17:00,"33,00"
14/03/2024,13/03/2024,2100 UTC,18:00,"28,20"
14/03/2024,13/03/2024,2200 UTC,19:00,"25,30"
14/03/2024,13/03/2024,2300 UTC,20:00,"24,20"
15/03/2024,14/03/2024,0000 UTC,21:00,"23,70"
15/03/2024,14/03/2024,0100 UTC,22:00,"23,70"
15/03/2024,14/03/2024,0200 UTC,23:00,"23,70"
15/03/2024,14/03/2024,0300 UTC,00:00,"23,20"
15/03/2024,14/03/2024,0400 UTC,01:00,"23,20"
15/03/2024,14/03/2024,0500 UTC,02:00,"22,70"
15/03/2024,14/03/2024,0600 UTC,03:00,"22,30"
15/03/2024,14/03/2024,0700 UTC,04:00,"22,00"
15/03/2024,14/03/2024,0800 UTC,05:00,"21,80"
15/03/2024,14/03/2024,0900 UTC,06:00,"21,50"
15/03/2024,14/03/2024,1000 UTC,07:00,"22,10"
15/03/2024,14/03/2024,1100 UTC,08:00,"24,60"
15/03/2024,14/03/2024,1200 UTC,09:00,"27,50"
15/03/2024,14/03/2024,1300 UTC,10:00,"29,70"
15/03/2024,14/03/2024,1400 UTC,11:00,"30,60"
15/03/2024,14/03/2024,1500 UTC,12:00,"32,40"
15/03/2024,14/03/2024,1600 UTC,13:00,"32,80"
15/03/2024,14/03/2024,1700 UTC,14:00,"33,00"
15/03/2024,14/03/2024,1800 UTC,15:00,"34,30"
15/03/2024,14/03/2024,1900 UTC,16:00,"34,20"
15/03/2024,14/03/2024,2000 UTC,17:00,"31,20"
15/03/2024,14/03/2024,2100 UTC,18:00,"29,00"
15/03/2024,14/03/2024,2200 UTC,19:00,"27,90"
15/03/2024,14/03/2024,2300 UTC,20:00,"26,80"
16/03/2024,15/03/2024,0000 UTC,21:00,"25,60"
16/03/2024,15/03/2024,0100 UTC,22:00,"25,10"
16/03/2024,15/03/2024,0200 UTC,23:00,"25,00"
16/03/2024,15/03/2024,0300 UTC,00:00,"24,90"
16/03/2024,15/03/2024,0400 UTC,01:00,"24,30"
16/03/2024,15/03/2024,0500 UTC,02:00,"23,90"
16/03/2024,15/03/2024,0600 UTC,03:00,"22,70"
16/03/2024,15/03/2024,0700 UTC,04:00,"23,10"
16/03/2024,15/03/2024,0800 UTC,05:00,"23,10"
16/03/2024,15/03/2024,0900 UTC,06:00,"22,10"
16/03/2024,15/03/2024,1000 UTC,07:00,"21,70"
16/03/2024,15/03/2024,1100 UTC,08:00,"24,90"
16/03/2024,15/03/2024,1200 UTC,09:00,"27,50"
16/03/2024,15/03/2024,1300 UTC,10:00,"29,80"
16/03/2024,15/03/2024,1400 UTC,11:00,"31,70"
16/03/2024,15/03/2024,1500 UTC,12:00,"33,00"
16/03/2024,15/03/2024,1600 UTC,13:00,"33,40"
16/03/2024,15/03/2024,1700 UTC,14:00,"34,00"
16/03/2024,15/03/2024,1800 UTC,15:00,"33,90"
16/03/2024,15/03/2024,1900 UTC,16:00,"33,80"
16/03/2024,15/03/2024,2000 UTC,17:00,"30,90"
16/03/2024,15/03/2024,2100 UTC,18:00,"27,20"
16/03/2024,15/03/2024,2200 UTC,19:00,"26,90"
16/03/2024,15/03/2024,2300 UTC,20:00,"26,60"
17/03/2024,16/03/2024,0000 UTC,21:00,"25,60"
17/03/2024,16/03/2024,0100 UTC,22:00,"25,40"
17/03/2024,16/03/2024,0200 UTC,23:00,"23,70"
17/03/2024,16/03/2024,0300 UTC,00:00,"23,30"
17/03/2024,16/03/2024,0400 UTC,01:00,"23,50"
17/03/2024,16/03/2024,0500 UTC,02:00,"23,10"
17/03/2024,16/03/2024,0600 UTC,03:00,"21,80"
17/03/2024,16/03/2024,0700 UTC,04:00,"22,80"
17/03/2024,16/03/2024,0800 UTC,05:00,"22,40"
17/03/2024,16/03/2024,0900 UTC,06:00,"22,40"
17/03/2024,16/03/2024,1000 UTC,07:00,"23,40"
17/03/2024,16/03/2024,1100 UTC,08:00,"25,60"
17/03/2024,16/03/2024,1200 UTC,09:00,"27,30"
17/03/2024,16/03/2024,1300 UTC,10:00,"29,30"
17/03/2024,16/03/2024,1400 UTC,11:00,"31,20"
17/03/2024,16/03/2024,1500 UTC,12:00,"32,50"
17/03/2024,16/03/2024,1600 UTC,13:00,"31,60"
17/03/2024,16/03/2024,1700 UTC,14:00,"26,50"
17/03/2024,16/03/2024,1800 UTC,15:00,"23,10"
17/03/2024,16/03/2024,1900 UTC,16:00,"23,00"
17/03/2024,16/03/2024,2000 UTC,17:00,"23,00"
17/03/2024,16/03/2024,2100 UTC,18:00,"23,00"
17/03/2024,16/03/2024,2200 UTC,19:00,"22,70"
17/03/2024,16/03/2024,2300 UTC,20:00,"22,50"
18/03/2024,17/03/2024,0000 UTC,21:00,"22,20"
18/03/2024,17/03/2024,0100 UTC,22:00,"22,50"
18/03/2024,17/03/2024,0200 UTC,23:00,"22,20"
18/03/2024,17/03/2024,0300 UTC,00:00,"21,70"
18/03/2024,17/03/2024,0400 UTC,01:00,"21,70"
18/03/2024,17/03/2024,0500 UTC,02:00,"21,10"
18/03/2024,17/03/2024,0600 UTC,03:00,"21,10"
18/03/2024,17/03/2024,0700 UTC,04:00,"20,80"
18/03/2024,17/03/2024,0800 UTC,05:00,"21,10"
18/03/2024,17/03/2024,0900 UTC,06:00,"21,10"
18/03/2024,17/03/2024,1000 UTC,07:00,"21,50"
18/03/2024,17/03/2024,1100 UTC,08:00,"21,80"
18/03/2024,17/03/2024,1200 UTC,09:00,"23,60"
18/03/2024,17/03/2024,1300 UTC,10:00,"24,40"
18/03/2024,17/03/2024,1400 UTC,11:00,"26,90"
18/03/2024,17/03/2024,1500 UTC,12:00,"28,30"
18/03/2024,17/03/2024,1600 UTC,13:00,"28,40"
18/03/2024,17/03/2024,1700 UTC,14:00,"28,70"
18/03/2024,17/03/2024,1800 UTC,15:00,"29,80"
18/03/2024,17/03/2024,1900 UTC,16:00,"29,80"
18/03/2024,17/03/2024,2000 UTC,17:00,"26,30"
18/03/2024,17/03/2024,2100 UTC,18:00,"25,10"
18/03/2024,17/03/2024,2200 UTC,19:00,"24,00"
18/03/2024,17/03/2024,2300 UTC,20:00,"23,60"
19/03/2024,18/03/2024,0000 UTC,21:00,"23,60"
19/03/2024,18/03/2024,0100 UTC,22:00,"23,40"
19/03/2024,18/03/2024,0200 UTC,23:00,"23,40"
19/03/2024,18/03/2024,0300 UTC,00:00,"23,50"
19/03/2024,18/03/2024,0400 UTC,01:00,"23,30"
19/03/2024,18/03/2024,0500 UTC,02:00,"23,10"
19/03/2024,18/03/2024,0600 UTC,03:00,"23,00"
19/03/2024,18/03/2024,0700 UTC,04:00,"22,90"
19/03/2024,18/03/2024,0800 UTC,05:00,"22,90"
19/03/2024,18/03/2024,0900 UTC,06:00,"22,50"
19/03/2024,18/03/2024,1000 UTC,07:00,"23,00"
19/03/2024,18/03/2024,1100 UTC,08:00,"23,70"
19/03/2024,18/03/2024,1200 UTC,09:00,"26,10"
19/03/2024,18/03/2024,1300 UTC,10:00,"27,30"
19/03/2024,18/03/2024,1400 UTC,11:00,"29,20"
19/03/2024,18/03/2024,1500 UTC,12:00,"29,80"
19/03/2024,18/03/2024,1600 UTC,13:00,"31,00"
19/03/2024,18/03/2024,1700 UTC,14:00,"32,10"
19/03/2024,18/03/2024,1800 UTC,15:00,"25,50"
19/03/2024,18/03/2024,1900 UTC,16:00,"23,10"
19/03/2024,18/03/2024,2000 UTC,17:00,"22,30"
19/03/2024,18/03/2024,2100 UTC,18:00,"22,60"
19/03/2024,18/03/2024,2200 UTC,19:00,"22,90"
19/03/2024,18/03/2024,2300 UTC,20:00,"23,10"
20/03/2024,19/03/2024,0000 UTC,21:00,"23,00"
20/03/2024,19/03/2024,0100 UTC,22:00,"22,70"
20/03/2024,19/03/2024,0200 UTC,23:00,"22,40"
20/03/2024,19/03/2024,0300 UTC,00:00,"22,30"
20/03/2024,19/03/2024,0400 UTC,01:00,"21,80"
20/03/2024,19/03/2024,0500 UTC,02:00,"21,50"
20/03/2024,19/03/2024,0600 UTC,03:00,"21,40"
20/03/2024,19/03/2024,0700 UTC,04:00,"21,00"
20/03/2024,19/03/2024,0800 UTC,05:00,"20,70"
20/03/2024,19/03/2024,0900 UTC,06:00,"20,70"
20/03/2024,19/03/2024,1000 UTC,07:00,"21,00"
20/03/2024,19/03/2024,1100 UTC,08:00,"21,80"
20/03/2024,19/03/2024,1200 UTC,09:00,"24,60"
20/03/2024,19/03/2024,1300 UTC,10:00,"26,60"
20/03/2024,19/03/2024,1400 UTC,11:00,"28,60"
20/03/2024,19/03/2024,1500 UTC,12:00,"29,20"
20/03/2024,19/03/2024,1600 UTC,13:00,"29,40"
20/03/2024,19/03/2024,1700 UTC,14:00,"30,50"
20/03/2024,19/03/2024,1800 UTC,15:00,"30,60"
20/03/2024,19/03/2024,1900 UTC,16:00,"31,30"
20/03/2024,19/03/2024,2000 UTC,17:00,"31,20"
20/03/2024,19/03/2024,2100 UTC,18:00,"28,70"
20/03/2024,19/03/2024,2200 UTC,19:00,"26,50"
20/03/2024,19/03/2024,2300 UTC,20:00,"25,60"
21/03/2024,20/03/2024,0000 UTC,21:00,"25,90"
21/03/2024,20/03/2024,0100 UTC,22:00,"24,30"
21/03/2024,20/03/2024,0200 UTC,23:00,"23,90"
21/03/2024,20/03/2024,0300 UTC,00:00,"23,30"
21/03/2024,20/03/2024,0400 UTC,01:00,"22,90"
21/03/2024,20/03/2024,0500 UTC,02:00,"22,40"
21/03/2024,20/03/2024,0600 UTC,03:00,"22,60"
21/03/2024,20/03/2024,0700 UTC,04:00,"22,60"
21/03/2024,20/03/2024,0800 UTC,05:00,"22,70"
21/03/2024,20/03/2024,0900 UTC,06:00,"22,60"
21/03/2024,20/03/2024,1000 UTC,07:00,"22,60"
21/03/2024,20/03/2024,1100 UTC,08:00,"24,30"
21/03/2024,20/03/2024,1200 UTC,09:00,"25,70"
21/03/2024,20/03/2024,1300 UTC,10:00,"28,60"
21/03/2024,20/03/2024,1400 UTC,11:00,"30,00"
21/03/2024,20/03/2024,1500 UTC,12:00,"31,10"
21/03/2024,20/03/2024,1600 UTC,13:00,"31,70"
21/03/2024,20/03/2024,1700 UTC,14:00,"32,50"
21/03/2024,20/03/2024,1800 UTC,15:00,"33,40"
21/03/2024,20/03/2024,1900 UTC,16:00,"32,00"
21/03/2024,20/03/2024,2000 UTC,17:00,"31,10"
21/03/2024,20/03/2024,2100 UTC,18:00,"22,50"
21/03/2024,20/03/2024,2200 UTC,19:00,"23,10"
21/03/2024,20/03/2024,2300 UTC,20:00,"23,10"
22/03/2024,21/03/2024,0000 UTC,21:00,"22,60"
22/03/2024,21/03/2024,0100 UTC,22:00,"22,40"
22/03/2024,21/03/2024,0200 UTC,23:00,"21,90"
22/03/2024,21/03/2024,0300 UTC,00:00,"21,20"
22/03/2024,21/03/2024,0400 UTC,01:00,"21,00"
22/03/2024,21/03/2024,0500 UTC,02:00,"21,10"
22/03/2024,21/03/2024,0600 UTC,03:00,"20,60"
22/03/2024,21/03/2024,0700 UTC,04:00,"20,00"
22/03/2024,21/03/2024,0800 UTC,05:00,"20,20"
22/03/2024,21/03/2024,0900 UTC,06:00,"20,20"
22/03/2024,21/03/2024,1000 UTC,07:00,"20,60"
22/03/2024,21/03/2024,1100 UTC,08:00,"20,70"
22/03/2024,21/03/2024,1200 UTC,09:00,"20,90"
22/03/2024,21/03/2024,1300 UTC,10:00,"21,70"
22/03/2024,21/03/2024,1400 UTC,11:00,"20,90"
22/03/2024,21/03/2024,1500 UTC,12:00,"21,00"
22/03/2024,21/03/2024,1600 UTC,13:00,"21,80"
22/03/2024,21/03/2024,1700 UTC,14:00,"20,90"
22/03/2024,21/03/2024,1800 UTC,15:00,"19,80"
22/03/2024,21/03/2024,1900 UTC,16:00,"19,50"
22/03/2024,21/03/2024,2000 UTC,17:00,"19,20"
22/03/2024,21/03/2024,2100 UTC,18:00,"18,20"
22/03/2024,21/03/2024,2200 UTC,19:00,"17,90"
22/03/2024,21/03/2024,2300 UTC,20:00,"17,60"
23/03/2024,22/03/2024,0000 UTC,21:00,"17,20"
23/03/2024,22/03/2024,0100 UTC,22:00,"17,10"
23/03/2024,22/03/2024,0200 UTC,23:00,"17,20"
23/03/2024,22/03/2024,0300 UTC,00:00,"17,10"
23/03/2024,22/03/2024,0400 UTC,01:00,"17,20"
23/03/2024,22/03/2024,0500 UTC,02:00,"16,90"
23/03/2024,22/03/2024,0600 UTC,03:00,"16,60"
23/03/2024,22/03/2024,0700 UTC,04:00,"16,70"
23/03/2024,22/03/2024,0800 UTC,05:00,"16,70"
23/03/2024,22/03/2024,0900 UTC,06:00,"17,10"
23/03/2024,22/03/2024,1000 UTC,07:00,"17,10"
23/03/2024,22/03/2024,1100 UTC,08:00,"17,40"
23/03/2024,22/03/2024,1200 UTC,09:00,"17,60"
23/03/2024,22/03/2024,1300 UTC,10:00,"18,60"
23/03/2024,22/03/2024,1400 UTC,11:00,"19,40"
23/03/2024,22/03/2024,1500 UTC,12:00,"18,50"
23/03/2024,22/03/2024,1600 UTC,13:00,"18,50"
23/03/2024,22/03/2024,1700 UTC,14:00,"18,60"
23/03/2024,22/03/2024,1800 UTC,15:00,"18,60"
23/03/2024,22/03/2024,1900 UTC,16:00,"18,30"
23/03/2024,22/03/2024,2000 UTC,17:00,"17,80"
23/03/2024,22/03/2024,2100 UTC,18:00,"17,70"
23/03/2024,22/03/2024,2200 UTC,19:00,"17,30"
23/03/2024,22/03/2024,2300 UTC,20:00,"17,00"
24/03/2024,23/03/2024,0000 UTC,21:00,"17,20"
24/03/2024,23/03/2024,0100 UTC,22:00,"17,10"
24/03/2024,23/03/2024,0200 UTC,23:00,"17,20"
24/03/2024,23/03/2024,0300 UTC,00:00,"17,20"
24/03/2024,23/03/2024,0400 UTC,01:00,"17,00"
24/03/2024,23/03/2024,0500 UTC,02:00,"17,10"
24/03/2024,23/03/2024,0600 UTC,03:00,"17,10"
24/03/2024,23/03/2024,0700 UTC,04:00,"16,80"
24/03/2024,23/03/2024,0800 UTC,05:00,"17,00"
24/03/2024,23/03/2024,0900 UTC,06:00,"16,90"
24/03/2024,23/03/2024,1000 UTC,07:00,"17,40"
24/03/2024,23/03/2024,1100 UTC,08:00,"17,80"
24/03/2024,23/03/2024,1200 UTC,09:00,"20,10"
24/03/2024,23/03/2024,1300 UTC,10:00,"21,00"
24/03/2024,23/03/2024,1400 UTC,11:00,"22,30"
24/03/2024,23/03/2024,1500 UTC,12:00,"21,50"
24/03/2024,23/03/2024,1600 UTC,13:00,"20,30"
24/03/2024,23/03/2024,1700 UTC,14:00,"20,40"
24/03/2024,23/03/2024,1800 UTC,15:00,"20,40"
24/03/2024,23/03/2024,1900 UTC,16:00,"20,20"
24/03/2024,23/03/2024,2000 UTC,17:00,"20,40"
24/03/2024,23/03/2024,2100 UTC,18:00,"19,90"
24/03/2024,23/03/2024,2200 UTC,19:00,"19,70"
24/03/2024,23/03/2024,2300 UTC,20:00,"19,30"
25/03/2024,24/03/2024,0000 UTC,21:00,"19,20"
25/03/2024,24/03/2024,0100 UTC,22:00,"19,20"
25/03/2024,24/03/2024,0200 UTC,23:00,"19,30"
25/03/2024,24/03/2024,0300 UTC,00:00,"19,10"
25/03/2024,24/03/2024,0400 UTC,01:00,"19,10"
25/03/2024,24/03/2024,0500 UTC,02:00,"19,00"
25/03/2024,24/03/2024,0600 UTC,03:00,"18,90"
25/03/2024,24/03/2024,0700 UTC,04:00,"18,90"
25/03/2024,24/03/2024,0800 UTC,05:00,"18,90"
25/03/2024,24/03/2024,0900 UTC,06:00,"18,60"
25/03/2024,24/03/2024,1000 UTC,07:00,"18,80"
25/03/2024,24/03/2024,1100 UTC,08:00,"19,60"
25/03/2024,24/03/2024,1200 UTC,09:00,"22,00"
25/03/2024,24/03/2024,1300 UTC,10:00,"22,50"
25/03/2024,24/03/2024,1400 UTC,11:00,"23,30"
25/03/2024,24/03/2024,1500 UTC,12:00,"24,00"
25/03/2024,24/03/2024,1600 UTC,13:00,"25,30"
25/03/2024,24/03/2024,1700 UTC,14:00,"24,60"
25/03/2024,24/03/2024,1800 UTC,15:00,"24,60"
25/03/2024,24/03/2024,1900 UTC,16:00,"24,20"
25/03/2024,24/03/2024,2000 UTC,17:00,"23,80"
25/03/2024,24/03/2024,2100 UTC,18:00,"22,40"
25/03/2024,24/03/2024,2200 UTC,19:00,"21,40"
25/03/2024,24/03/2024,2300 UTC,20:00,"20,80"
26/03/2024,25/03/2024,0000 UTC,21:00,"20,60"
26/03/2024,25/03/2024,0100 UTC,22:00,"20,30"
26/03/2024,25/03/2024,0200 UTC,23:00,"19,90"
26/03/2024,25/03/2024,0300 UTC,00:00,"19,70"
26/03/2024,25/03/2024,0400 UTC,01:00,"19,60"
26/03/2024,25/03/2024,0500 UTC,02:00,"19,80"
26/03/2024,25/03/2024,0600 UTC,03:00,"19,20"
26/03/2024,25/03/2024,0700 UTC,04:00,"18,40"
26/03/2024,25/03/2024,0800 UTC,05:00,"18,10"
26/03/2024,25/03/2024,0900 UTC,06:00,"17,90"
26/03/2024,25/03/2024,1000 UTC,07:00,"18,40"
26/03/2024,25/03/2024,1100 UTC,08:00,"20,20"
26/03/2024,25/03/2024,1200 UTC,09:00,"21,40"
26/03/2024,25/03/2024,1300 UTC,10:00,"22,10"
26/03/2024,25/03/2024,1400 UTC,11:00,"22,70"
26/03/2024,25/03/2024,1500 UTC,12:00,"24,30"
26/03/2024,25/03/2024,1600 UTC,13:00,"23,30"
26/03/2024,25/03/2024,1700 UTC,14:00,"23,50"
26/03/2024,25/03/2024,1800 UTC,15:00,"23,60"
26/03/2024,25/03/2024,1900 UTC,16:00,"22,10"
26/03/2024,25/03/2024,2000 UTC,17:00,"20,90"
26/03/2024,25/03/2024,2100 UTC,18:00,"19,90"
26/03/2024,25/03/2024,2200 UTC,19:00,"19,50"
26/03/2024,25/03/2024,2300 UTC,20:00,"19,00"
27/03/2024,26/03/2024,0000 UTC,21:00,"18,70"
27/03/2024,26/03/2024,0100 UTC,22:00,"18,50"
27/03/2024,26/03/2024,0200 UTC,23:00,"18,20"
27/03/2024,26/03/2024,0300 UTC,00:00,"18,60"
27/03/2024,26/03/2024,0400 UTC,01:00,"18,10"
27/03/2024,26/03/2024,0500 UTC,02:00,"17,50"
27/03/2024,26/03/2024,0600 UTC,03:00,"17,80"
27/03/2024,26/03/2024,0700 UTC,04:00,"18,10"
27/03/2024,26/03/2024,0800 UTC,05:00,"18,00"
27/03/2024,26/03/2024,0900 UTC,06:00,"17,90"
27/03/2024,26/03/2024,1000 UTC,07:00,"18,00"
27/03/2024,26/03/2024,1100 UTC,08:00,"18,50"
27/03/2024,26/03/2024,1200 UTC,09:00,"19,80"
27/03/2024,26/03/2024,1300 UTC,10:00,"19,80"
27/03/2024,26/03/2024,1400 UTC,11:00,"20,70"
27/03/2024,26/03/2024,1500 UTC,12:00,"21,20"
27/03/2024,26/03/2024,1600 UTC,13:00,"21,50"
27/03/2024,26/03/2024,1700 UTC,14:00,"21,60"
27/03/2024,26/03/2024,1800 UTC,15:00,"21,40"
27/03/2024,26/03/2024,1900 UTC,16:00,"21,20"
27/03/2024,26/03/2024,2000 UTC,17:00,"20,60"
27/03/2024,26/03/2024,2100 UTC,18:00,"19,90"
27/03/2024,26/03/2024,2200 UTC,19:00,"19,10"
27/03/2024,26/03/2024,2300 UTC,20:00,"19,10"
28/03/2024,27/03/2024,0000 UTC,21:00,"19,20"
28/03/2024,27/03/2024,0100 UTC,22:00,"19,10"
28/03/2024,27/03/2024,0200 UTC,23:00,"19,00"
28/03/2024,27/03/2024,0300 UTC,00:00,"18,90"
28/03/2024,27/03/2024,0400 UTC,01:00,"18,80"
28/03/2024,27/03/2024,0500 UTC,02:00,"18,40"
28/03/2024,27/03/2024,0600 UTC,03:00,"18,50"
28/03/2024,27/03/2024,0700 UTC,04:00,"18,50"
28/03/2024,27/03/2024,0800 UTC,05:00,"18,40"
28/03/2024,27/03/2024,0900 UTC,06:00,"18,40"
28/03/2024,27/03/2024,1000 UTC,07:00,"18,50"
28/03/2024,27/03/2024,1100 UTC,08:00,"19,80"
28/03/2024,27/03/2024,1200 UTC,09:00,"20,00"
28/03/2024,27/03/2024,1300 UTC,10:00,"20,50"
28/03/2024,27/03/2024,1400 UTC,11:00,"19,70"
28/03/2024,27/03/2024,1500 UTC,12:00,"21,90"
28/03/2024,27/03/2024,1600 UTC,13:00,"22,60"
28/03/2024,27/03/2024,1700 UTC,14:00,"22,80"
28/03/2024,27/03/2024,1800 UTC,15:00,"23,50"
28/03/2024,27/03/2024,1900 UTC,16:00,"22,50"
28/03/2024,27/03/2024,2000 UTC,17:00,"20,60"
28/03/2024,27/03/2024,2100 UTC,18:00,"20,10"
28/03/2024,27/03/2024,2200 UTC,19:00,"19,80"
28/03/2024,27/03/2024,2300 UTC,20:00,"19,50"
29/03/2024,28/03/2024,0000 UTC,21:00,"19,40"
29/03/2024,28/03/2024,0100 UTC,22:00,"19,20"
29/03/2024,28/03/2024,0200 UTC,23:00,"19,10"
29/03/2024,28/03/2024,0300 UTC,00:00,"19,20"
29/03/2024,28/03/2024,0400 UTC,01:00,"19,20"
29/03/2024,28/03/2024,0500 UTC,02:00,"19,00"
29/03/2024,28/03/2024,0600 UTC,03:00,"19,00"
29/03/2024,28/03/2024,0700 UTC,04:00,"19,00"
29/03/2024,28/03/2024,0800 UTC,05:00,"19,00"
29/03/2024,28/03/2024,0900 UTC,06:00,"19,00"
29/03/2024,28/03/2024,1000 UTC,07:00,"19,00"
29/03/2024,28/03/2024,1100 UTC,08:00,"19,70"
29/03/2024,28/03/2024,1200 UTC,09:00,"20,40"
29/03/2024,28/03/2024,1300 UTC,10:00,"20,70"
29/03/2024,28/03/2024,1400 UTC,11:00,"23,20"
29/03/2024,28/03/2024,1500 UTC,12:00,"23,10"
29/03/2024,28/03/2024,1600 UTC,13:00,"24,70"
29/03/2024,28/03/2024,1700 UTC,14:00,"25,90"
29/03/2024,28/03/2024,1800 UTC,15:00,"25,60"
29/03/2024,28/03/2024,1900 UTC,16:00,"25,90"
29/03/2024,28/03/2024,2000 UTC,17:00,"24,30"
29/03/2024,28/03/2024,2100 UTC,18:00,"22,20"
29/03/2024,28/03/2024,2200 UTC,19:00,"21,00"
29/03/2024,28/03/2024,2300 UTC,20:00,"20,50"
30/03/2024,29/03/2024,0000 UTC,21:00,"19,90"
30/03/2024,29/03/2024,0100 UTC,22:00,"20,00"
30/03/2024,29/03/2024,0200 UTC,23:00,"20,00"
30/03/2024,29/03/2024,0300 UTC,00:00,"19,90"
30/03/2024,29/03/2024,0400 UTC,01:00,"19,90"
30/03/2024,29/03/2024,0500 UTC,02:00,"19,70"
30/03/2024,29/03/2024,0600 UTC,03:00,"19,60"
30/03/2024,29/03/2024,0700 UTC,04:00,"19,60"
30/03/2024,29/03/2024,0800 UTC,05:00,"19,40"
30/03/2024,29/03/2024,0900 UTC,06:00,"19,40"
30/03/2024,29/03/2024,1000 UTC,07:00,"19,10"
30/03/2024,29/03/2024,1100 UTC,08:00,"20,00"
30/03/2024,29/03/2024,1200 UTC,09:00,"21,40"
30/03/2024,29/03/2024,1300 UTC,10:00,"24,00"
30/03/2024,29/03/2024,1400 UTC,11:00,"25,50"
30/03/2024,29/03/2024,1500 UTC,12:00,"25,80"
30/03/2024,29/03/2024,1600 UTC,13:00,"28,30"
30/03/2024,29/03/2024,1700 UTC,14:00,"27,80"
30/03/2024,29/03/2024,1800 UTC,15:00,"26,80"
30/03/2024,29/03/2024,1900 UTC,16:00,"26,10"
30/03/2024,29/03/2024,2000 UTC,17:00,"25,60"
30/03/2024,29/03/2024,2100 UTC,18:00,"23,40"
30/03/2024,29/03/2024,2200 UTC,19:00,"21,80"
30/03/2024,29/03/2024,2300 UTC,20:00,"21,10"
31/03/2024,30/03/2024,0000 UTC,21:00,"20,70"
31/03/2024,30/03/2024,0100 UTC,22:00,"19,50"
31/03/2024,30/03/2024,0200 UTC,23:00,"19,90"
31/03/2024,30/03/2024,0300 UTC,00:00,"20,00"
31/03/2024,30/03/2024,0400 UTC,01:00,"18,50"
31/03/2024,30/03/2024,0500 UTC,02:00,"17,90"
31/03/2024,30/03/2024,0600 UTC,03:00,"19,10"
31/03/2024,30/03/2024,0700 UTC,04:00,"18,70"
31/03/2024,30/03/2024,0800 UTC,05:00,"18,50"
31/03/2024,30/03/2024,0900 UTC,06:00,"18,20"
31/03/2024,30/03/2024,1000 UTC,07:00,"18,30"
31/03/2024,30/03/2024,1100 UTC,08:00,"18,40"
31/03/2024,30/03/2024,1200 UTC,09:00,"19,20"
31/03/2024,30/03/2024,1300 UTC,10:00,"22,40"
31/03/2024,30/03/2024,1400 UTC,11:00,"25,70"
31/03/2024,30/03/2024,1500 UTC,12:00,"27,40"
31/03/2024,30/03/2024,1600 UTC,13:00,"28,90"
31/03/2024,30/03/2024,1700 UTC,14:00,"30,20"
31/03/2024,30/03/2024,1800 UTC,15:00,"29,70"
31/03/2024,30/03/2024,1900 UTC,16:00,"28,00"
31/03/2024,30/03/2024,2000 UTC,17:00,"26,30"
31/03/2024,30/03/2024,2100 UTC,18:00,"24,40"
31/03/2024,30/03/2024,2200 UTC,19:00,"22,70"
31/03/2024,30/03/2024,2300 UTC,20:00,"22,00"
01/04/2024,31/03/2024,0000 UTC,21:00,"21,50"
01/04/2024,31/03/2024,0100 UTC,22:00,"21,30"
01/04/2024,31/03/2024,0200 UTC,23:00,"20,70"
01/04/2024,31/03/2024,0300 UTC,00:00,"20,70"
01/04/2024,31/03/2024,0400 UTC,01:00,"19,70"
01/04/2024,31/03/2024,0500 UTC,02:00,"19,60"
01/04/2024,31/03/2024,0600 UTC,03:00,"19,40"
01/04/2024,31/03/2024,0700 UTC,04:00,"18,70"
01/04/2024,31/03/2024,0800 UTC,05:00,"18,30"
01/04/2024,31/03/2024,0900 UTC,06:00,"17,80"
01/04/2024,31/03/2024,1000 UTC,07:00,"18,50"
01/04/2024,31/03/2024,1100 UTC,08:00,"20,50"
01/04/2024,31/03/2024,1200 UTC,09:00,"22,70"
01/04/2024,31/03/2024,1300 UTC,10:00,"24,20"
01/04/2024,31/03/2024,1400 UTC,11:00,"26,30"
01/04/2024,31/03/2024,1500 UTC,12:00,"27,50"
01/04/2024,31/03/2024,1600 UTC,13:00,"28,40"
01/04/2024,31/03/2024,1700 UTC,14:00,"28,00"
01/04/2024,31/03/2024,1800 UTC,15:00,"26,10"
01/04/2024,31/03/2024,1900 UTC,16:00,"24,90"
01/04/2024,31/03/2024,2000 UTC,17:00,"24,00"
01/04/2024,31/03/2024,2100 UTC,18:00,"22,40"
01/04/2024,31/03/2024,2200 UTC,19:00,"21,40"
01/04/2024,31/03/2024,2300 UTC,20:00,"21,00"
02/04/2024,01/04/2024,0000 UTC,21:00,"20,90"
02/04/2024,01/04/2024,0100 UTC,22:00,"20,80"
02/04/2024,01/04/2024,0200 UTC,23:00,"20,70"
02/04/2024,01/04/2024,0300 UTC,00:00,"20,30"
02/04/2024,01/04/2024,0400 UTC,01:00,"20,00"
02/04/2024,01/04/2024,0500 UTC,02:00,"19,80"
02/04/2024,01/04/2024,0600 UTC,03:00,"19,50"
02/04/2024,01/04/2024,0700 UTC,04:00,"19,30"
02/04/2024,01/04/2024,0800 UTC,05:00,"19,10"
02/04/2024,01/04/2024,0900 UTC,06:00,"19,30"
02/04/2024,01/04/2024,1000 UTC,07:00,"18,70"
02/04/2024,01/04/2024,1100 UTC,08:00,"20,50"
02/04/2024,01/04/2024,1200 UTC,09:00,"22,60"
02/04/2024,01/04/2024,1300 UTC,10:00,"25,70"
02/04/2024,01/04/2024,1400 UTC,11:00,"27,10"
02/04/2024,01/04/2024,1500 UTC,12:00,"28,20"
02/04/2024,01/04/2024,1600 UTC,13:00,"28,60"
02/04/2024,01/04/2024,1700 UTC,14:00,"28,90"
02/04/2024,01/04/2024,1800 UTC,15:00,"29,00"
02/04/2024,01/04/2024,1900 UTC,16:00,"29,50"
02/04/2024,01/04/2024,2000 UTC,17:00,"27,80"
02/04/2024,01/04/2024,2100 UTC,18:00,"26,00"
02/04/2024,01/04/2024,2200 UTC,19:00,"24,50"
02/04/2024,01/04/2024,2300 UTC,20:00,"23,80"
03/04/2024,02/04/2024,0000 UTC,21:00,"23,40"
03/04/2024,02/04/2024,0100 UTC,22:00,"22,30"
03/04/2024,02/04/2024,0200 UTC,23:00,"22,60"
03/04/2024,02/04/2024,0300 UTC,00:00,"21,70"
03/04/2024,02/04/2024,0400 UTC,01:00,"21,00"
03/04/2024,02/04/2024,0500 UTC,02:00,"20,50"
03/04/2024,02/04/2024,0600 UTC,03:00,"20,20"
03/04/2024,02/04/2024,0700 UTC,04:00,"20,40"
03/04/2024,02/04/2024,0800 UTC,05:00,"20,20"
03/04/2024,02/04/2024,0900 UTC,06:00,"19,80"
03/04/2024,02/04/2024,1000 UTC,07:00,"20,30"
03/04/2024,02/04/2024,1100 UTC,08:00,"21,40"
03/04/2024,02/04/2024,1200 UTC,09:00,"22,50"
03/04/2024,02/04/2024,1300 UTC,10:00,"23,90"
03/04/2024,02/04/2024,1400 UTC,11:00,"25,10"
03/04/2024,02/04/2024,1500 UTC,12:00,"26,20"
03/04/2024,02/04/2024,1600 UTC,13:00,"26,80"
03/04/2024,02/04/2024,1700 UTC,14:00,"27,70"
03/04/2024,02/04/2024,1800 UTC,15:00,"27,60"
03/04/2024,02/04/2024,1900 UTC,16:00,"27,10"
03/04/2024,02/04/2024,2000 UTC,17:00,"25,60"
03/04/2024,02/04/2024,2100 UTC,18:00,"23,60"
03/04/2024,02/04/2024,2200 UTC,19:00,"22,30"
03/04/2024,02/04/2024,2300 UTC,20:00,"21,60"
04/04/2024,03/04/2024,0000 UTC,21:00,"21,50"
04/04/2024,03/04/2024,0100 UTC,22:00,"21,40"
04/04/2024,03/04/2024,0200 UTC,23:00,"21,10"
04/04/2024,03/04/2024,0300 UTC,00:00,"21,40"
04/04/2024,03/04/2024,0400 UTC,01:00,"20,80"
04/04/2024,03/04/2024,0500 UTC,02:00,"20,70"
04/04/2024,03/04/2024,0600 UTC,03:00,"20,20"
04/04/2024,03/04/2024,0700 UTC,04:00,"19,90"
04/04/2024,03/04/2024,0800 UTC,05:00,"18,90"
04/04/2024,03/04/2024,0900 UTC,06:00,"18,30"
04/04/2024,03/04/2024,1000 UTC,07:00,"19,10"
04/04/2024,03/04/2024,1100 UTC,08:00,"19,80"
04/04/2024,03/04/2024,1200 UTC,09:00,"23,20"
04/04/2024,03/04/2024,1300 UTC,10:00,"26,40"
04/04/2024,03/04/2024,1400 UTC,11:00,"28,60"
04/04/2024,03/04/2024,1500 UTC,12:00,"29,80"
04/04/2024,03/04/2024,1600 UTC,13:00,"30,60"
04/04/2024,03/04/2024,1700 UTC,14:00,"32,20"
04/04/2024,03/04/2024,1800 UTC,15:00,"32,00"
04/04/2024,03/04/2024,1900 UTC,16:00,"30,80"
04/04/2024,03/04/2024,2000 UTC,17:00,"27,80"
04/04/2024,03/04/2024,2100 UTC,18:00,"25,10"
04/04/2024,03/04/2024,2200 UTC,19:00,"23,60"
04/04/2024,03/04/2024,2300 UTC,20:00,"22,90"
05/04/2024,04/04/2024,0000 UTC,21:00,"22,40"
05/04/2024,04/04/2024,0100 UTC,22:00,"22,10"
05/04/2024,04/04/2024,0200 UTC,23:00,"21,70"
05/04/2024,04/04/2024,0300 UTC,00:00,"21,20"
05/04/2024,04/04/2024,0400 UTC,01:00,"20,60"
05/04/2024,04/04/2024,0500 UTC,02:00,"20,00"
05/04/2024,04/04/2024,0600 UTC,03:00,"19,70"
05/04/2024,04/04/2024,0700 UTC,04:00,"17,90"
05/04/2024,04/04/2024,0800 UTC,05:00,"18,40"
05/04/2024,04/04/2024,0900 UTC,06:00,"17,80"
05/04/2024,04/04/2024,1000 UTC,07:00,"17,10"
05/04/2024,04/04/2024,1100 UTC,08:00,"20,20"
05/04/2024,04/04/2024,1200 UTC,09:00,"22,60"
05/04/2024,04/04/2024,1300 UTC,10:00,"24,20"
05/04/2024,04/04/2024,1400 UTC,11:00,"27,10"
05/04/2024,04/04/2024,1500 UTC,12:00,"28,30"
05/04/2024,04/04/2024,1600 UTC,13:00,"29,50"
05/04/2024,04/04/2024,1700 UTC,14:00,"30,60"
05/04/2024,04/04/2024,1800 UTC,15:00,"30,60"
05/04/2024,04/04/2024,1900 UTC,16:00,"29,50"
05/04/2024,04/04/2024,2000 UTC,17:00,"27,30"
05/04/2024,04/04/2024,2100 UTC,18:00,"24,10"
05/04/2024,04/04/2024,2200 UTC,19:00,"22,80"
05/04/2024,04/04/2024,2300 UTC,20:00,"22,10"
06/04/2024,05/04/2024,0000 UTC,21:00,"21,70"
06/04/2024,05/04/2024,0100 UTC,22:00,"21,60"
06/04/2024,05/04/2024,0200 UTC,23:00,"21,10"
06/04/2024,05/04/2024,0300 UTC,00:00,"20,50"
06/04/2024,05/04/2024,0400 UTC,01:00,"19,90"
06/04/2024,05/04/2024,0500 UTC,02:00,"19,20"
06/04/2024,05/04/2024,0600 UTC,03:00,"18,50"
06/04/2024,05/04/2024,0700 UTC,04:00,"18,70"
06/04/2024,05/04/2024,0800 UTC,05:00,"18,20"
06/04/2024,05/04/2024,0900 UTC,06:00,"18,60"
06/04/2024,05/04/2024,1000 UTC,07:00,"19,40"
06/04/2024,05/04/2024,1100 UTC,08:00,"20,30"
06/04/2024,05/04/2024,1200 UTC,09:00,"20,00"
06/04/2024,05/04/2024,1300 UTC,10:00,"20,00"
06/04/2024,05/04/2024,1400 UTC,11:00,"19,60"
06/04/2024,05/04/2024,1500 UTC,12:00,"20,10"
06/04/2024,05/04/2024,1600 UTC,13:00,"21,10"
06/04/2024,05/04/2024,1700 UTC,14:00,"20,80"
06/04/2024,05/04/2024,1800 UTC,15:00,"20,80"
06/04/2024,05/04/2024,1900 UTC,16:00,"20,00"
06/04/2024,05/04/2024,2000 UTC,17:00,"18,90"
06/04/2024,05/04/2024,2100 UTC,18:00,"18,20"
06/04/2024,05/04/2024,2200 UTC,19:00,"18,20"
06/04/2024,05/04/2024,2300 UTC,20:00,"18,20"
07/04/2024,06/04/2024,0000 UTC,21:00,"18,20"
07/04/2024,06/04/2024,0100 UTC,22:00,"18,10"
07/04/2024,06/04/2024,0200 UTC,23:00,"18,20"
07/04/2024,06/04/2024,0300 UTC,00:00,"17,90"
07/04/2024,06/04/2024,0400 UTC,01:00,"17,80"
07/04/2024,06/04/2024,0500 UTC,02:00,"18,10"
07/04/2024,06/04/2024,0600 UTC,03:00,"17,90"
07/04/2024,06/04/2024,0700 UTC,04:00,"17,90"
07/04/2024,06/04/2024,0800 UTC,05:00,"18,00"
07/04/2024,06/04/2024,0900 UTC,06:00,"18,00"
07/04/2024,06/04/2024,1000 UTC,07:00,"18,30"
07/04/2024,06/04/2024,1100 UTC,08:00,"18,90"
07/04/2024,06/04/2024,1200 UTC,09:00,"19,60"
07/04/2024,06/04/2024,1300 UTC,10:00,"20,60"
07/04/2024,06/04/2024,1400 UTC,11:00,"22,10"
07/04/2024,06/04/2024,1500 UTC,12:00,"24,00"
07/04/2024,06/04/2024,1600 UTC,13:00,"25,60"
07/04/2024,06/04/2024,1700 UTC,14:00,"23,50"
07/04/2024,06/04/2024,1800 UTC,15:00,"22,70"
07/04/2024,06/04/2024,1900 UTC,16:00,"21,70"
07/04/2024,06/04/2024,2000 UTC,17:00,"21,10"
07/04/2024,06/04/2024,2100 UTC,18:00,"20,70"
07/04/2024,06/04/2024,2200 UTC,19:00,"20,30"
07/04/2024,06/04/2024,2300 UTC,20:00,"20,40"
08/04/2024,07/04/2024,0000 UTC,21:00,"20,30"
08/04/2024,07/04/2024,0100 UTC,22:00,"20,40"
08/04/2024,07/04/2024,0200 UTC,23:00,"20,20"
08/04/2024,07/04/2024,0300 UTC,00:00,"19,90"
08/04/2024,07/04/2024,0400 UTC,01:00,"19,60"
08/04/2024,07/04/2024,0500 UTC,02:00,"19,30"
08/04/2024,07/04/2024,0600 UTC,03:00,"19,00"
08/04/2024,07/04/2024,0700 UTC,04:00,"18,90"
08/04/2024,07/04/2024,0800 UTC,05:00,"19,20"
08/04/2024,07/04/2024,0900 UTC,06:00,"19,30"
08/04/2024,07/04/2024,1000 UTC,07:00,"19,40"
08/04/2024,07/04/2024,1100 UTC,08:00,"19,80"
08/04/2024,07/04/2024,1200 UTC,09:00,"20,30"
08/04/2024,07/04/2024,1300 UTC,10:00,"22,90"
08/04/2024,07/04/2024,1400 UTC,11:00,"24,00"
08/04/2024,07/04/2024,1500 UTC,12:00,"24,70"
08/04/2024,07/04/2024,1600 UTC,13:00,"25,60"
08/04/2024,07/04/2024,1700 UTC,14:00,"26,10"
08/04/2024,07/04/2024,1800 UTC,15:00,"25,20"
08/04/2024,07/04/2024,1900 UTC,16:00,"24,50"
08/04/2024,07/04/2024,2000 UTC,17:00,"21,20"
08/04/2024,07/04/2024,2100 UTC,18:00,"20,60"
08/04/2024,07/04/2024,2200 UTC,19:00,"19,90"
08/04/2024,07/04/2024,2300 UTC,20:00,"20,00"
09/04/2024,08/04/2024,0000 UTC,21:00,"19,80"
09/04/2024,08/04/2024,0100 UTC,22:00,"19,30"
09/04/2024,08/04/2024,0200 UTC,23:00,"19,30"
09/04/2024,08/04/2024,0300 UTC,00:00,"19,20"
09/04/2024,08/04/2024,0400 UTC,01:00,"19,00"
09/04/2024,08/04/2024,0500 UTC,02:00,"18,80"
09/04/2024,08/04/2024,0600 UTC,03:00,"18,80"
09/04/2024,08/04/2024,0700 UTC,04:00,"18,70"
09/04/2024,08/04/2024,0800 UTC,05:00,"18,20"
09/04/2024,08/04/2024,0900 UTC,06:00,"17,60"
09/04/2024,08/04/2024,1000 UTC,07:00,"18,00"
09/04/2024,08/04/2024,1100 UTC,08:00,"19,70"
09/04/2024,08/04/2024,1200 UTC,09:00,"21,90"
09/04/2024,08/04/2024,1300 UTC,10:00,"24,20"
09/04/2024,08/04/2024,1400 UTC,11:00,"25,50"
09/04/2024,08/04/2024,1500 UTC,12:00,"25,30"
09/04/2024,08/04/2024,1600 UTC,13:00,"27,20"
09/04/2024,08/04/2024,1700 UTC,14:00,"26,90"
09/04/2024,08/04/2024,1800 UTC,15:00,"27,60"
09/04/2024,08/04/2024,1900 UTC,16:00,"24,70"
09/04/2024,08/04/2024,2000 UTC,17:00,"22,20"
09/04/2024,08/04/2024,2100 UTC,18:00,"21,50"
09/04/2024,08/04/2024,2200 UTC,19:00,"21,10"
09/04/2024,08/04/2024,2300 UTC,20:00,"21,10"
10/04/2024,09/04/2024,0000 UTC,21:00,"20,70"
10/04/2024,09/04/2024,0100 UTC,22:00,"20,30"
10/04/2024,09/04/2024,0200 UTC,23:00,"19,90"
10/04/2024,09/04/2024,0300 UTC,00:00,"19,70"
10/04/2024,09/04/2024,0400 UTC,01:00,"19,50"
10/04/2024,09/04/2024,0500 UTC,02:00,"19,30"
10/04/2024,09/04/2024,0600 UTC,03:00,"18,20"
10/04/2024,09/04/2024,0700 UTC,04:00,"18,10"
10/04/2024,09/04/2024,0800 UTC,05:00,"18,00"
10/04/2024,09/04/2024,0900 UTC,06:00,"17,80"
10/04/2024,09/04/2024,1000 UTC,07:00,"18,10"
10/04/2024,09/04/2024,1100 UTC,08:00,"18,90"
10/04/2024,09/04/2024,1200 UTC,09:00,"20,60"
10/04/2024,09/04/2024,1300 UTC,10:00,"24,30"
10/04/2024,09/04/2024,1400 UTC,11:00,"25,90"
10/04/2024,09/04/2024,1500 UTC,12:00,"26,70"
10/04/2024,09/04/2024,1600 UTC,13:00,"27,10"
10/04/2024,09/04/2024,1700 UTC,14:00,"27,70"
10/04/2024,09/04/2024,1800 UTC,15:00,"27,90"
10/04/2024,09/04/2024,1900 UTC,16:00,"24,60"
10/04/2024,09/04/2024,2000 UTC,17:00,"23,90"
10/04/2024,09/04/2024,2100 UTC,18:00,"22,10"
10/04/2024,09/04/2024,2200 UTC,19:00,"21,20"
10/04/2024,09/04/2024,2300 UTC,20:00,"21,10"
11/04/2024,10/04/2024,0000 UTC,21:00,"20,80"
11/04/2024,10/04/2024,0100 UTC,22:00,"20,70"
11/04/2024,10/04/2024,0200 UTC,23:00,"20,30"
11/04/2024,10/04/2024,0300 UTC,00:00,"20,20"
11/04/2024,10/04/2024,0400 UTC,01:00,"20,60"
11/04/2024,10/04/2024,0500 UTC,02:00,"20,30"
11/04/2024,10/04/2024,0600 UTC,03:00,"20,00"
11/04/2024,10/04/2024,0700 UTC,04:00,"19,70"
11/04/2024,10/04/2024,0800 UTC,05:00,"19,30"
11/04/2024,10/04/2024,0900 UTC,06:00,"18,80"
11/04/2024,10/04/2024,1000 UTC,07:00,"19,40"
11/04/2024,10/04/2024,1100 UTC,08:00,"20,40"
11/04/2024,10/04/2024,1200 UTC,09:00,"21,80"
11/04/2024,10/04/2024,1300 UTC,10:00,"22,70"
11/04/2024,10/04/2024,1400 UTC,11:00,"24,10"
11/04/2024,10/04/2024,1500 UTC,12:00,"23,90"
11/04/2024,10/04/2024,1600 UTC,13:00,"24,60"
11/04/2024,10/04/2024,1700 UTC,14:00,"23,60"
11/04/2024,10/04/2024,1800 UTC,15:00,"23,20"
11/04/2024,10/04/2024,1900 UTC,16:00,"22,80"
11/04/2024,10/04/2024,2000 UTC,17:00,"21,90"
11/04/2024,10/04/2024,2100 UTC,18:00,"21,10"
11/04/2024,10/04/2024,2200 UTC,19:00,"20,70"
11/04/2024,10/04/2024,2300 UTC,20:00,"20,60"
12/04/2024,11/04/2024,0000 UTC,21:00,"20,70"
12/04/2024,11/04/2024,0100 UTC,22:00,"20,80"
12/04/2024,11/04/2024,0200 UTC,23:00,"20,30"
12/04/2024,11/04/2024,0300 UTC,00:00,"20,50"
12/04/2024,11/04/2024,0400 UTC,01:00,"20,30"
12/04/2024,11/04/2024,0500 UTC,02:00,"19,50"
12/04/2024,11/04/2024,0600 UTC,03:00,"19,30"
12/04/2024,11/04/2024,0700 UTC,04:00,"19,80"
12/04/2024,11/04/2024,0800 UTC,05:00,"19,40"
12/04/2024,11/04/2024,0900 UTC,06:00,"19,20"
12/04/2024,11/04/2024,1000 UTC,07:00,"20,00"
12/04/2024,11/04/2024,1100 UTC,08:00,"20,80"
12/04/2024,11/04/2024,1200 UTC,09:00,"22,10"
12/04/2024,11/04/2024,1300 UTC,10:00,"23,50"
12/04/2024,11/04/2024,1400 UTC,11:00,"24,10"
12/04/2024,11/04/2024,1500 UTC,12:00,"25,40"
12/04/2024,11/04/2024,1600 UTC,13:00,"25,70"
12/04/2024,11/04/2024,1700 UTC,14:00,"25,60"
12/04/2024,11/04/2024,1800 UTC,15:00,"25,20"
12/04/2024,11/04/2024,1900 UTC,16:00,"25,10"
12/04/2024,11/04/2024,2000 UTC,17:00,"23,60"
12/04/2024,11/04/2024,2100 UTC,18:00,"22,30"
12/04/2024,11/04/2024,2200 UTC,19:00,"21,50"
12/04/2024,11/04/2024,2300 UTC,20:00,"21,40"
13/04/2024,12/04/2024,0000 UTC,21:00,"21,10"
13/04/2024,12/04/2024,0100 UTC,22:00,"20,70"
13/04/2024,12/04/2024,0200 UTC,23:00,"20,70"
13/04/2024,12/04/2024,0300 UTC,00:00,"20,70"
13/04/2024,12/04/2024,0400 UTC,01:00,"20,30"
13/04/2024,12/04/2024,0500 UTC,02:00,"20,50"
13/04/2024,12/04/2024,0600 UTC,03:00,"20,30"
13/04/2024,12/04/2024,0700 UTC,04:00,"20,30"
13/04/2024,12/04/2024,0800 UTC,05:00,"20,30"
13/04/2024,12/04/2024,0900 UTC,06:00,"19,80"
13/04/2024,12/04/2024,1000 UTC,07:00,"20,00"
13/04/2024,12/04/2024,1100 UTC,08:00,"21,60"
13/04/2024,12/04/2024,1200 UTC,09:00,"22,50"
13/04/2024,12/04/2024,1300 UTC,10:00,"24,40"
13/04/2024,12/04/2024,1400 UTC,11:00,"25,20"
13/04/2024,12/04/2024,1500 UTC,12:00,"26,90"
13/04/2024,12/04/2024,1600 UTC,13:00,"26,20"
13/04/2024,12/04/2024,1700 UTC,14:00,"25,70"
13/04/2024,12/04/2024,1800 UTC,15:00,"25,70"
13/04/2024,12/04/2024,1900 UTC,16:00,"24,60"
13/04/2024,12/04/2024,2000 UTC,17:00,"23,80"
13/04/2024,12/04/2024,2100 UTC,18:00,"22,30"
13/04/2024,12/04/2024,2200 UTC,19:00,"22,00"
13/04/2024,12/04/2024,2300 UTC,20:00,"21,60"
14/04/2024,13/04/2024,0000 UTC,21:00,"21,10"
14/04/2024,13/04/2024,0100 UTC,22:00,"20,50"
14/04/2024,13/04/2024,0200 UTC,23:00,"20,00"
14/04/2024,13/04/2024,0300 UTC,00:00,"19,90"
14/04/2024,13/04/2024,0400 UTC,01:00,"19,90"
14/04/2024,13/04/2024,0500 UTC,02:00,"19,70"
14/04/2024,13/04/2024,0600 UTC,03:00,"19,50"
14/04/2024,13/04/2024,0700 UTC,04:00,"19,40"
14/04/2024,13/04/2024,0800 UTC,05:00,"19,60"
14/04/2024,13/04/2024,0900 UTC,06:00,"19,60"
14/04/2024,13/04/2024,1000 UTC,07:00,"19,90"
14/04/2024,13/04/2024,1100 UTC,08:00,"20,20"
14/04/2024,13/04/2024,1200 UTC,09:00,"20,60"
14/04/2024,13/04/2024,1300 UTC,10:00,"21,20"
14/04/2024,13/04/2024,1400 UTC,11:00,"21,30"
14/04/2024,13/04/2024,1500 UTC,12:00,"22,30"
14/04/2024,13/04/2024,1600 UTC,13:00,"22,70"
14/04/2024,13/04/2024,1700 UTC,14:00,"22,50"
14/04/2024,13/04/2024,1800 UTC,15:00,"22,20"
14/04/2024,13/04/2024,1900 UTC,16:00,"22,10"
14/04/2024,13/04/2024,2000 UTC,17:00,"21,40"
14/04/2024,13/04/2024,2100 UTC,18:00,"20,90"
14/04/2024,13/04/2024,2200 UTC,19:00,"20,90"
14/04/2024,13/04/2024,2300 UTC,20:00,"20,90"
15/04/2024,14/04/2024,0000 UTC,21:00,"20,80"
15/04/2024,14/04/2024,0100 UTC,22:00,"20,70"
15/04/2024,14/04/2024,0200 UTC,23:00,"20,70"
15/04/2024,14/04/2024,0300 UTC,00:00,"20,40"
15/04/2024,14/04/2024,0400 UTC,01:00,"20,30"
15/04/2024,14/04/2024,0500 UTC,02:00,"20,30"
15/04/2024,14/04/2024,0600 UTC,03:00,"20,20"
15/04/2024,14/04/2024,0700 UTC,04:00,"20,00"
15/04/2024,14/04/2024,0800 UTC,05:00,"20,10"
15/04/2024,14/04/2024,0900 UTC,06:00,"20,00"
15/04/2024,14/04/2024,1000 UTC,07:00,"20,10"
15/04/2024,14/04/2024,1100 UTC,08:00,"20,30"
15/04/2024,14/04/2024,1200 UTC,09:00,"21,60"
15/04/2024,14/04/2024,1300 UTC,10:00,"22,50"
15/04/2024,14/04/2024,1400 UTC,11:00,"23,70"
15/04/2024,14/04/2024,1500 UTC,12:00,"24,10"
15/04/2024,14/04/2024,1600 UTC,13:00,"25,20"
15/04/2024,14/04/2024,1700 UTC,14:00,"25,70"
15/04/2024,14/04/2024,1800 UTC,15:00,"25,10"
15/04/2024,14/04/2024,1900 UTC,16:00,"24,50"
15/04/2024,14/04/2024,2000 UTC,17:00,"22,40"
15/04/2024,14/04/2024,2100 UTC,18:00,"21,50"
15/04/2024,14/04/2024,2200 UTC,19:00,"21,40"
15/04/2024,14/04/2024,2300 UTC,20:00,"21,50"
16/04/2024,15/04/2024,0000 UTC,21:00,"21,60"
16/04/2024,15/04/2024,0100 UTC,22:00,"21,50"
16/04/2024,15/04/2024,0200 UTC,23:00,"21,40"
16/04/2024,15/04/2024,0300 UTC,00:00,"21,30"
16/04/2024,15/04/2024,0400 UTC,01:00,"20,80"
16/04/2024,15/04/2024,0500 UTC,02:00,"20,40"
16/04/2024,15/04/2024,0600 UTC,03:00,"20,50"
16/04/2024,15/04/2024,0700 UTC,04:00,"20,50"
16/04/2024,15/04/2024,0800 UTC,05:00,"20,30"
16/04/2024,15/04/2024,0900 UTC,06:00,"20,10"
16/04/2024,15/04/2024,1000 UTC,07:00,"19,90"
16/04/2024,15/04/2024,1100 UTC,08:00,"21,90"
16/04/2024,15/04/2024,1200 UTC,09:00,"23,60"
16/04/2024,15/04/2024,1300 UTC,10:00,"25,30"
16/04/2024,15/04/2024,1400 UTC,11:00,"26,60"
16/04/2024,15/04/2024,1500 UTC,12:00,"28,40"
16/04/2024,15/04/2024,1600 UTC,13:00,"28,50"
16/04/2024,15/04/2024,1700 UTC,14:00,"28,30"
16/04/2024,15/04/2024,1800 UTC,15:00,"23,20"
16/04/2024,15/04/2024,1900 UTC,16:00,"23,80"
16/04/2024,15/04/2024,2000 UTC,17:00,"23,60"
16/04/2024,15/04/2024,2100 UTC,18:00,"23,00"
16/04/2024,15/04/2024,2200 UTC,19:00,"22,50"
16/04/2024,15/04/2024,2300 UTC,20:00,"22,50"
17/04/2024,16/04/2024,0000 UTC,21:00,"22,30"
17/04/2024,16/04/2024,0100 UTC,22:00,"21,90"
17/04/2024,16/04/2024,0200 UTC,23:00,"21,90"
17/04/2024,16/04/2024,0300 UTC,00:00,"21,70"
17/04/2024,16/04/2024,0400 UTC,01:00,"21,50"
17/04/2024,16/04/2024,0500 UTC,02:00,"21,30"
17/04/2024,16/04/2024,0600 UTC,03:00,"21,60"
17/04/2024,16/04/2024,0700 UTC,04:00,"21,30"
17/04/2024,16/04/2024,0800 UTC,05:00,"21,00"
17/04/2024,16/04/2024,0900 UTC,06:00,"20,80"
17/04/2024,16/04/2024,1000 UTC,07:00,"20,80"
17/04/2024,16/04/2024,1100 UTC,08:00,"21,40"
17/04/2024,16/04/2024,1200 UTC,09:00,"23,10"
17/04/2024,16/04/2024,1300 UTC,10:00,"24,40"
17/04/2024,16/04/2024,1400 UTC,11:00,"25,40"
17/04/2024,16/04/2024,1500 UTC,12:00,"26,30"
17/04/2024,16/04/2024,1600 UTC,13:00,"27,00"
17/04/2024,16/04/2024,1700 UTC,14:00,"26,70"
17/04/2024,16/04/2024,1800 UTC,15:00,"25,30"
17/04/2024,16/04/2024,1900 UTC,16:00,"26,10"
17/04/2024,16/04/2024,2000 UTC,17:00,"24,90"
17/04/2024,16/04/2024,2100 UTC,18:00,"24,30"
17/04/2024,16/04/2024,2200 UTC,19:00,"23,40"
17/04/2024,16/04/2024,2300 UTC,20:00,"20,80"
18/04/2024,17/04/2024,0000 UTC,21:00,"20,70"
18/04/2024,17/04/2024,0100 UTC,22:00,"20,30"
18/04/2024,17/04/2024,0200 UTC,23:00,"19,40"
18/04/2024,17/04/2024,0300 UTC,00:00,"19,00"
18/04/2024,17/04/2024,0400 UTC,01:00,"18,70"
18/04/2024,17/04/2024,0500 UTC,02:00,"18,40"
18/04/2024,17/04/2024,0600 UTC,03:00,"18,00"
18/04/2024,17/04/2024,0700 UTC,04:00,"18,20"
18/04/2024,17/04/2024,0800 UTC,05:00,"17,90"
18/04/2024,17/04/2024,0900 UTC,06:00,"17,80"
18/04/2024,17/04/2024,1000 UTC,07:00,"17,50"
18/04/2024,17/04/2024,1100 UTC,08:00,"17,60"
18/04/2024,17/04/2024,1200 UTC,09:00,"17,70"
18/04/2024,17/04/2024,1300 UTC,10:00,"17,90"
18/04/2024,17/04/2024,1400 UTC,11:00,"18,20"
18/04/2024,17/04/2024,1500 UTC,12:00,"18,80"
18/04/2024,17/04/2024,1600 UTC,13:00,"18,50"
18/04/2024,17/04/2024,1700 UTC,14:00,"19,50"
18/04/2024,17/04/2024,1800 UTC,15:00,"17,00"
18/04/2024,17/04/2024,1900 UTC,16:00,"17,60"
18/04/2024,17/04/2024,2000 UTC,17:00,"17,20"
18/04/2024,17/04/2024,2100 UTC,18:00,"17,00"
18/04/2024,17/04/2024,2200 UTC,19:00,"16,60"
18/04/2024,17/04/2024,2300 UTC,20:00,"16,20"
19/04/2024,18/04/2024,0000 UTC,21:00,"15,30"
19/04/2024,18/04/2024,0100 UTC,22:00,"15,00"
19/04/2024,18/04/2024,0200 UTC,23:00,"14,50"
19/04/2024,18/04/2024,0300 UTC,00:00,"14,10"
19/04/2024,18/04/2024,0400 UTC,01:00,"13,80"
19/04/2024,18/04/2024,0500 UTC,02:00,"13,50"
19/04/2024,18/04/2024,0600 UTC,03:00,"12,50"
19/04/2024,18/04/2024,0700 UTC,04:00,"12,50"
19/04/2024,18/04/2024,0800 UTC,05:00,"12,90"
19/04/2024,18/04/2024,0900 UTC,06:00,"12,60"
19/04/2024,18/04/2024,1000 UTC,07:00,"13,20"
19/04/2024,18/04/2024,1100 UTC,08:00,"15,00"
19/04/2024,18/04/2024,1200 UTC,09:00,"17,20"
19/04/2024,18/04/2024,1300 UTC,10:00,"18,50"
19/04/2024,18/04/2024,1400 UTC,11:00,"19,90"
19/04/2024,18/04/2024,1500 UTC,12:00,"20,50"
19/04/2024,18/04/2024,1600 UTC,13:00,"21,10"
19/04/2024,18/04/2024,1700 UTC,14:00,"21,30"
19/04/2024,18/04/2024,1800 UTC,15:00,"21,40"
19/04/2024,18/04/2024,1900 UTC,16:00,"19,60"
19/04/2024,18/04/2024,2000 UTC,17:00,"19,00"
19/04/2024,18/04/2024,2100 UTC,18:00,"16,90"
19/04/2024,18/04/2024,2200 UTC,19:00,"15,70"
19/04/2024,18/04/2024,2300 UTC,20:00,"14,90"
20/04/2024,19/04/2024,0000 UTC,21:00,"14,60"
20/04/2024,19/04/2024,0100 UTC,22:00,"14,40"
20/04/2024,19/04/2024,0200 UTC,23:00,"14,50"
20/04/2024,19/04/2024,0300 UTC,00:00,"14,70"
20/04/2024,19/04/2024,0400 UTC,01:00,"15,00"
20/04/2024,19/04/2024,0500 UTC,02:00,"15,60"
20/04/2024,19/04/2024,0600 UTC,03:00,"15,60"
20/04/2024,19/04/2024,0700 UTC,04:00,"15,20"
20/04/2024,19/04/2024,0800 UTC,05:00,"15,30"
20/04/2024,19/04/2024,0900 UTC,06:00,"15,50"
20/04/2024,19/04/2024,1000 UTC,07:00,"15,60"
20/04/2024,19/04/2024,1100 UTC,08:00,"16,50"
20/04/2024,19/04/2024,1200 UTC,09:00,"17,40"
20/04/2024,19/04/2024,1300 UTC,10:00,"19,10"
20/04/2024,19/04/2024,1400 UTC,11:00,"19,80"
20/04/2024,19/04/2024,1500 UTC,12:00,"20,60"
20/04/2024,19/04/2024,1600 UTC,13:00,"21,80"
20/04/2024,19/04/2024,1700 UTC,14:00,"21,00"
20/04/2024,19/04/2024,1800 UTC,15:00,"20,80"
20/04/2024,19/04/2024,1900 UTC,16:00,"19,80"
20/04/2024,19/04/2024,2000 UTC,17:00,"19,20"
20/04/2024,19/04/2024,2100 UTC,18:00,"18,00"
20/04/2024,19/04/2024,2200 UTC,19:00,"17,50"
20/04/2024,19/04/2024,2300 UTC,20:00,"17,60"
21/04/2024,20/04/2024,0000 UTC,21:00,"16,70"
21/04/2024,20/04/2024,0100 UTC,22:00,"16,30"
21/04/2024,20/04/2024,0200 UTC,23:00,"16,10"
21/04/2024,20/04/2024,0300 UTC,00:00,"15,80"
21/04/2024,20/04/2024,0400 UTC,01:00,"16,80"
21/04/2024,20/04/2024,0500 UTC,02:00,"16,80"
21/04/2024,20/04/2024,0600 UTC,03:00,"16,70"
21/04/2024,20/04/2024,0700 UTC,04:00,"16,50"
21/04/2024,20/04/2024,0800 UTC,05:00,"16,20"
21/04/2024,20/04/2024,0900 UTC,06:00,"15,80"
21/04/2024,20/04/2024,1000 UTC,07:00,"15,70"
21/04/2024,20/04/2024,1100 UTC,08:00,"16,00"
21/04/2024,20/04/2024,1200 UTC,09:00,"16,70"
21/04/2024,20/04/2024,1300 UTC,10:00,"19,50"
21/04/2024,20/04/2024,1400 UTC,11:00,"22,30"
21/04/2024,20/04/2024,1500 UTC,12:00,"24,10"
21/04/2024,20/04/2024,1600 UTC,13:00,"25,30"
21/04/2024,20/04/2024,1700 UTC,14:00,"26,70"
21/04/2024,20/04/2024,1800 UTC,15:00,"27,10"
21/04/2024,20/04/2024,1900 UTC,16:00,"26,70"
21/04/2024,20/04/2024,2000 UTC,17:00,"26,40"
21/04/2024,20/04/2024,2100 UTC,18:00,"24,80"
21/04/2024,20/04/2024,2200 UTC,19:00,"22,20"
21/04/2024,20/04/2024,2300 UTC,20:00,"19,30"
22/04/2024,21/04/2024,0000 UTC,21:00,"17,90"
22/04/2024,21/04/2024,0100 UTC,22:00,"17,50"
22/04/2024,21/04/2024,0200 UTC,23:00,"16,80"
22/04/2024,21/04/2024,0300 UTC,00:00,"16,30"
22/04/2024,21/04/2024,0400 UTC,01:00,"15,70"
22/04/2024,21/04/2024,0500 UTC,02:00,"15,30"
22/04/2024,21/04/2024,0600 UTC,03:00,"14,40"
22/04/2024,21/04/2024,0700 UTC,04:00,"14,00"
22/04/2024,21/04/2024,0800 UTC,05:00,"13,70"
22/04/2024,21/04/2024,0900 UTC,06:00,"13,40"
22/04/2024,21/04/2024,1000 UTC,07:00,"13,30"
22/04/2024,21/04/2024,1100 UTC,08:00,"15,70"
22/04/2024,21/04/2024,1200 UTC,09:00,"19,20"
22/04/2024,21/04/2024,1300 UTC,10:00,"23,20"
22/04/2024,21/04/2024,1400 UTC,11:00,"25,50"
22/04/2024,21/04/2024,1500 UTC,12:00,"26,80"
22/04/2024,21/04/2024,1600 UTC,13:00,"27,60"
22/04/2024,21/04/2024,1700 UTC,14:00,"28,10"
22/04/2024,21/04/2024,1800 UTC,15:00,"28,90"
22/04/2024,21/04/2024,1900 UTC,16:00,"28,30"
22/04/2024,21/04/2024,2000 UTC,17:00,"27,40"
22/04/2024,21/04/2024,2100 UTC,18:00,"24,20"
22/04/2024,21/04/2024,2200 UTC,19:00,"21,40"
22/04/2024,21/04/2024,2300 UTC,20:00,"20,60"
23/04/2024,22/04/2024,0000 UTC,21:00,"20,10"
23/04/2024,22/04/2024,0100 UTC,22:00,"19,90"
23/04/2024,22/04/2024,0200 UTC,23:00,"19,90"
23/04/2024,22/04/2024,0300 UTC,00:00,"18,70"
23/04/2024,22/04/2024,0400 UTC,01:00,"18,20"
23/04/2024,22/04/2024,0500 UTC,02:00,"17,60"
23/04/2024,22/04/2024,0600 UTC,03:00,"17,80"
23/04/2024,22/04/2024,0700 UTC,04:00,"16,90"
23/04/2024,22/04/2024,0800 UTC,05:00,"16,40"
23/04/2024,22/04/2024,0900 UTC,06:00,"16,10"
23/04/2024,22/04/2024,1000 UTC,07:00,"16,20"
23/04/2024,22/04/2024,1100 UTC,08:00,"18,10"
23/04/2024,22/04/2024,1200 UTC,09:00,"20,30"
23/04/2024,22/04/2024,1300 UTC,10:00,"23,90"
23/04/2024,22/04/2024,1400 UTC,11:00,"25,80"
23/04/2024,22/04/2024,1500 UTC,12:00,"27,40"
23/04/2024,22/04/2024,1600 UTC,13:00,"28,20"
23/04/2024,22/04/2024,1700 UTC,14:00,"29,00"
23/04/2024,22/04/2024,1800 UTC,15:00,"29,50"
23/04/2024,22/04/2024,1900 UTC,16:00,"29,30"
23/04/2024,22/04/2024,2000 UTC,17:00,"28,00"
23/04/2024,22/04/2024,2100 UTC,18:00,"26,50"
23/04/2024,22/04/2024,2200 UTC,19:00,"25,10"
23/04/2024,22/04/2024,2300 UTC,20:00,"22,90"
24/04/2024,23/04/2024,0000 UTC,21:00,"21,00"
24/04/2024,23/04/2024,0100 UTC,22:00,"19,50"
24/04/2024,23/04/2024,0200 UTC,23:00,"19,30"
24/04/2024,23/04/2024,0300 UTC,00:00,"18,60"
24/04/2024,23/04/2024,0400 UTC,01:00,"18,10"
24/04/2024,23/04/2024,0500 UTC,02:00,"17,50"
24/04/2024,23/04/2024,0600 UTC,03:00,"17,00"
24/04/2024,23/04/2024,0700 UTC,04:00,"16,70"
24/04/2024,23/04/2024,0800 UTC,05:00,"16,00"
24/04/2024,23/04/2024,0900 UTC,06:00,"16,00"
24/04/2024,23/04/2024,1000 UTC,07:00,"16,60"
24/04/2024,23/04/2024,1100 UTC,08:00,"20,00"
24/04/2024,23/04/2024,1200 UTC,09:00,"22,90"
24/04/2024,23/04/2024,1300 UTC,10:00,"25,50"
24/04/2024,23/04/2024,1400 UTC,11:00,"27,10"
24/04/2024,23/04/2024,1500 UTC,12:00,"28,10"
24/04/2024,23/04/2024,1600 UTC,13:00,"28,70"
24/04/2024,23/04/2024,1700 UTC,14:00,"28,70"
24/04/2024,23/04/2024,1800 UTC,15:00,"28,60"
24/04/2024,23/04/2024,1900 UTC,16:00,"29,30"
24/04/2024,23/04/2024,2000 UTC,17:00,"27,30"
24/04/2024,23/04/2024,2100 UTC,18:00,"23,60"
24/04/2024,23/04/2024,2200 UTC,19:00,"22,60"
24/04/2024,23/04/2024,2300 UTC,20:00,"21,80"
25/04/2024,24/04/2024,0000 UTC,21:00,"21,10"
25/04/2024,24/04/2024,0100 UTC,22:00,"20,30"
25/04/2024,24/04/2024,0200 UTC,23:00,"20,50"
25/04/2024,24/04/2024,0300 UTC,00:00,"20,60"
25/04/2024,24/04/2024,0400 UTC,01:00,"20,50"
25/04/2024,24/04/2024,0500 UTC,02:00,"20,20"
25/04/2024,24/04/2024,0600 UTC,03:00,"20,30"
25/04/2024,24/04/2024,0700 UTC,04:00,"19,90"
25/04/2024,24/04/2024,0800 UTC,05:00,"19,90"
25/04/2024,24/04/2024,0900 UTC,06:00,"20,00"
25/04/2024,24/04/2024,1000 UTC,07:00,"20,30"
25/04/2024,24/04/2024,1100 UTC,08:00,"20,60"
25/04/2024,24/04/2024,1200 UTC,09:00,"20,70"
25/04/2024,24/04/2024,1300 UTC,10:00,"21,10"
25/04/2024,24/04/2024,1400 UTC,11:00,"21,10"
25/04/2024,24/04/2024,1500 UTC,12:00,"22,80"
25/04/2024,24/04/2024,1600 UTC,13:00,"22,80"
25/04/2024,24/04/2024,1700 UTC,14:00,"22,60"
25/04/2024,24/04/2024,1800 UTC,15:00,"22,40"
25/04/2024,24/04/2024,1900 UTC,16:00,"21,50"
25/04/2024,24/04/2024,2000 UTC,17:00,"21,20"
25/04/2024,24/04/2024,2100 UTC,18:00,"20,10"
25/04/2024,24/04/2024,2200 UTC,19:00,"19,30"
25/04/2024,24/04/2024,2300 UTC,20:00,"19,30"
26/04/2024,25/04/2024,0000 UTC,21:00,"19,30"
26/04/2024,25/04/2024,0100 UTC,22:00,"19,10"
26/04/2024,25/04/2024,0200 UTC,23:00,"18,90"
26/04/2024,25/04/2024,0300 UTC,00:00,"18,80"
26/04/2024,25/04/2024,0400 UTC,01:00,"18,80"
26/04/2024,25/04/2024,0500 UTC,02:00,"18,60"
26/04/2024,25/04/2024,0600 UTC,03:00,"18,60"
26/04/2024,25/04/2024,0700 UTC,04:00,"18,60"
26/04/2024,25/04/2024,0800 UTC,05:00,"18,60"
26/04/2024,25/04/2024,0900 UTC,06:00,"18,40"
26/04/2024,25/04/2024,1000 UTC,07:00,"18,40"
26/04/2024,25/04/2024,1100 UTC,08:00,"19,00"
26/04/2024,25/04/2024,1200 UTC,09:00,"19,90"
26/04/2024,25/04/2024,1300 UTC,10:00,"20,70"
26/04/2024,25/04/2024,1400 UTC,11:00,"21,70"
26/04/2024,25/04/2024,1500 UTC,12:00,"23,40"
26/04/2024,25/04/2024,1600 UTC,13:00,"24,90"
26/04/2024,25/04/2024,1700 UTC,14:00,"24,90"
26/04/2024,25/04/2024,1800 UTC,15:00,"24,70"
26/04/2024,25/04/2024,1900 UTC,16:00,"23,20"
26/04/2024,25/04/2024,2000 UTC,17:00,"21,20"
26/04/2024,25/04/2024,2100 UTC,18:00,"20,50"
26/04/2024,25/04/2024,2200 UTC,19:00,"20,30"
26/04/2024,25/04/2024,2300 UTC,20:00,"20,30"
27/04/2024,26/04/2024,0000 UTC,21:00,"20,20"
27/04/2024,26/04/2024,0100 UTC,22:00,"20,00"
27/04/2024,26/04/2024,0200 UTC,23:00,"19,80"
27/04/2024,26/04/2024,0300 UTC,00:00,"19,30"
27/04/2024,26/04/2024,0400 UTC,01:00,"19,10"
27/04/2024,26/04/2024,0500 UTC,02:00,"19,00"
27/04/2024,26/04/2024,0600 UTC,03:00,"18,80"
27/04/2024,26/04/2024,0700 UTC,04:00,"18,50"
27/04/2024,26/04/2024,0800 UTC,05:00,"18,20"
27/04/2024,26/04/2024,0900 UTC,06:00,"18,20"
27/04/2024,26/04/2024,1000 UTC,07:00,"17,80"
27/04/2024,26/04/2024,1100 UTC,08:00,"18,60"
27/04/2024,26/04/2024,1200 UTC,09:00,"20,40"
27/04/2024,26/04/2024,1300 UTC,10:00,"25,10"
27/04/2024,26/04/2024,1400 UTC,11:00,"27,40"
27/04/2024,26/04/2024,1500 UTC,12:00,"28,50"
27/04/2024,26/04/2024,1600 UTC,13:00,"29,90"
27/04/2024,26/04/2024,1700 UTC,14:00,"31,00"
27/04/2024,26/04/2024,1800 UTC,15:00,"29,50"
27/04/2024,26/04/2024,1900 UTC,16:00,"30,40"
27/04/2024,26/04/2024,2000 UTC,17:00,"28,80"
27/04/2024,26/04/2024,2100 UTC,18:00,"27,70"
27/04/2024,26/04/2024,2200 UTC,19:00,"25,30"
27/04/2024,26/04/2024,2300 UTC,20:00,"24,00"
28/04/2024,27/04/2024,0000 UTC,21:00,"24,10"
28/04/2024,27/04/2024,0100 UTC,22:00,"23,90"
28/04/2024,27/04/2024,0200 UTC,23:00,"21,60"
28/04/2024,27/04/2024,0300 UTC,00:00,"22,90"
28/04/2024,27/04/2024,0400 UTC,01:00,"21,10"
28/04/2024,27/04/2024,0500 UTC,02:00,"21,00"
28/04/2024,27/04/2024,0600 UTC,03:00,"20,10"
28/04/2024,27/04/2024,0700 UTC,04:00,"18,80"
28/04/2024,27/04/2024,0800 UTC,05:00,"19,80"
28/04/2024,27/04/2024,0900 UTC,06:00,"19,80"
28/04/2024,27/04/2024,1000 UTC,07:00,"20,80"
28/04/2024,27/04/2024,1100 UTC,08:00,"22,70"
28/04/2024,27/04/2024,1200 UTC,09:00,"24,60"
28/04/2024,27/04/2024,1300 UTC,10:00,"25,90"
28/04/2024,27/04/2024,1400 UTC,11:00,"27,70"
28/04/2024,27/04/2024,1500 UTC,12:00,"29,10"
28/04/2024,27/04/2024,1600 UTC,13:00,"29,20"
28/04/2024,27/04/2024,1700 UTC,14:00,"29,60"
28/04/2024,27/04/2024,1800 UTC,15:00,"30,00"
28/04/2024,27/04/2024,1900 UTC,16:00,"29,70"
28/04/2024,27/04/2024,2000 UTC,17:00,"27,70"
28/04/2024,27/04/2024,2100 UTC,18:00,"23,10"
28/04/2024,27/04/2024,2200 UTC,19:00,"22,40"
28/04/2024,27/04/2024,2300 UTC,20:00,"21,70"
29/04/2024,28/04/2024,0000 UTC,21:00,"21,10"
29/04/2024,28/04/2024,0100 UTC,22:00,"20,60"
29/04/2024,28/04/2024,0200 UTC,23:00,"20,80"
29/04/2024,28/04/2024,0300 UTC,00:00,"20,70"
29/04/2024,28/04/2024,0400 UTC,01:00,"20,70"
29/04/2024,28/04/2024,0500 UTC,02:00,"20,60"
29/04/2024,28/04/2024,0600 UTC,03:00,"20,40"
29/04/2024,28/04/2024,0700 UTC,04:00,"19,80"
29/04/2024,28/04/2024,0800 UTC,05:00,"19,50"
29/04/2024,28/04/2024,0900 UTC,06:00,"19,30"
29/04/2024,28/04/2024,1000 UTC,07:00,"19,50"
29/04/2024,28/04/2024,1100 UTC,08:00,"20,20"
29/04/2024,28/04/2024,1200 UTC,09:00,"22,50"
29/04/2024,28/04/2024,1300 UTC,10:00,"24,50"
29/04/2024,28/04/2024,1400 UTC,11:00,"27,20"
29/04/2024,28/04/2024,1500 UTC,12:00,"28,70"
29/04/2024,28/04/2024,1600 UTC,13:00,"29,80"
29/04/2024,28/04/2024,1700 UTC,14:00,"30,70"
29/04/2024,28/04/2024,1800 UTC,15:00,"30,90"
29/04/2024,28/04/2024,1900 UTC,16:00,"30,50"
29/04/2024,28/04/2024,2000 UTC,17:00,"29,00"
29/04/2024,28/04/2024,2100 UTC,18:00,"26,90"
29/04/2024,28/04/2024,2200 UTC,19:00,"24,60"
29/04/2024,28/04/2024,2300 UTC,20:00,"23,70"
30/04/2024,29/04/2024,0000 UTC,21:00,"23,40"
30/04/2024,29/04/2024,0100 UTC,22:00,"22,10"
30/04/2024,29/04/2024,0200 UTC,23:00,"21,40"
30/04/2024,29/04/2024,0300 UTC,00:00,"21,60"
30/04/2024,29/04/2024,0400 UTC,01:00,"21,00"
30/04/2024,29/04/2024,0500 UTC,02:00,"20,90"
30/04/2024,29/04/2024,0600 UTC,03:00,"20,70"
30/04/2024,29/04/2024,0700 UTC,04:00,"20,60"
30/04/2024,29/04/2024,0800 UTC,05:00,"20,90"
30/04/2024,29/04/2024,0900 UTC,06:00,"19,10"
30/04/2024,29/04/2024,1000 UTC,07:00,"18,50"
30/04/2024,29/04/2024,1100 UTC,08:00,"19,60"
30/04/2024,29/04/2024,1200 UTC,09:00,"24,20"
30/04/2024,29/04/2024,1300 UTC,10:00,"26,70"
30/04/2024,29/04/2024,1400 UTC,11:00,"28,40"
30/04/2024,29/04/2024,1500 UTC,12:00,"29,20"
30/04/2024,29/04/2024,1600 UTC,13:00,"30,40"
30/04/2024,29/04/2024,1700 UTC,14:00,"31,00"
30/04/2024,29/04/2024,1800 UTC,15:00,"31,20"
30/04/2024,29/04/2024,1900 UTC,16:00,"30,90"
30/04/2024,29/04/2024,2000 UTC,17:00,"30,30"
30/04/2024,29/04/2024,2100 UTC,18:00,"28,40"
30/04/2024,29/04/2024,2200 UTC,19:00,"25,00"
30/04/2024,29/04/2024,2300 UTC,20:00,"24,30"
01/05/2024,30/04/2024,0000 UTC,21:00,"23,50"
01/05/2024,30/04/2024,0100 UTC,22:00,"22,10"
01/05/2024,30/04/2024,0200 UTC,23:00,"21,30"
01/05/2024,30/04/2024,0300 UTC,00:00,"20,70"
01/05/2024,30/04/2024,0400 UTC,01:00,"19,90"
01/05/2024,30/04/2024,0500 UTC,02:00,"19,00"
01/05/2024,30/04/2024,0600 UTC,03:00,"18,70"
01/05/2024,30/04/2024,0700 UTC,04:00,"18,50"
01/05/2024,30/04/2024,0800 UTC,05:00,"16,60"
01/05/2024,30/04/2024,0900 UTC,06:00,"17,30"
01/05/2024,30/04/2024,1000 UTC,07:00,"16,90"
01/05/2024,30/04/2024,1100 UTC,08:00,"18,30"
01/05/2024,30/04/2024,1200 UTC,09:00,"23,30"
01/05/2024,30/04/2024,1300 UTC,10:00,"26,00"
01/05/2024,30/04/2024,1400 UTC,11:00,"27,70"
01/05/2024,30/04/2024,1500 UTC,12:00,"29,50"
01/05/2024,30/04/2024,1600 UTC,13:00,"30,80"
01/05/2024,30/04/2024,1700 UTC,14:00,"31,30"
01/05/2024,30/04/2024,1800 UTC,15:00,"31,00"
01/05/2024,30/04/2024,1900 UTC,16:00,"30,70"
01/05/2024,30/04/2024,2000 UTC,17:00,"29,80"
01/05/2024,30/04/2024,2100 UTC,18:00,"27,50"
01/05/2024,30/04/2024,2200 UTC,19:00,"25,30"
01/05/2024,30/04/2024,2300 UTC,20:00,"22,90"
02/05/2024,01/05/2024,0000 UTC,21:00,"21,40"
02/05/2024,01/05/2024,0100 UTC,22:00,"21,30"
02/05/2024,01/05/2024,0200 UTC,23:00,"20,00"
02/05/2024,01/05/2024,0300 UTC,00:00,"20,50"
02/05/2024,01/05/2024,0400 UTC,01:00,"19,90"
02/05/2024,01/05/2024,0500 UTC,02:00,"18,30"
02/05/2024,01/05/2024,0600 UTC,03:00,"17,60"
02/05/2024,01/05/2024,0700 UTC,04:00,"17,30"
02/05/2024,01/05/2024,0800 UTC,05:00,"16,10"
02/05/2024,01/05/2024,0900 UTC,06:00,"17,00"
02/05/2024,01/05/2024,1000 UTC,07:00,"17,30"
02/05/2024,01/05/2024,1100 UTC,08:00,"21,20"
02/05/2024,01/05/2024,1200 UTC,09:00,"24,10"
02/05/2024,01/05/2024,1300 UTC,10:00,"26,60"
02/05/2024,01/05/2024,1400 UTC,11:00,"28,60"
02/05/2024,01/05/2024,1500 UTC,12:00,"30,90"
02/05/2024,01/05/2024,1600 UTC,13:00,"31,60"
02/05/2024,01/05/2024,1700 UTC,14:00,"31,50"
02/05/2024,01/05/2024,1800 UTC,15:00,"31,30"
02/05/2024,01/05/2024,1900 UTC,16:00,"30,80"
02/05/2024,01/05/2024,2000 UTC,17:00,"29,50"
02/05/2024,01/05/2024,2100 UTC,18:00,"28,00"
02/05/2024,01/05/2024,2200 UTC,19:00,"25,90"
02/05/2024,01/05/2024,2300 UTC,20:00,"23,20"
03/05/2024,02/05/2024,0000 UTC,21:00,"22,70"
03/05/2024,02/05/2024,0100 UTC,22:00,"20,90"
03/05/2024,02/05/2024,0200 UTC,23:00,"20,10"
03/05/2024,02/05/2024,0300 UTC,00:00,"19,90"
03/05/2024,02/05/2024,0400 UTC,01:00,"19,90"
03/05/2024,02/05/2024,0500 UTC,02:00,"18,90"
03/05/2024,02/05/2024,0600 UTC,03:00,"19,20"
03/05/2024,02/05/2024,0700 UTC,04:00,"18,20"
03/05/2024,02/05/2024,0800 UTC,05:00,"18,70"
03/05/2024,02/05/2024,0900 UTC,06:00,"17,30"
03/05/2024,02/05/2024,1000 UTC,07:00,"16,70"
03/05/2024,02/05/2024,1100 UTC,08:00,"18,60"
03/05/2024,02/05/2024,1200 UTC,09:00,"23,10"
03/05/2024,02/05/2024,1300 UTC,10:00,"25,40"
03/05/2024,02/05/2024,1400 UTC,11:00,"26,50"
03/05/2024,02/05/2024,1500 UTC,12:00,"28,10"
03/05/2024,02/05/2024,1600 UTC,13:00,"29,90"
03/05/2024,02/05/2024,1700 UTC,14:00,"30,30"
03/05/2024,02/05/2024,1800 UTC,15:00,"30,70"
03/05/2024,02/05/2024,1900 UTC,16:00,"31,20"
03/05/2024,02/05/2024,2000 UTC,17:00,"24,50"
03/05/2024,02/05/2024,2100 UTC,18:00,"22,60"
03/05/2024,02/05/2024,2200 UTC,19:00,"20,80"
03/05/2024,02/05/2024,2300 UTC,20:00,"20,40"
04/05/2024,03/05/2024,0000 UTC,21:00,"20,20"
04/05/2024,03/05/2024,0100 UTC,22:00,"20,10"
04/05/2024,03/05/2024,0200 UTC,23:00,"20,00"
04/05/2024,03/05/2024,0300 UTC,00:00,"19,70"
04/05/2024,03/05/2024,0400 UTC,01:00,"19,50"
04/05/2024,03/05/2024,0500 UTC,02:00,"19,40"
04/05/2024,03/05/2024,0600 UTC,03:00,"19,40"
04/05/2024,03/05/2024,0700 UTC,04:00,"19,10"
04/05/2024,03/05/2024,0800 UTC,05:00,"18,60"
04/05/2024,03/05/2024,0900 UTC,06:00,"18,50"
04/05/2024,03/05/2024,1000 UTC,07:00,"18,30"
04/05/2024,03/05/2024,1100 UTC,08:00,"18,40"
04/05/2024,03/05/2024,1200 UTC,09:00,"21,90"
04/05/2024,03/05/2024,1300 UTC,10:00,"26,50"
04/05/2024,03/05/2024,1400 UTC,11:00,"27,70"
04/05/2024,03/05/2024,1500 UTC,12:00,"29,20"
04/05/2024,03/05/2024,1600 UTC,13:00,"30,90"
04/05/2024,03/05/2024,1700 UTC,14:00,"30,80"
04/05/2024,03/05/2024,1800 UTC,15:00,"31,60"
04/05/2024,03/05/2024,1900 UTC,16:00,"31,30"
04/05/2024,03/05/2024,2000 UTC,17:00,"28,80"
04/05/2024,03/05/2024,2100 UTC,18:00,"27,40"
04/05/2024,03/05/2024,2200 UTC,19:00,"25,30"
04/05/2024,03/05/2024,2300 UTC,20:00,"23,80"
05/05/2024,04/05/2024,0000 UTC,21:00,"23,50"
05/05/2024,04/05/2024,0100 UTC,22:00,"23,30"
05/05/2024,04/05/2024,0200 UTC,23:00,"22,90"
05/05/2024,04/05/2024,0300 UTC,00:00,"21,00"
05/05/2024,04/05/2024,0400 UTC,01:00,"21,10"
05/05/2024,04/05/2024,0500 UTC,02:00,"21,50"
05/05/2024,04/05/2024,0600 UTC,03:00,"20,70"
05/05/2024,04/05/2024,0700 UTC,04:00,"19,60"
05/05/2024,04/05/2024,0800 UTC,05:00,"19,40"
05/05/2024,04/05/2024,0900 UTC,06:00,"19,10"
05/05/2024,04/05/2024,1000 UTC,07:00,"17,60"
05/05/2024,04/05/2024,1100 UTC,08:00,"20,60"
05/05/2024,04/05/2024,1200 UTC,09:00,"24,40"
05/05/2024,04/05/2024,1300 UTC,10:00,"27,00"
05/05/2024,04/05/2024,1400 UTC,11:00,"28,10"
05/05/2024,04/05/2024,1500 UTC,12:00,"29,70"
05/05/2024,04/05/2024,1600 UTC,13:00,"30,40"
05/05/2024,04/05/2024,1700 UTC,14:00,"30,60"
05/05/2024,04/05/2024,1800 UTC,15:00,"30,90"
05/05/2024,04/05/2024,1900 UTC,16:00,"30,40"
05/05/2024,04/05/2024,2000 UTC,17:00,"28,40"
05/05/2024,04/05/2024,2100 UTC,18:00,"24,50"
05/05/2024,04/05/2024,2200 UTC,19:00,"23,20"
05/05/2024,04/05/2024,2300 UTC,20:00,"22,80"
06/05/2024,05/05/2024,0000 UTC,21:00,"21,80"
06/05/2024,05/05/2024,0100 UTC,22:00,"21,40"
06/05/2024,05/05/2024,0200 UTC,23:00,"20,20"
06/05/2024,05/05/2024,0300 UTC,00:00,"20,30"
06/05/2024,05/05/2024,0400 UTC,01:00,"19,10"
06/05/2024,05/05/2024,0500 UTC,02:00,"19,00"
06/05/2024,05/05/2024,0600 UTC,03:00,"18,00"
06/05/2024,05/05/2024,0700 UTC,04:00,"17,80"
06/05/2024,05/05/2024,0800 UTC,05:00,"16,70"
06/05/2024,05/05/2024,0900 UTC,06:00,"17,30"
06/05/2024,05/05/2024,1000 UTC,07:00,"16,60"
06/05/2024,05/05/2024,1100 UTC,08:00,"18,80"
06/05/2024,05/05/2024,1200 UTC,09:00,"22,90"
06/05/2024,05/05/2024,1300 UTC,10:00,"25,20"
06/05/2024,05/05/2024,1400 UTC,11:00,"26,50"
06/05/2024,05/05/2024,1500 UTC,12:00,"27,80"
06/05/2024,05/05/2024,1600 UTC,13:00,"28,90"
06/05/2024,05/05/2024,1700 UTC,14:00,"29,50"
06/05/2024,05/05/2024,1800 UTC,15:00,"29,70"
06/05/2024,05/05/2024,1900 UTC,16:00,"29,40"
06/05/2024,05/05/2024,2000 UTC,17:00,"28,10"
06/05/2024,05/05/2024,2100 UTC,18:00,"25,30"
06/05/2024,05/05/2024,2200 UTC,19:00,"23,70"
06/05/2024,05/05/2024,2300 UTC,20:00,"21,90"
07/05/2024,06/05/2024,0000 UTC,21:00,"21,70"
07/05/2024,06/05/2024,0100 UTC,22:00,"20,90"
07/05/2024,06/05/2024,0200 UTC,23:00,"20,40"
07/05/2024,06/05/2024,0300 UTC,00:00,"19,90"
07/05/2024,06/05/2024,0400 UTC,01:00,"19,60"
07/05/2024,06/05/2024,0500 UTC,02:00,"18,90"
07/05/2024,06/05/2024,0600 UTC,03:00,"18,50"
07/05/2024,06/05/2024,0700 UTC,04:00,"17,70"
07/05/2024,06/05/2024,0800 UTC,05:00,"16,90"
07/05/2024,06/05/2024,0900 UTC,06:00,"17,40"
07/05/2024,06/05/2024,1000 UTC,07:00,"17,50"
07/05/2024,06/05/2024,1100 UTC,08:00,"21,20"
07/05/2024,06/05/2024,1200 UTC,09:00,"24,60"
07/05/2024,06/05/2024,1300 UTC,10:00,"26,70"
07/05/2024,06/05/2024,1400 UTC,11:00,"27,10"
07/05/2024,06/05/2024,1500 UTC,12:00,"29,20"
07/05/2024,06/05/2024,1600 UTC,13:00,"29,60"
07/05/2024,06/05/2024,1700 UTC,14:00,"30,40"
07/05/2024,06/05/2024,1800 UTC,15:00,"30,20"
07/05/2024,06/05/2024,1900 UTC,16:00,"29,60"
07/05/2024,06/05/2024,2000 UTC,17:00,"28,70"
07/05/2024,06/05/2024,2100 UTC,18:00,"26,20"
07/05/2024,06/05/2024,2200 UTC,19:00,"24,30"
07/05/2024,06/05/2024,2300 UTC,20:00,"23,10"
08/05/2024,07/05/2024,0000 UTC,21:00,"22,90"
08/05/2024,07/05/2024,0100 UTC,22:00,"21,50"
08/05/2024,07/05/2024,0200 UTC,23:00,"21,60"
08/05/2024,07/05/2024,0300 UTC,00:00,"21,00"
08/05/2024,07/05/2024,0400 UTC,01:00,"20,50"
08/05/2024,07/05/2024,0500 UTC,02:00,"20,10"
08/05/2024,07/05/2024,0600 UTC,03:00,"19,80"
08/05/2024,07/05/2024,0700 UTC,04:00,"19,40"
08/05/2024,07/05/2024,0800 UTC,05:00,"19,60"
08/05/2024,07/05/2024,0900 UTC,06:00,"20,10"
08/05/2024,07/05/2024,1000 UTC,07:00,"20,30"
08/05/2024,07/05/2024,1100 UTC,08:00,"22,40"
08/05/2024,07/05/2024,1200 UTC,09:00,"24,20"
08/05/2024,07/05/2024,1300 UTC,10:00,"26,20"
08/05/2024,07/05/2024,1400 UTC,11:00,"27,70"
08/05/2024,07/05/2024,1500 UTC,12:00,"28,30"
08/05/2024,07/05/2024,1600 UTC,13:00,"30,00"
08/05/2024,07/05/2024,1700 UTC,14:00,"29,50"
08/05/2024,07/05/2024,1800 UTC,15:00,"30,40"
08/05/2024,07/05/2024,1900 UTC,16:00,"29,70"
08/05/2024,07/05/2024,2000 UTC,17:00,"28,80"
08/05/2024,07/05/2024,2100 UTC,18:00,"26,70"
08/05/2024,07/05/2024,2200 UTC,19:00,"25,50"
08/05/2024,07/05/2024,2300 UTC,20:00,"23,60"
09/05/2024,08/05/2024,0000 UTC,21:00,"22,90"
09/05/2024,08/05/2024,0100 UTC,22:00,"21,40"
09/05/2024,08/05/2024,0200 UTC,23:00,"20,60"
09/05/2024,08/05/2024,0300 UTC,00:00,"20,90"
09/05/2024,08/05/2024,0400 UTC,01:00,"20,40"
09/05/2024,08/05/2024,0500 UTC,02:00,"20,10"
09/05/2024,08/05/2024,0600 UTC,03:00,"19,30"
09/05/2024,08/05/2024,0700 UTC,04:00,"19,10"
09/05/2024,08/05/2024,0800 UTC,05:00,"18,40"
09/05/2024,08/05/2024,0900 UTC,06:00,"18,00"
09/05/2024,08/05/2024,1000 UTC,07:00,"18,60"
09/05/2024,08/05/2024,1100 UTC,08:00,"20,90"
09/05/2024,08/05/2024,1200 UTC,09:00,"23,00"
09/05/2024,08/05/2024,1300 UTC,10:00,"25,30"
09/05/2024,08/05/2024,1400 UTC,11:00,"26,60"
09/05/2024,08/05/2024,1500 UTC,12:00,"26,70"
09/05/2024,08/05/2024,1600 UTC,13:00,"29,20"
09/05/2024,08/05/2024,1700 UTC,14:00,"28,60"
09/05/2024,08/05/2024,1800 UTC,15:00,"25,60"
09/05/2024,08/05/2024,1900 UTC,16:00,"23,50"
09/05/2024,08/05/2024,2000 UTC,17:00,"21,80"
09/05/2024,08/05/2024,2100 UTC,18:00,"20,70"
09/05/2024,08/05/2024,2200 UTC,19:00,"20,40"
09/05/2024,08/05/2024,2300 UTC,20:00,"20,40"
10/05/2024,09/05/2024,0000 UTC,21:00,"20,30"
10/05/2024,09/05/2024,0100 UTC,22:00,"20,10"
10/05/2024,09/05/2024,0200 UTC,23:00,"19,90"
10/05/2024,09/05/2024,0300 UTC,00:00,"19,70"
10/05/2024,09/05/2024,0400 UTC,01:00,"19,50"
10/05/2024,09/05/2024,0500 UTC,02:00,"19,40"
10/05/2024,09/05/2024,0600 UTC,03:00,"19,40"
10/05/2024,09/05/2024,0700 UTC,04:00,"19,50"
10/05/2024,09/05/2024,0800 UTC,05:00,"19,30"
10/05/2024,09/05/2024,0900 UTC,06:00,"19,30"
10/05/2024,09/05/2024,1000 UTC,07:00,"19,20"
10/05/2024,09/05/2024,1100 UTC,08:00,"19,80"
10/05/2024,09/05/2024,1200 UTC,09:00,"21,10"
10/05/2024,09/05/2024,1300 UTC,10:00,"22,40"
10/05/2024,09/05/2024,1400 UTC,11:00,"24,90"
10/05/2024,09/05/2024,1500 UTC,12:00,"26,00"
10/05/2024,09/05/2024,1600 UTC,13:00,"26,80"
10/05/2024,09/05/2024,1700 UTC,14:00,"28,20"
10/05/2024,09/05/2024,1800 UTC,15:00,"27,80"
10/05/2024,09/05/2024,1900 UTC,16:00,"28,50"
10/05/2024,09/05/2024,2000 UTC,17:00,"27,30"
10/05/2024,09/05/2024,2100 UTC,18:00,"23,70"
10/05/2024,09/05/2024,2200 UTC,19:00,"20,60"
10/05/2024,09/05/2024,2300 UTC,20:00,"19,90"
11/05/2024,10/05/2024,0000 UTC,21:00,"19,20"
11/05/2024,10/05/2024,0100 UTC,22:00,"18,90"
11/05/2024,10/05/2024,0200 UTC,23:00,"19,10"
11/05/2024,10/05/2024,0300 UTC,00:00,"18,20"
11/05/2024,10/05/2024,0400 UTC,01:00,"17,90"
11/05/2024,10/05/2024,0500 UTC,02:00,"17,90"
11/05/2024,10/05/2024,0600 UTC,03:00,"16,90"
11/05/2024,10/05/2024,0700 UTC,04:00,"17,10"
11/05/2024,10/05/2024,0800 UTC,05:00,"16,40"
11/05/2024,10/05/2024,0900 UTC,06:00,"15,20"
11/05/2024,10/05/2024,1000 UTC,07:00,"16,20"
11/05/2024,10/05/2024,1100 UTC,08:00,"16,30"
11/05/2024,10/05/2024,1200 UTC,09:00,"21,70"
11/05/2024,10/05/2024,1300 UTC,10:00,"25,30"
11/05/2024,10/05/2024,1400 UTC,11:00,"27,20"
11/05/2024,10/05/2024,1500 UTC,12:00,"28,90"
11/05/2024,10/05/2024,1600 UTC,13:00,"29,80"
11/05/2024,10/05/2024,1700 UTC,14:00,"30,10"
11/05/2024,10/05/2024,1800 UTC,15:00,"29,80"
11/05/2024,10/05/2024,1900 UTC,16:00,"29,50"
11/05/2024,10/05/2024,2000 UTC,17:00,"28,30"
11/05/2024,10/05/2024,2100 UTC,18:00,"26,40"
11/05/2024,10/05/2024,2200 UTC,19:00,"23,80"
11/05/2024,10/05/2024,2300 UTC,20:00,"22,00"
12/05/2024,11/05/2024,0000 UTC,21:00,"20,90"
12/05/2024,11/05/2024,0100 UTC,22:00,"19,10"
12/05/2024,11/05/2024,0200 UTC,23:00,"20,00"
12/05/2024,11/05/2024,0300 UTC,00:00,"20,30"
12/05/2024,11/05/2024,0400 UTC,01:00,"19,80"
12/05/2024,11/05/2024,0500 UTC,02:00,"15,90"
12/05/2024,11/05/2024,0600 UTC,03:00,"16,30"
12/05/2024,11/05/2024,0700 UTC,04:00,"16,10"
12/05/2024,11/05/2024,0800 UTC,05:00,"15,50"
12/05/2024,11/05/2024,0900 UTC,06:00,"15,10"
12/05/2024,11/05/2024,1000 UTC,07:00,"15,40"
12/05/2024,11/05/2024,1100 UTC,08:00,"16,50"
12/05/2024,11/05/2024,1200 UTC,09:00,"22,10"
12/05/2024,11/05/2024,1300 UTC,10:00,"25,40"
12/05/2024,11/05/2024,1400 UTC,11:00,"27,70"
12/05/2024,11/05/2024,1500 UTC,12:00,"28,90"
12/05/2024,11/05/2024,1600 UTC,13:00,"30,00"
12/05/2024,11/05/2024,1700 UTC,14:00,"30,10"
12/05/2024,11/05/2024,1800 UTC,15:00,"30,10"
12/05/2024,11/05/2024,1900 UTC,16:00,"29,60"
12/05/2024,11/05/2024,2000 UTC,17:00,"28,20"
12/05/2024,11/05/2024,2100 UTC,18:00,"26,30"
12/05/2024,11/05/2024,2200 UTC,19:00,"23,70"
12/05/2024,11/05/2024,2300 UTC,20:00,"23,40"
13/05/2024,12/05/2024,0000 UTC,21:00,"22,10"
13/05/2024,12/05/2024,0100 UTC,22:00,"21,50"
13/05/2024,12/05/2024,0200 UTC,23:00,"21,20"
13/05/2024,12/05/2024,0300 UTC,00:00,"21,00"
13/05/2024,12/05/2024,0400 UTC,01:00,"20,20"
13/05/2024,12/05/2024,0500 UTC,02:00,"20,10"
13/05/2024,12/05/2024,0600 UTC,03:00,"19,40"
13/05/2024,12/05/2024,0700 UTC,04:00,"18,90"
13/05/2024,12/05/2024,0800 UTC,05:00,"17,90"
13/05/2024,12/05/2024,0900 UTC,06:00,"17,50"
13/05/2024,12/05/2024,1000 UTC,07:00,"15,20"
13/05/2024,12/05/2024,1100 UTC,08:00,"18,90"
13/05/2024,12/05/2024,1200 UTC,09:00,"22,30"
13/05/2024,12/05/2024,1300 UTC,10:00,"24,90"
13/05/2024,12/05/2024,1400 UTC,11:00,"28,40"
13/05/2024,12/05/2024,1500 UTC,12:00,"29,20"
13/05/2024,12/05/2024,1600 UTC,13:00,"29,60"
13/05/2024,12/05/2024,1700 UTC,14:00,"30,30"
13/05/2024,12/05/2024,1800 UTC,15:00,"30,30"
13/05/2024,12/05/2024,1900 UTC,16:00,"29,60"
13/05/2024,12/05/2024,2000 UTC,17:00,"28,60"
13/05/2024,12/05/2024,2100 UTC,18:00,"27,00"
13/05/2024,12/05/2024,2200 UTC,19:00,"22,70"
13/05/2024,12/05/2024,2300 UTC,20:00,"23,10"
14/05/2024,13/05/2024,0000 UTC,21:00,"20,20"
14/05/2024,13/05/2024,0100 UTC,22:00,"19,70"
14/05/2024,13/05/2024,0200 UTC,23:00,"19,60"
14/05/2024,13/05/2024,0300 UTC,00:00,"19,70"
14/05/2024,13/05/2024,0400 UTC,01:00,"19,20"
14/05/2024,13/05/2024,0500 UTC,02:00,"18,90"
14/05/2024,13/05/2024,0600 UTC,03:00,"18,40"
14/05/2024,13/05/2024,0700 UTC,04:00,"17,70"
14/05/2024,13/05/2024,0800 UTC,05:00,"17,20"
14/05/2024,13/05/2024,0900 UTC,06:00,"16,90"
14/05/2024,13/05/2024,1000 UTC,07:00,"16,90"
14/05/2024,13/05/2024,1100 UTC,08:00,"16,70"
14/05/2024,13/05/2024,1200 UTC,09:00,"16,90"
14/05/2024,13/05/2024,1300 UTC,10:00,"17,00"
14/05/2024,13/05/2024,1400 UTC,11:00,"17,80"
14/05/2024,13/05/2024,1500 UTC,12:00,"18,30"
14/05/2024,13/05/2024,1600 UTC,13:00,"18,70"
14/05/2024,13/05/2024,1700 UTC,14:00,"18,70"
14/05/2024,13/05/2024,1800 UTC,15:00,"18,10"
14/05/2024,13/05/2024,1900 UTC,16:00,"17,20"
14/05/2024,13/05/2024,2000 UTC,17:00,"16,50"
14/05/2024,13/05/2024,2100 UTC,18:00,"15,50"
14/05/2024,13/05/2024,2200 UTC,19:00,"15,50"
14/05/2024,13/05/2024,2300 UTC,20:00,"15,50"
15/05/2024,14/05/2024,0000 UTC,21:00,"15,10"
15/05/2024,14/05/2024,0100 UTC,22:00,"15,20"
15/05/2024,14/05/2024,0200 UTC,23:00,"15,10"
15/05/2024,14/05/2024,0300 UTC,00:00,"15,00"
15/05/2024,14/05/2024,0400 UTC,01:00,"15,10"
15/05/2024,14/05/2024,0500 UTC,02:00,"15,10"
15/05/2024,14/05/2024,0600 UTC,03:00,"14,90"
15/05/2024,14/05/2024,0700 UTC,04:00,"14,90"
15/05/2024,14/05/2024,0800 UTC,05:00,"14,80"
15/05/2024,14/05/2024,0900 UTC,06:00,"14,40"
15/05/2024,14/05/2024,1000 UTC,07:00,"14,40"
15/05/2024,14/05/2024,1100 UTC,08:00,"14,40"
15/05/2024,14/05/2024,1200 UTC,09:00,"14,50"
15/05/2024,14/05/2024,1300 UTC,10:00,"14,80"
15/05/2024,14/05/2024,1400 UTC,11:00,"15,10"
15/05/2024,14/05/2024,1500 UTC,12:00,"15,40"
15/05/2024,14/05/2024,1600 UTC,13:00,"16,10"
15/05/2024,14/05/2024,1700 UTC,14:00,"16,70"
15/05/2024,14/05/2024,1800 UTC,15:00,"16,50"
15/05/2024,14/05/2024,1900 UTC,16:00,"15,70"
15/05/2024,14/05/2024,2000 UTC,17:00,"15,80"
15/05/2024,14/05/2024,2100 UTC,18:00,"15,50"
15/05/2024,14/05/2024,2200 UTC,19:00,"15,30"
15/05/2024,14/05/2024,2300 UTC,20:00,"15,20"
16/05/2024,15/05/2024,0000 UTC,21:00,"15,20"
16/05/2024,15/05/2024,0100 UTC,22:00,"15,10"
16/05/2024,15/05/2024,0200 UTC,23:00,"15,20"
16/05/2024,15/05/2024,0300 UTC,00:00,"15,20"
16/05/2024,15/05/2024,0400 UTC,01:00,"15,20"
16/05/2024,15/05/2024,0500 UTC,02:00,"15,20"
16/05/2024,15/05/2024,0600 UTC,03:00,"15,00"
16/05/2024,15/05/2024,0700 UTC,04:00,"15,00"
16/05/2024,15/05/2024,0800 UTC,05:00,"15,20"
16/05/2024,15/05/2024,0900 UTC,06:00,"15,40"
16/05/2024,15/05/2024,1000 UTC,07:00,"15,30"
16/05/2024,15/05/2024,1100 UTC,08:00,"16,00"
16/05/2024,15/05/2024,1200 UTC,09:00,"18,20"
16/05/2024,15/05/2024,1300 UTC,10:00,"20,80"
16/05/2024,15/05/2024,1400 UTC,11:00,"23,80"
16/05/2024,15/05/2024,1500 UTC,12:00,"25,20"
16/05/2024,15/05/2024,1600 UTC,13:00,"26,80"
16/05/2024,15/05/2024,1700 UTC,14:00,"27,90"
16/05/2024,15/05/2024,1800 UTC,15:00,"28,70"
16/05/2024,15/05/2024,1900 UTC,16:00,"28,40"
16/05/2024,15/05/2024,2000 UTC,17:00,"27,30"
16/05/2024,15/05/2024,2100 UTC,18:00,"25,00"
16/05/2024,15/05/2024,2200 UTC,19:00,"23,50"
16/05/2024,15/05/2024,2300 UTC,20:00,"21,40"
17/05/2024,16/05/2024,0000 UTC,21:00,"21,00"
17/05/2024,16/05/2024,0100 UTC,22:00,"20,10"
17/05/2024,16/05/2024,0200 UTC,23:00,"19,10"
17/05/2024,16/05/2024,0300 UTC,00:00,"18,40"
17/05/2024,16/05/2024,0400 UTC,01:00,"18,00"
17/05/2024,16/05/2024,0500 UTC,02:00,"17,60"
17/05/2024,16/05/2024,0600 UTC,03:00,"18,20"
17/05/2024,16/05/2024,0700 UTC,04:00,"16,70"
17/05/2024,16/05/2024,0800 UTC,05:00,"17,20"
17/05/2024,16/05/2024,0900 UTC,06:00,"16,60"
17/05/2024,16/05/2024,1000 UTC,07:00,"16,80"
17/05/2024,16/05/2024,1100 UTC,08:00,"19,80"
17/05/2024,16/05/2024,1200 UTC,09:00,"23,80"
17/05/2024,16/05/2024,1300 UTC,10:00,"25,60"
17/05/2024,16/05/2024,1400 UTC,11:00,"27,30"
17/05/2024,16/05/2024,1500 UTC,12:00,"29,60"
17/05/2024,16/05/2024,1600 UTC,13:00,"31,40"
17/05/2024,16/05/2024,1700 UTC,14:00,"31,90"
17/05/2024,16/05/2024,1800 UTC,15:00,"31,50"
17/05/2024,16/05/2024,1900 UTC,16:00,"31,00"
17/05/2024,16/05/2024,2000 UTC,17:00,"29,60"
17/05/2024,16/05/2024,2100 UTC,18:00,"27,70"
17/05/2024,16/05/2024,2200 UTC,19:00,"25,20"
17/05/2024,16/05/2024,2300 UTC,20:00,"24,50"
18/05/2024,17/05/2024,0000 UTC,21:00,"21,00"
18/05/2024,17/05/2024,0100 UTC,22:00,"20,40"
18/05/2024,17/05/2024,0200 UTC,23:00,"18,50"
18/05/2024,17/05/2024,0300 UTC,00:00,"18,50"
18/05/2024,17/05/2024,0400 UTC,01:00,"18,20"
18/05/2024,17/05/2024,0500 UTC,02:00,"17,80"
18/05/2024,17/05/2024,0600 UTC,03:00,"17,50"
18/05/2024,17/05/2024,0700 UTC,04:00,"17,60"
18/05/2024,17/05/2024,0800 UTC,05:00,"17,20"
18/05/2024,17/05/2024,0900 UTC,06:00,"17,80"
18/05/2024,17/05/2024,1000 UTC,07:00,"17,90"
18/05/2024,17/05/2024,1100 UTC,08:00,"18,80"
18/05/2024,17/05/2024,1200 UTC,09:00,"20,40"
18/05/2024,17/05/2024,1300 UTC,10:00,"22,30"
18/05/2024,17/05/2024,1400 UTC,11:00,"23,90"
18/05/2024,17/05/2024,1500 UTC,12:00,"26,70"
18/05/2024,17/05/2024,1600 UTC,13:00,"28,10"
18/05/2024,17/05/2024,1700 UTC,14:00,"28,20"
18/05/2024,17/05/2024,1800 UTC,15:00,"26,70"
18/05/2024,17/05/2024,1900 UTC,16:00,"22,50"
18/05/2024,17/05/2024,2000 UTC,17:00,"20,40"
18/05/2024,17/05/2024,2100 UTC,18:00,"19,20"
18/05/2024,17/05/2024,2200 UTC,19:00,"18,80"
18/05/2024,17/05/2024,2300 UTC,20:00,"18,10"
19/05/2024,18/05/2024,0000 UTC,21:00,"17,80"
19/05/2024,18/05/2024,0100 UTC,22:00,"17,70"
19/05/2024,18/05/2024,0200 UTC,23:00,"17,40"
19/05/2024,18/05/2024,0300 UTC,00:00,"17,30"
19/05/2024,18/05/2024,0400 UTC,01:00,"17,10"
19/05/2024,18/05/2024,0500 UTC,02:00,"16,90"
19/05/2024,18/05/2024,0600 UTC,03:00,"16,60"
19/05/2024,18/05/2024,0700 UTC,04:00,"16,30"
19/05/2024,18/05/2024,0800 UTC,05:00,"15,80"
19/05/2024,18/05/2024,0900 UTC,06:00,"15,90"
19/05/2024,18/05/2024,1000 UTC,07:00,"15,70"
19/05/2024,18/05/2024,1100 UTC,08:00,"16,60"
19/05/2024,18/05/2024,1200 UTC,09:00,"17,40"
19/05/2024,18/05/2024,1300 UTC,10:00,"18,90"
19/05/2024,18/05/2024,1400 UTC,11:00,"18,80"
19/05/2024,18/05/2024,1500 UTC,12:00,"18,00"
19/05/2024,18/05/2024,1600 UTC,13:00,"19,80"
19/05/2024,18/05/2024,1700 UTC,14:00,"19,30"
19/05/2024,18/05/2024,1800 UTC,15:00,"18,60"
19/05/2024,18/05/2024,1900 UTC,16:00,"17,80"
19/05/2024,18/05/2024,2000 UTC,17:00,"17,50"
19/05/2024,18/05/2024,2100 UTC,18:00,"17,50"
19/05/2024,18/05/2024,2200 UTC,19:00,"17,50"
19/05/2024,18/05/2024,2300 UTC,20:00,"17,20"
20/05/2024,19/05/2024,0000 UTC,21:00,"17,20"
20/05/2024,19/05/2024,0100 UTC,22:00,"17,10"
20/05/2024,19/05/2024,0200 UTC,23:00,"17,50"
20/05/2024,19/05/2024,0300 UTC,00:00,"17,60"
20/05/2024,19/05/2024,0400 UTC,01:00,"18,00"
20/05/2024,19/05/2024,0500 UTC,02:00,"18,10"
20/05/2024,19/05/2024,0600 UTC,03:00,"18,00"
20/05/2024,19/05/2024,0700 UTC,04:00,"17,70"
20/05/2024,19/05/2024,0800 UTC,05:00,"17,30"
20/05/2024,19/05/2024,0900 UTC,06:00,"17,60"
20/05/2024,19/05/2024,1000 UTC,07:00,"17,60"
20/05/2024,19/05/2024,1100 UTC,08:00,"17,50"
20/05/2024,19/05/2024,1200 UTC,09:00,"17,60"
20/05/2024,19/05/2024,1300 UTC,10:00,"18,50"
20/05/2024,19/05/2024,1400 UTC,11:00,"19,60"
20/05/2024,19/05/2024,1500 UTC,12:00,"20,70"
20/05/2024,19/05/2024,1600 UTC,13:00,"22,60"
20/05/2024,19/05/2024,1700 UTC,14:00,"23,50"
20/05/2024,19/05/2024,1800 UTC,15:00,"21,50"
20/05/2024,19/05/2024,1900 UTC,16:00,"21,00"
20/05/2024,19/05/2024,2000 UTC,17:00,"18,50"
20/05/2024,19/05/2024,2100 UTC,18:00,"17,60"
20/05/2024,19/05/2024,2200 UTC,19:00,"17,00"
20/05/2024,19/05/2024,2300 UTC,20:00,"16,70"
21/05/2024,20/05/2024,0000 UTC,21:00,"16,50"
21/05/2024,20/05/2024,0100 UTC,22:00,"16,50"
21/05/2024,20/05/2024,0200 UTC,23:00,"16,30"
21/05/2024,20/05/2024,0300 UTC,00:00,"16,30"
21/05/2024,20/05/2024,0400 UTC,01:00,"16,00"
21/05/2024,20/05/2024,0500 UTC,02:00,"15,90"
21/05/2024,20/05/2024,0600 UTC,03:00,"15,30"
21/05/2024,20/05/2024,0700 UTC,04:00,"15,00"
21/05/2024,20/05/2024,0800 UTC,05:00,"15,10"
21/05/2024,20/05/2024,0900 UTC,06:00,"15,00"
21/05/2024,20/05/2024,1000 UTC,07:00,"15,10"
21/05/2024,20/05/2024,1100 UTC,08:00,"15,30"
21/05/2024,20/05/2024,1200 UTC,09:00,"16,30"
21/05/2024,20/05/2024,1300 UTC,10:00,"16,20"
21/05/2024,20/05/2024,1400 UTC,11:00,"16,80"
21/05/2024,20/05/2024,1500 UTC,12:00,"17,80"
21/05/2024,20/05/2024,1600 UTC,13:00,"19,30"
21/05/2024,20/05/2024,1700 UTC,14:00,"19,50"
21/05/2024,20/05/2024,1800 UTC,15:00,"18,60"
21/05/2024,20/05/2024,1900 UTC,16:00,"17,90"
21/05/2024,20/05/2024,2000 UTC,17:00,"17,00"
21/05/2024,20/05/2024,2100 UTC,18:00,"16,70"
21/05/2024,20/05/2024,2200 UTC,19:00,"16,20"
21/05/2024,20/05/2024,2300 UTC,20:00,"16,20"
22/05/2024,21/05/2024,0000 UTC,21:00,"16,20"
22/05/2024,21/05/2024,0100 UTC,22:00,"16,10"
22/05/2024,21/05/2024,0200 UTC,23:00,"16,10"
22/05/2024,21/05/2024,0300 UTC,00:00,"15,90"
22/05/2024,21/05/2024,0400 UTC,01:00,"15,80"
22/05/2024,21/05/2024,0500 UTC,02:00,"15,70"
22/05/2024,21/05/2024,0600 UTC,03:00,"15,50"
22/05/2024,21/05/2024,0700 UTC,04:00,"15,30"
22/05/2024,21/05/2024,0800 UTC,05:00,"14,90"
22/05/2024,21/05/2024,0900 UTC,06:00,"14,90"
22/05/2024,21/05/2024,1000 UTC,07:00,"15,10"
22/05/2024,21/05/2024,1100 UTC,08:00,"16,00"
22/05/2024,21/05/2024,1200 UTC,09:00,"18,80"
22/05/2024,21/05/2024,1300 UTC,10:00,"23,50"
22/05/2024,21/05/2024,1400 UTC,11:00,"25,10"
22/05/2024,21/05/2024,1500 UTC,12:00,"25,70"
22/05/2024,21/05/2024,1600 UTC,13:00,"26,50"
22/05/2024,21/05/2024,1700 UTC,14:00,"27,60"
22/05/2024,21/05/2024,1800 UTC,15:00,"27,60"
22/05/2024,21/05/2024,1900 UTC,16:00,"27,40"
22/05/2024,21/05/2024,2000 UTC,17:00,"25,90"
22/05/2024,21/05/2024,2100 UTC,18:00,"24,20"
22/05/2024,21/05/2024,2200 UTC,19:00,"22,10"
22/05/2024,21/05/2024,2300 UTC,20:00,"20,80"
23/05/2024,22/05/2024,0000 UTC,21:00,"19,90"
23/05/2024,22/05/2024,0100 UTC,22:00,"19,30"
23/05/2024,22/05/2024,0200 UTC,23:00,"19,80"
23/05/2024,22/05/2024,0300 UTC,00:00,"17,90"
23/05/2024,22/05/2024,0400 UTC,01:00,"18,10"
23/05/2024,22/05/2024,0500 UTC,02:00,"17,00"
23/05/2024,22/05/2024,0600 UTC,03:00,"17,30"
23/05/2024,22/05/2024,0700 UTC,04:00,"15,40"
23/05/2024,22/05/2024,0800 UTC,05:00,"16,60"
23/05/2024,22/05/2024,0900 UTC,06:00,"16,60"
23/05/2024,22/05/2024,1000 UTC,07:00,"17,00"
23/05/2024,22/05/2024,1100 UTC,08:00,"18,50"
23/05/2024,22/05/2024,1200 UTC,09:00,"21,50"
23/05/2024,22/05/2024,1300 UTC,10:00,"23,10"
23/05/2024,22/05/2024,1400 UTC,11:00,"24,70"
23/05/2024,22/05/2024,1500 UTC,12:00,"26,60"
23/05/2024,22/05/2024,1600 UTC,13:00,"27,20"
23/05/2024,22/05/2024,1700 UTC,14:00,"28,20"
23/05/2024,22/05/2024,1800 UTC,15:00,"28,00"
23/05/2024,22/05/2024,1900 UTC,16:00,"27,80"
23/05/2024,22/05/2024,2000 UTC,17:00,"26,70"
23/05/2024,22/05/2024,2100 UTC,18:00,"23,50"
23/05/2024,22/05/2024,2200 UTC,19:00,"22,20"
23/05/2024,22/05/2024,2300 UTC,20:00,"20,80"
24/05/2024,23/05/2024,0000 UTC,21:00,"20,40"
24/05/2024,23/05/2024,0100 UTC,22:00,"19,90"
24/05/2024,23/05/2024,0200 UTC,23:00,"20,40"
24/05/2024,23/05/2024,0300 UTC,00:00,"20,70"
24/05/2024,23/05/2024,0400 UTC,01:00,"19,70"
24/05/2024,23/05/2024,0500 UTC,02:00,"19,50"
24/05/2024,23/05/2024,0600 UTC,03:00,"19,60"
24/05/2024,23/05/2024,0700 UTC,04:00,"18,20"
24/05/2024,23/05/2024,0800 UTC,05:00,"16,30"
24/05/2024,23/05/2024,0900 UTC,06:00,"15,40"
24/05/2024,23/05/2024,1000 UTC,07:00,"15,70"
24/05/2024,23/05/2024,1100 UTC,08:00,"15,90"
24/05/2024,23/05/2024,1200 UTC,09:00,"19,50"
24/05/2024,23/05/2024,1300 UTC,10:00,"19,70"
24/05/2024,23/05/2024,1400 UTC,11:00,"19,90"
24/05/2024,23/05/2024,1500 UTC,12:00,"17,00"
24/05/2024,23/05/2024,1600 UTC,13:00,"17,20"
24/05/2024,23/05/2024,1700 UTC,14:00,"17,60"
24/05/2024,23/05/2024,1800 UTC,15:00,"18,10"
24/05/2024,23/05/2024,1900 UTC,16:00,"18,50"
24/05/2024,23/05/2024,2000 UTC,17:00,"18,60"
24/05/2024,23/05/2024,2100 UTC,18:00,"18,20"
24/05/2024,23/05/2024,2200 UTC,19:00,"17,90"
24/05/2024,23/05/2024,2300 UTC,20:00,"17,90"
25/05/2024,24/05/2024,0000 UTC,21:00,"17,10"
25/05/2024,24/05/2024,0100 UTC,22:00,"17,80"
25/05/2024,24/05/2024,0200 UTC,23:00,"17,60"
25/05/2024,24/05/2024,0300 UTC,00:00,"17,40"
25/05/2024,24/05/2024,0400 UTC,01:00,"16,80"
25/05/2024,24/05/2024,0500 UTC,02:00,"16,40"
25/05/2024,24/05/2024,0600 UTC,03:00,"15,80"
25/05/2024,24/05/2024,0700 UTC,04:00,"15,40"
25/05/2024,24/05/2024,0800 UTC,05:00,"14,90"
25/05/2024,24/05/2024,0900 UTC,06:00,"14,80"
25/05/2024,24/05/2024,1000 UTC,07:00,"14,60"
25/05/2024,24/05/2024,1100 UTC,08:00,"15,70"
25/05/2024,24/05/2024,1200 UTC,09:00,"16,90"
25/05/2024,24/05/2024,1300 UTC,10:00,"17,40"
25/05/2024,24/05/2024,1400 UTC,11:00,"18,20"
25/05/2024,24/05/2024,1500 UTC,12:00,"19,00"
25/05/2024,24/05/2024,1600 UTC,13:00,"17,60"
25/05/2024,24/05/2024,1700 UTC,14:00,"16,40"
25/05/2024,24/05/2024,1800 UTC,15:00,"16,20"
25/05/2024,24/05/2024,1900 UTC,16:00,"14,30"
25/05/2024,24/05/2024,2000 UTC,17:00,"13,60"
25/05/2024,24/05/2024,2100 UTC,18:00,"13,60"
25/05/2024,24/05/2024,2200 UTC,19:00,"13,70"
25/05/2024,24/05/2024,2300 UTC,20:00,"13,60"
26/05/2024,25/05/2024,0000 UTC,21:00,"13,50"
26/05/2024,25/05/2024,0100 UTC,22:00,"13,40"
26/05/2024,25/05/2024,0200 UTC,23:00,"13,00"
26/05/2024,25/05/2024,0300 UTC,00:00,"12,70"
26/05/2024,25/05/2024,0400 UTC,01:00,"12,50"
26/05/2024,25/05/2024,0500 UTC,02:00,"12,40"
26/05/2024,25/05/2024,0600 UTC,03:00,"12,30"
26/05/2024,25/05/2024,0700 UTC,04:00,"12,30"
26/05/2024,25/05/2024,0800 UTC,05:00,"12,30"
26/05/2024,25/05/2024,0900 UTC,06:00,"12,50"
26/05/2024,25/05/2024,1000 UTC,07:00,"12,80"
26/05/2024,25/05/2024,1100 UTC,08:00,"13,00"
26/05/2024,25/05/2024,1200 UTC,09:00,"13,30"
26/05/2024,25/05/2024,1300 UTC,10:00,"13,70"
26/05/2024,25/05/2024,1400 UTC,11:00,"14,10"
26/05/2024,25/05/2024,1500 UTC,12:00,"14,30"
26/05/2024,25/05/2024,1600 UTC,13:00,"14,70"
26/05/2024,25/05/2024,1700 UTC,14:00,"14,70"
26/05/2024,25/05/2024,1800 UTC,15:00,"15,20"
26/05/2024,25/05/2024,1900 UTC,16:00,"15,00"
26/05/2024,25/05/2024,2000 UTC,17:00,"14,70"
26/05/2024,25/05/2024,2100 UTC,18:00,"14,40"
26/05/2024,25/05/2024,2200 UTC,19:00,"14,20"
26/05/2024,25/05/2024,2300 UTC,20:00,"13,90"
27/05/2024,26/05/2024,0000 UTC,21:00,"13,70"
27/05/2024,26/05/2024,0100 UTC,22:00,"13,90"
27/05/2024,26/05/2024,0200 UTC,23:00,"13,80"
27/05/2024,26/05/2024,0300 UTC,00:00,"13,90"
27/05/2024,26/05/2024,0400 UTC,01:00,"13,80"
27/05/2024,26/05/2024,0500 UTC,02:00,"13,90"
27/05/2024,26/05/2024,0600 UTC,03:00,"14,00"
27/05/2024,26/05/2024,0700 UTC,04:00,"13,90"
27/05/2024,26/05/2024,0800 UTC,05:00,"14,00"
27/05/2024,26/05/2024,0900 UTC,06:00,"15,10"
27/05/2024,26/05/2024,1000 UTC,07:00,"14,50"
27/05/2024,26/05/2024,1100 UTC,08:00,"14,70"
27/05/2024,26/05/2024,1200 UTC,09:00,"15,40"
27/05/2024,26/05/2024,1300 UTC,10:00,"16,00"
27/05/2024,26/05/2024,1400 UTC,11:00,"17,30"
27/05/2024,26/05/2024,1500 UTC,12:00,"17,50"
27/05/2024,26/05/2024,1600 UTC,13:00,"18,40"
27/05/2024,26/05/2024,1700 UTC,14:00,"17,90"
27/05/2024,26/05/2024,1800 UTC,15:00,"16,90"
27/05/2024,26/05/2024,1900 UTC,16:00,"17,70"
27/05/2024,26/05/2024,2000 UTC,17:00,"18,00"
27/05/2024,26/05/2024,2100 UTC,18:00,"17,00"
27/05/2024,26/05/2024,2200 UTC,19:00,"17,80"
27/05/2024,26/05/2024,2300 UTC,20:00,"18,20"
28/05/2024,27/05/2024,0000 UTC,21:00,"18,30"
28/05/2024,27/05/2024,0100 UTC,22:00,"18,20"
28/05/2024,27/05/2024,0200 UTC,23:00,"18,10"
28/05/2024,27/05/2024,0300 UTC,00:00,"18,10"
28/05/2024,27/05/2024,0400 UTC,01:00,"18,00"
28/05/2024,27/05/2024,0500 UTC,02:00,"17,90"
28/05/2024,27/05/2024,0600 UTC,03:00,"17,80"
28/05/2024,27/05/2024,0700 UTC,04:00,"17,40"
28/05/2024,27/05/2024,0800 UTC,05:00,"17,20"
28/05/2024,27/05/2024,0900 UTC,06:00,"16,10"
28/05/2024,27/05/2024,1000 UTC,07:00,"15,20"
28/05/2024,27/05/2024,1100 UTC,08:00,"15,50"
28/05/2024,27/05/2024,1200 UTC,09:00,"15,70"
28/05/2024,27/05/2024,1300 UTC,10:00,"15,30"
28/05/2024,27/05/2024,1400 UTC,11:00,"15,40"
28/05/2024,27/05/2024,1500 UTC,12:00,"15,40"
28/05/2024,27/05/2024,1600 UTC,13:00,"15,20"
28/05/2024,27/05/2024,1700 UTC,14:00,"16,60"
28/05/2024,27/05/2024,1800 UTC,15:00,"17,80"
28/05/2024,27/05/2024,1900 UTC,16:00,"17,40"
28/05/2024,27/05/2024,2000 UTC,17:00,"16,00"
28/05/2024,27/05/2024,2100 UTC,18:00,"14,00"
28/05/2024,27/05/2024,2200 UTC,19:00,"12,90"
28/05/2024,27/05/2024,2300 UTC,20:00,"12,30"
29/05/2024,28/05/2024,0000 UTC,21:00,"12,20"
29/05/2024,28/05/2024,0100 UTC,22:00,"11,30"
29/05/2024,28/05/2024,0200 UTC,23:00,"10,60"
29/05/2024,28/05/2024,0300 UTC,00:00,"9,80"
29/05/2024,28/05/2024,0400 UTC,01:00,"9,30"
29/05/2024,28/05/2024,0500 UTC,02:00,"9,00"
29/05/2024,28/05/2024,0600 UTC,03:00,"8,20"
29/05/2024,28/05/2024,0700 UTC,04:00,"7,70"
29/05/2024,28/05/2024,0800 UTC,05:00,"6,80"
29/05/2024,28/05/2024,0900 UTC,06:00,"5,60"
29/05/2024,28/05/2024,1000 UTC,07:00,"5,90"
29/05/2024,28/05/2024,1100 UTC,08:00,"6,70"
29/05/2024,28/05/2024,1200 UTC,09:00,"8,50"
29/05/2024,28/05/2024,1300 UTC,10:00,"10,50"
29/05/2024,28/05/2024,1400 UTC,11:00,"13,20"
29/05/2024,28/05/2024,1500 UTC,12:00,"15,50"
29/05/2024,28/05/2024,1600 UTC,13:00,"16,70"
29/05/2024,28/05/2024,1700 UTC,14:00,"17,90"
29/05/2024,28/05/2024,1800 UTC,15:00,"17,30"
29/05/2024,28/05/2024,1900 UTC,16:00,"16,40"
29/05/2024,28/05/2024,2000 UTC,17:00,"14,90"
29/05/2024,28/05/2024,2100 UTC,18:00,"13,20"
29/05/2024,28/05/2024,2200 UTC,19:00,"12,20"
29/05/2024,28/05/2024,2300 UTC,20:00,"11,50"
30/05/2024,29/05/2024,0000 UTC,21:00,"10,90"
30/05/2024,29/05/2024,0100 UTC,22:00,"10,60"
30/05/2024,29/05/2024,0200 UTC,23:00,"9,40"
30/05/2024,29/05/2024,0300 UTC,00:00,"9,30"
30/05/2024,29/05/2024,0400 UTC,01:00,"7,50"
30/05/2024,29/05/2024,0500 UTC,02:00,"7,20"
30/05/2024,29/05/2024,0600 UTC,03:00,"6,60"
30/05/2024,29/05/2024,0700 UTC,04:00,"5,80"
30/05/2024,29/05/2024,0800 UTC,05:00,"5,60"
30/05/2024,29/05/2024,0900 UTC,06:00,"4,40"
30/05/2024,29/05/2024,1000 UTC,07:00,"4,90"
30/05/2024,29/05/2024,1100 UTC,08:00,"6,60"
30/05/2024,29/05/2024,1200 UTC,09:00,"9,30"
30/05/2024,29/05/2024,1300 UTC,10:00,"13,30"
30/05/2024,29/05/2024,1400 UTC,11:00,"15,00"
30/05/2024,29/05/2024,1500 UTC,12:00,"15,90"
30/05/2024,29/05/2024,1600 UTC,13:00,"17,40"
30/05/2024,29/05/2024,1700 UTC,14:00,"17,50"
30/05/2024,29/05/2024,1800 UTC,15:00,"17,60"
30/05/2024,29/05/2024,1900 UTC,16:00,"16,50"
30/05/2024,29/05/2024,2000 UTC,17:00,"15,00"
30/05/2024,29/05/2024,2100 UTC,18:00,"12,70"
30/05/2024,29/05/2024,2200 UTC,19:00,"12,00"
30/05/2024,29/05/2024,2300 UTC,20:00,"12,20"
31/05/2024,30/05/2024,0000 UTC,21:00,"11,90"
31/05/2024,30/05/2024,0100 UTC,22:00,"12,50"
31/05/2024,30/05/2024,0200 UTC,23:00,"11,90"
31/05/2024,30/05/2024,0300 UTC,00:00,"11,90"
31/05/2024,30/05/2024,0400 UTC,01:00,"11,80"
31/05/2024,30/05/2024,0500 UTC,02:00,"11,20"
31/05/2024,30/05/2024,0600 UTC,03:00,"10,90"
31/05/2024,30/05/2024,0700 UTC,04:00,"10,70"
31/05/2024,30/05/2024,0800 UTC,05:00,"10,30"
31/05/2024,30/05/2024,0900 UTC,06:00,"10,90"
31/05/2024,30/05/2024,1000 UTC,07:00,"11,00"
31/05/2024,30/05/2024,1100 UTC,08:00,"12,60"
31/05/2024,30/05/2024,1200 UTC,09:00,"13,80"
31/05/2024,30/05/2024,1300 UTC,10:00,"14,70"
31/05/2024,30/05/2024,1400 UTC,11:00,"16,10"
31/05/2024,30/05/2024,1500 UTC,12:00,"17,10"
31/05/2024,30/05/2024,1600 UTC,13:00,"18,00"
31/05/2024,30/05/2024,1700 UTC,14:00,"18,00"
31/05/2024,30/05/2024,1800 UTC,15:00,"17,80"
31/05/2024,30/05/2024,1900 UTC,16:00,"17,40"
31/05/2024,30/05/2024,2000 UTC,17:00,"15,20"
31/05/2024,30/05/2024,2100 UTC,18:00,"14,20"
31/05/2024,30/05/2024,2200 UTC,19:00,"14,10"
31/05/2024,30/05/2024,2300 UTC,20:00,"14,00"
01/06/2024,31/05/2024,0000 UTC,21:00,"14,30"
01/06/2024,31/05/2024,0100 UTC,22:00,"13,80"
01/06/2024,31/05/2024,0200 UTC,23:00,"13,30"
01/06/2024,31/05/2024,0300 UTC,00:00,"13,30"
01/06/2024,31/05/2024,0400 UTC,01:00,"13,10"
01/06/2024,31/05/2024,0500 UTC,02:00,"13,00"
01/06/2024,31/05/2024,0600 UTC,03:00,"12,70"
01/06/2024,31/05/2024,0700 UTC,04:00,"12,40"
01/06/2024,31/05/2024,0800 UTC,05:00,"12,50"
01/06/2024,31/05/2024,0900 UTC,06:00,"12,40"
01/06/2024,31/05/2024,1000 UTC,07:00,"12,30"
01/06/2024,31/05/2024,1100 UTC,08:00,"13,00"
01/06/2024,31/05/2024,1200 UTC,09:00,"14,30"
01/06/2024,31/05/2024,1300 UTC,10:00,"17,70"
01/06/2024,31/05/2024,1400 UTC,11:00,"19,40"
01/06/2024,31/05/2024,1500 UTC,12:00,"21,10"
01/06/2024,31/05/2024,1600 UTC,13:00,"22,30"
01/06/2024,31/05/2024,1700 UTC,14:00,"22,90"
01/06/2024,31/05/2024,1800 UTC,15:00,"23,20"
01/06/2024,31/05/2024,1900 UTC,16:00,"22,90"
01/06/2024,31/05/2024,2000 UTC,17:00,"21,80"
01/06/2024,31/05/2024,2100 UTC,18:00,"17,90"
01/06/2024,31/05/2024,2200 UTC,19:00,"15,90"
01/06/2024,31/05/2024,2300 UTC,20:00,"14,60"
02/06/2024,01/06/2024,0000 UTC,21:00,"14,50"
02/06/2024,01/06/2024,0100 UTC,22:00,"14,60"
02/06/2024,01/06/2024,0200 UTC,23:00,"14,10"
02/06/2024,01/06/2024,0300 UTC,00:00,"11,80"
02/06/2024,01/06/2024,0400 UTC,01:00,"12,40"
02/06/2024,01/06/2024,0500 UTC,02:00,"12,10"
02/06/2024,01/06/2024,0600 UTC,03:00,"10,90"
02/06/2024,01/06/2024,0700 UTC,04:00,"9,70"
02/06/2024,01/06/2024,0800 UTC,05:00,"9,70"
02/06/2024,01/06/2024,0900 UTC,06:00,"9,30"
02/06/2024,01/06/2024,1000 UTC,07:00,"9,30"
02/06/2024,01/06/2024,1100 UTC,08:00,"12,20"
02/06/2024,01/06/2024,1200 UTC,09:00,"15,40"
02/06/2024,01/06/2024,1300 UTC,10:00,"19,40"
02/06/2024,01/06/2024,1400 UTC,11:00,"22,10"
02/06/2024,01/06/2024,1500 UTC,12:00,"22,90"
02/06/2024,01/06/2024,1600 UTC,13:00,"24,70"
02/06/2024,01/06/2024,1700 UTC,14:00,"25,10"
02/06/2024,01/06/2024,1800 UTC,15:00,"25,00"
02/06/2024,01/06/2024,1900 UTC,16:00,"24,60"
02/06/2024,01/06/2024,2000 UTC,17:00,"22,90"
02/06/2024,01/06/2024,2100 UTC,18:00,"20,30"
02/06/2024,01/06/2024,2200 UTC,19:00,"18,90"
02/06/2024,01/06/2024,2300 UTC,20:00,"16,70"
03/06/2024,02/06/2024,0000 UTC,21:00,"16,30"
03/06/2024,02/06/2024,0100 UTC,22:00,"15,90"
03/06/2024,02/06/2024,0200 UTC,23:00,"15,00"
03/06/2024,02/06/2024,0300 UTC,00:00,"13,90"
03/06/2024,02/06/2024,0400 UTC,01:00,"13,20"
03/06/2024,02/06/2024,0500 UTC,02:00,"13,30"
03/06/2024,02/06/2024,0600 UTC,03:00,"12,60"
03/06/2024,02/06/2024,0700 UTC,04:00,"12,00"
03/06/2024,02/06/2024,0800 UTC,05:00,"11,80"
03/06/2024,02/06/2024,0900 UTC,06:00,"11,90"
03/06/2024,02/06/2024,1000 UTC,07:00,"11,80"
03/06/2024,02/06/2024,1100 UTC,08:00,"13,30"
03/06/2024,02/06/2024,1200 UTC,09:00,"17,90"
03/06/2024,02/06/2024,1300 UTC,10:00,"21,80"
03/06/2024,02/06/2024,1400 UTC,11:00,"22,70"
03/06/2024,02/06/2024,1500 UTC,12:00,"23,40"
03/06/2024,02/06/2024,1600 UTC,13:00,"25,00"
03/06/2024,02/06/2024,1700 UTC,14:00,"25,00"
03/06/2024,02/06/2024,1800 UTC,15:00,"25,20"
03/06/2024,02/06/2024,1900 UTC,16:00,"24,80"
03/06/2024,02/06/2024,2000 UTC,17:00,"23,40"
03/06/2024,02/06/2024,2100 UTC,18:00,"21,40"
03/06/2024,02/06/2024,2200 UTC,19:00,"19,70"
03/06/2024,02/06/2024,2300 UTC,20:00,"18,20"
04/06/2024,03/06/2024,0000 UTC,21:00,"16,80"
04/06/2024,03/06/2024,0100 UTC,22:00,"16,70"
04/06/2024,03/06/2024,0200 UTC,23:00,"16,10"
04/06/2024,03/06/2024,0300 UTC,00:00,"15,90"
04/06/2024,03/06/2024,0400 UTC,01:00,"15,70"
04/06/2024,03/06/2024,0500 UTC,02:00,"15,40"
04/06/2024,03/06/2024,0600 UTC,03:00,"15,00"
04/06/2024,03/06/2024,0700 UTC,04:00,"14,70"
04/06/2024,03/06/2024,0800 UTC,05:00,"14,70"
04/06/2024,03/06/2024,0900 UTC,06:00,"14,50"
04/06/2024,03/06/2024,1000 UTC,07:00,"14,40"
04/06/2024,03/06/2024,1100 UTC,08:00,"14,50"
04/06/2024,03/06/2024,1200 UTC,09:00,"15,50"
04/06/2024,03/06/2024,1300 UTC,10:00,"16,30"
04/06/2024,03/06/2024,1400 UTC,11:00,"16,90"
04/06/2024,03/06/2024,1500 UTC,12:00,"16,70"
04/06/2024,03/06/2024,1600 UTC,13:00,"17,60"
04/06/2024,03/06/2024,1700 UTC,14:00,"17,60"
04/06/2024,03/06/2024,1800 UTC,15:00,"16,80"
04/06/2024,03/06/2024,1900 UTC,16:00,"16,70"
04/06/2024,03/06/2024,2000 UTC,17:00,"15,50"
04/06/2024,03/06/2024,2100 UTC,18:00,"14,60"
04/06/2024,03/06/2024,2200 UTC,19:00,"14,40"
04/06/2024,03/06/2024,2300 UTC,20:00,"14,20"
05/06/2024,04/06/2024,0000 UTC,21:00,"14,30"
05/06/2024,04/06/2024,0100 UTC,22:00,"14,40"
05/06/2024,04/06/2024,0200 UTC,23:00,"14,20"
05/06/2024,04/06/2024,0300 UTC,00:00,"14,40"
05/06/2024,04/06/2024,0400 UTC,01:00,"14,20"
05/06/2024,04/06/2024,0500 UTC,02:00,"14,10"
05/06/2024,04/06/2024,0600 UTC,03:00,"13,90"
05/06/2024,04/06/2024,0700 UTC,04:00,"13,90"
05/06/2024,04/06/2024,0800 UTC,05:00,"13,70"
05/06/2024,04/06/2024,0900 UTC,06:00,"13,60"
05/06/2024,04/06/2024,1000 UTC,07:00,"13,80"
05/06/2024,04/06/2024,1100 UTC,08:00,"14,20"
05/06/2024,04/06/2024,1200 UTC,09:00,"15,50"
05/06/2024,04/06/2024,1300 UTC,10:00,"16,20"
05/06/2024,04/06/2024,1400 UTC,11:00,"18,00"
05/06/2024,04/06/2024,1500 UTC,12:00,"19,10"
05/06/2024,04/06/2024,1600 UTC,13:00,"20,60"
05/06/2024,04/06/2024,1700 UTC,14:00,"22,10"
05/06/2024,04/06/2024,1800 UTC,15:00,"21,90"
05/06/2024,04/06/2024,1900 UTC,16:00,"21,50"
05/06/2024,04/06/2024,2000 UTC,17:00,"18,90"
05/06/2024,04/06/2024,2100 UTC,18:00,"16,60"
05/06/2024,04/06/2024,2200 UTC,19:00,"15,20"
05/06/2024,04/06/2024,2300 UTC,20:00,"14,60"
06/06/2024,05/06/2024,0000 UTC,21:00,"14,20"
06/06/2024,05/06/2024,0100 UTC,22:00,"13,70"
06/06/2024,05/06/2024,0200 UTC,23:00,"13,60"
06/06/2024,05/06/2024,0300 UTC,00:00,"13,00"
06/06/2024,05/06/2024,0400 UTC,01:00,"12,50"
06/06/2024,05/06/2024,0500 UTC,02:00,"11,60"
06/06/2024,05/06/2024,0600 UTC,03:00,"11,10"
06/06/2024,05/06/2024,0700 UTC,04:00,"11,30"
06/06/2024,05/06/2024,0800 UTC,05:00,"11,60"
06/06/2024,05/06/2024,0900 UTC,06:00,"10,60"
06/06/2024,05/06/2024,1000 UTC,07:00,"10,70"
06/06/2024,05/06/2024,1100 UTC,08:00,"12,10"
06/06/2024,05/06/2024,1200 UTC,09:00,"15,60"
06/06/2024,05/06/2024,1300 UTC,10:00,"20,40"
06/06/2024,05/06/2024,1400 UTC,11:00,"23,10"
06/06/2024,05/06/2024,1500 UTC,12:00,"24,10"
06/06/2024,05/06/2024,1600 UTC,13:00,"25,30"
06/06/2024,05/06/2024,1700 UTC,14:00,"25,00"
06/06/2024,05/06/2024,1800 UTC,15:00,"25,40"
06/06/2024,05/06/2024,1900 UTC,16:00,"25,10"
06/06/2024,05/06/2024,2000 UTC,17:00,"23,00"
06/06/2024,05/06/2024,2100 UTC,18:00,"20,30"
06/06/2024,05/06/2024,2200 UTC,19:00,"18,30"
06/06/2024,05/06/2024,2300 UTC,20:00,"17,70"
07/06/2024,06/06/2024,0000 UTC,21:00,"17,20"
07/06/2024,06/06/2024,0100 UTC,22:00,"16,10"
07/06/2024,06/06/2024,0200 UTC,23:00,"14,40"
07/06/2024,06/06/2024,0300 UTC,00:00,"13,60"
07/06/2024,06/06/2024,0400 UTC,01:00,"12,90"
07/06/2024,06/06/2024,0500 UTC,02:00,"11,80"
07/06/2024,06/06/2024,0600 UTC,03:00,"11,60"
07/06/2024,06/06/2024,0700 UTC,04:00,"11,40"
07/06/2024,06/06/2024,0800 UTC,05:00,"10,40"
07/06/2024,06/06/2024,0900 UTC,06:00,"10,50"
07/06/2024,06/06/2024,1000 UTC,07:00,"10,50"
07/06/2024,06/06/2024,1100 UTC,08:00,"11,90"
07/06/2024,06/06/2024,1200 UTC,09:00,"14,20"
07/06/2024,06/06/2024,1300 UTC,10:00,"18,30"
07/06/2024,06/06/2024,1400 UTC,11:00,"23,50"
07/06/2024,06/06/2024,1500 UTC,12:00,"25,10"
07/06/2024,06/06/2024,1600 UTC,13:00,"25,60"
07/06/2024,06/06/2024,1700 UTC,14:00,"26,00"
07/06/2024,06/06/2024,1800 UTC,15:00,"26,10"
07/06/2024,06/06/2024,1900 UTC,16:00,"25,90"
07/06/2024,06/06/2024,2000 UTC,17:00,"23,50"
07/06/2024,06/06/2024,2100 UTC,18:00,"21,30"
07/06/2024,06/06/2024,2200 UTC,19:00,"18,80"
07/06/2024,06/06/2024,2300 UTC,20:00,"18,10"
08/06/2024,07/06/2024,0000 UTC,21:00,"17,70"
08/06/2024,07/06/2024,0100 UTC,22:00,"16,10"
08/06/2024,07/06/2024,0200 UTC,23:00,"15,20"
08/06/2024,07/06/2024,0300 UTC,00:00,"14,50"
08/06/2024,07/06/2024,0400 UTC,01:00,"13,20"
08/06/2024,07/06/2024,0500 UTC,02:00,"13,10"
08/06/2024,07/06/2024,0600 UTC,03:00,"12,10"
08/06/2024,07/06/2024,0700 UTC,04:00,"11,50"
08/06/2024,07/06/2024,0800 UTC,05:00,"12,30"
08/06/2024,07/06/2024,0900 UTC,06:00,"10,50"
08/06/2024,07/06/2024,1000 UTC,07:00,"10,80"
08/06/2024,07/06/2024,1100 UTC,08:00,"12,10"
08/06/2024,07/06/2024,1200 UTC,09:00,"15,30"
08/06/2024,07/06/2024,1300 UTC,10:00,"19,70"
08/06/2024,07/06/2024,1400 UTC,11:00,"23,10"
08/06/2024,07/06/2024,1500 UTC,12:00,"25,10"
08/06/2024,07/06/2024,1600 UTC,13:00,"26,10"
08/06/2024,07/06/2024,1700 UTC,14:00,"26,40"
08/06/2024,07/06/2024,1800 UTC,15:00,"26,00"
08/06/2024,07/06/2024,1900 UTC,16:00,"25,80"
08/06/2024,07/06/2024,2000 UTC,17:00,"24,00"
08/06/2024,07/06/2024,2100 UTC,18:00,"20,90"
08/06/2024,07/06/2024,2200 UTC,19:00,"18,40"
08/06/2024,07/06/2024,2300 UTC,20:00,"17,10"
09/06/2024,08/06/2024,0000 UTC,21:00,"17,00"
09/06/2024,08/06/2024,0100 UTC,22:00,"16,80"
09/06/2024,08/06/2024,0200 UTC,23:00,"16,60"
09/06/2024,08/06/2024,0300 UTC,00:00,"16,30"
09/06/2024,08/06/2024,0400 UTC,01:00,"15,10"
09/06/2024,08/06/2024,0500 UTC,02:00,"14,80"
09/06/2024,08/06/2024,0600 UTC,03:00,"14,20"
09/06/2024,08/06/2024,0700 UTC,04:00,"13,40"
09/06/2024,08/06/2024,0800 UTC,05:00,"12,10"
09/06/2024,08/06/2024,0900 UTC,06:00,"11,30"
09/06/2024,08/06/2024,1000 UTC,07:00,"11,10"
09/06/2024,08/06/2024,1100 UTC,08:00,"12,80"
09/06/2024,08/06/2024,1200 UTC,09:00,"16,30"
09/06/2024,08/06/2024,1300 UTC,10:00,"21,60"
09/06/2024,08/06/2024,1400 UTC,11:00,"23,80"
09/06/2024,08/06/2024,1500 UTC,12:00,"24,30"
09/06/2024,08/06/2024,1600 UTC,13:00,"25,90"
09/06/2024,08/06/2024,1700 UTC,14:00,"26,30"
09/06/2024,08/06/2024,1800 UTC,15:00,"26,50"
09/06/2024,08/06/2024,1900 UTC,16:00,"26,10"
09/06/2024,08/06/2024,2000 UTC,17:00,"24,80"
09/06/2024,08/06/2024,2100 UTC,18:00,"22,20"
09/06/2024,08/06/2024,2200 UTC,19:00,"20,30"
09/06/2024,08/06/2024,2300 UTC,20:00,"20,10"
10/06/2024,09/06/2024,0000 UTC,21:00,"18,80"
10/06/2024,09/06/2024,0100 UTC,22:00,"18,20"
10/06/2024,09/06/2024,0200 UTC,23:00,"18,00"
10/06/2024,09/06/2024,0300 UTC,00:00,"17,80"
10/06/2024,09/06/2024,0400 UTC,01:00,"17,20"
10/06/2024,09/06/2024,0500 UTC,02:00,"17,30"
10/06/2024,09/06/2024,0600 UTC,03:00,"16,80"
10/06/2024,09/06/2024,0700 UTC,04:00,"16,60"
10/06/2024,09/06/2024,0800 UTC,05:00,"16,20"
10/06/2024,09/06/2024,0900 UTC,06:00,"15,60"
10/06/2024,09/06/2024,1000 UTC,07:00,"15,30"
10/06/2024,09/06/2024,1100 UTC,08:00,"17,20"
10/06/2024,09/06/2024,1200 UTC,09:00,"19,60"
10/06/2024,09/06/2024,1300 UTC,10:00,"22,10"
10/06/2024,09/06/2024,1400 UTC,11:00,"23,70"
10/06/2024,09/06/2024,1500 UTC,12:00,"25,40"
10/06/2024,09/06/2024,1600 UTC,13:00,
10/06/2024,09/06/2024,1700 UTC,14:00,
10/06/2024,09/06/2024,1800 UTC,15:00,
10/06/2024,09/06/2024,1900 UTC,16:00,
10/06/2024,09/06/2024,2000 UTC,17:00,
10/06/2024,09/06/2024,2100 UTC,18:00,
10/06/2024,09/06/2024,2200 UTC,19:00,
10/06/2024,09/06/2024,2300 UTC,20:00,
11/06/2024,10/06/2024,0000 UTC,21:00,
11/06/2024,10/06/2024,0100 UTC,22:00,
11/06/2024,10/06/2024,0200 UTC,23:00,
11/06/2024,10/06/2024,0300 UTC,00:00,
11/06/2024,10/06/2024,0400 UTC,01:00,
11/06/2024,10/06/2024,0500 UTC,02:00,
11/06/2024,10/06/2024,0600 UTC,03:00,
11/06/2024,10/06/2024,0700 UTC,04:00,
11/06/2024,10/06/2024,0800 UTC,05:00,
11/06/2024,10/06/2024,0900 UTC,06:00,
11/06/2024,10/06/2024,1000 UTC,07:00,
11/06/2024,10/06/2024,1100 UTC,08:00,
11/06/2024,10/06/2024,1200 UTC,09:00,
11/06/2024,10/06/2024,1300 UTC,10:00,
11/06/2024,10/06/2024,1400 UTC,11:00,
11/06/2024,10/06/2024,1500 UTC,12:00,
11/06/2024,10/06/2024,1600 UTC,13:00,
11/06/2024,10/06/2024,1700 UTC,14:00,
11/06/2024,10/06/2024,1800 UTC,15:00,
11/06/2024,10/06/2024,1900 UTC,16:00,
11/06/2024,10/06/2024,2000 UTC,17:00,
11/06/2024,10/06/2024,2100 UTC,18:00,
11/06/2024,10/06/2024,2200 UTC,19:00,
11/06/2024,10/06/2024,2300 UTC,20:00,
12/06/2024,11/06/2024,0000 UTC,21:00,
12/06/2024,11/06/2024,0100 UTC,22:00,
12/06/2024,11/06/2024,0200 UTC,23:00,
12/06/2024,11/06/2024,0300 UTC,00:00,
12/06/2024,11/06/2024,0400 UTC,01:00,
12/06/2024,11/06/2024,0500 UTC,02:00,
12/06/2024,11/06/2024,0600 UTC,03:00,
12/06/2024,11/06/2024,0700 UTC,04:00,
12/06/2024,11/06/2024,0800 UTC,05:00,
12/06/2024,11/06/2024,0900 UTC,06:00,
12/06/2024,11/06/2024,1000 UTC,07:00,
12/06/2024,11/06/2024,1100 UTC,08:00,
12/06/2024,11/06/2024,1200 UTC,09:00,
12/06/2024,11/06/2024,1300 UTC,10:00,
12/06/2024,11/06/2024,1400 UTC,11:00,
12/06/2024,11/06/2024,1500 UTC,12:00,
12/06/2024,11/06/2024,1600 UTC,13:00,
12/06/2024,11/06/2024,1700 UTC,14:00,
12/06/2024,11/06/2024,1800 UTC,15:00,
12/06/2024,11/06/2024,1900 UTC,16:00,
12/06/2024,11/06/2024,2000 UTC,17:00,
12/06/2024,11/06/2024,2100 UTC,18:00,
12/06/2024,11/06/2024,2200 UTC,19:00,
12/06/2024,11/06/2024,2300 UTC,20:00,
13/06/2024,12/06/2024,0000 UTC,21:00,
13/06/2024,12/06/2024,0100 UTC,22:00,
13/06/2024,12/06/2024,0200 UTC,23:00,
13/06/2024,12/06/2024,0300 UTC,00:00,
13/06/2024,12/06/2024,0400 UTC,01:00,
13/06/2024,12/06/2024,0500 UTC,02:00,
13/06/2024,12/06/2024,0600 UTC,03:00,
13/06/2024,12/06/2024,0700 UTC,04:00,
13/06/2024,12/06/2024,0800 UTC,05:00,
13/06/2024,12/06/2024,0900 UTC,06:00,
13/06/2024,12/06/2024,1000 UTC,07:00,
13/06/2024,12/06/2024,1100 UTC,08:00,
13/06/2024,12/06/2024,1200 UTC,09:00,
13/06/2024,12/06/2024,1300 UTC,10:00,
13/06/2024,12/06/2024,1400 UTC,11:00,
13/06/2024,12/06/2024,1500 UTC,12:00,
13/06/2024,12/06/2024,1600 UTC,13:00,
13/06/2024,12/06/2024,1700 UTC,14:00,
13/06/2024,12/06/2024,1800 UTC,15:00,
13/06/2024,12/06/2024,1900 UTC,16:00,
13/06/2024,12/06/2024,2000 UTC,17:00,
13/06/2024,12/06/2024,2100 UTC,18:00,
13/06/2024,12/06/2024,2200 UTC,19:00,
13/06/2024,12/06/2024,2300 UTC,20:00,
14/06/2024,13/06/2024,0000 UTC,21:00,
14/06/2024,13/06/2024,0100 UTC,22:00,
14/06/2024,13/06/2024,0200 UTC,23:00,
14/06/2024,13/06/2024,0300 UTC,00:00,
14/06/2024,13/06/2024,0400 UTC,01:00,
14/06/2024,13/06/2024,0500 UTC,02:00,
14/06/2024,13/06/2024,0600 UTC,03:00,
14/06/2024,13/06/2024,0700 UTC,04:00,
14/06/2024,13/06/2024,0800 UTC,05:00,
14/06/2024,13/06/2024,0900 UTC,06:00,
14/06/2024,13/06/2024,1000 UTC,07:00,
14/06/2024,13/06/2024,1100 UTC,08:00,
14/06/2024,13/06/2024,1200 UTC,09:00,
14/06/2024,13/06/2024,1300 UTC,10:00,
14/06/2024,13/06/2024,1400 UTC,11:00,
14/06/2024,13/06/2024,1500 UTC,12:00,
14/06/2024,13/06/2024,1600 UTC,13:00,
14/06/2024,13/06/2024,1700 UTC,14:00,
14/06/2024,13/06/2024,1800 UTC,15:00,
14/06/2024,13/06/2024,1900 UTC,16:00,
14/06/2024,13/06/2024,2000 UTC,17:00,
14/06/2024,13/06/2024,2100 UTC,18:00,
14/06/2024,13/06/2024,2200 UTC,19:00,
14/06/2024,13/06/2024,2300 UTC,20:00,
15/06/2024,14/06/2024,0000 UTC,21:00,
15/06/2024,14/06/2024,0100 UTC,22:00,
15/06/2024,14/06/2024,0200 UTC,23:00,
15/06/2024,14/06/2024,0300 UTC,00:00,
15/06/2024,14/06/2024,0400 UTC,01:00,
15/06/2024,14/06/2024,0500 UTC,02:00,
15/06/2024,14/06/2024,0600 UTC,03:00,
15/06/2024,14/06/2024,0700 UTC,04:00,
15/06/2024,14/06/2024,0800 UTC,05:00,
15/06/2024,14/06/2024,0900 UTC,06:00,
15/06/2024,14/06/2024,1000 UTC,07:00,
15/06/2024,14/06/2024,1100 UTC,08:00,
15/06/2024,14/06/2024,1200 UTC,09:00,
15/06/2024,14/06/2024,1300 UTC,10:00,
15/06/2024,14/06/2024,1400 UTC,11:00,
15/06/2024,14/06/2024,1500 UTC,12:00,
15/06/2024,14/06/2024,1600 UTC,13:00,
15/06/2024,14/06/2024,1700 UTC,14:00,
15/06/2024,14/06/2024,1800 UTC,15:00,
15/06/2024,14/06/2024,1900 UTC,16:00,
15/06/2024,14/06/2024,2000 UTC,17:00,
15/06/2024,14/06/2024,2100 UTC,18:00,
15/06/2024,14/06/2024,2200 UTC,19:00,
15/06/2024,14/06/2024,2300 UTC,20:00,
16/06/2024,15/06/2024,0000 UTC,21:00,
16/06/2024,15/06/2024,0100 UTC,22:00,
16/06/2024,15/06/2024,0200 UTC,23:00,
16/06/2024,15/06/2024,0300 UTC,00:00,
16/06/2024,15/06/2024,0400 UTC,01:00,
16/06/2024,15/06/2024,0500 UTC,02:00,
16/06/2024,15/06/2024,0600 UTC,03:00,
16/06/2024,15/06/2024,0700 UTC,04:00,
16/06/2024,15/06/2024,0800 UTC,05:00,
16/06/2024,15/06/2024,0900 UTC,06:00,
16/06/2024,15/06/2024,1000 UTC,07:00,
16/06/2024,15/06/2024,1100 UTC,08:00,
16/06/2024,15/06/2024,1200 UTC,09:00,
16/06/2024,15/06/2024,1300 UTC,10:00,
16/06/2024,15/06/2024,1400 UTC,11:00,
16/06/2024,15/06/2024,1500 UTC,12:00,
16/06/2024,15/06/2024,1600 UTC,13:00,
16/06/2024,15/06/2024,1700 UTC,14:00,
16/06/2024,15/06/2024,1800 UTC,15:00,
16/06/2024,15/06/2024,1900 UTC,16:00,
16/06/2024,15/06/2024,2000 UTC,17:00,
16/06/2024,15/06/2024,2100 UTC,18:00,
16/06/2024,15/06/2024,2200 UTC,19:00,
16/06/2024,15/06/2024,2300 UTC,20:00,
17/06/2024,16/06/2024,0000 UTC,21:00,
17/06/2024,16/06/2024,0100 UTC,22:00,
17/06/2024,16/06/2024,0200 UTC,23:00,
17/06/2024,16/06/2024,0300 UTC,00:00,
17/06/2024,16/06/2024,0400 UTC,01:00,
17/06/2024,16/06/2024,0500 UTC,02:00,
17/06/2024,16/06/2024,0600 UTC,03:00,
17/06/2024,16/06/2024,0700 UTC,04:00,
17/06/2024,16/06/2024,0800 UTC,05:00,
17/06/2024,16/06/2024,0900 UTC,06:00,
17/06/2024,16/06/2024,1000 UTC,07:00,
17/06/2024,16/06/2024,1100 UTC,08:00,
17/06/2024,16/06/2024,1200 UTC,09:00,
17/06/2024,16/06/2024,1300 UTC,10:00,
17/06/2024,16/06/2024,1400 UTC,11:00,
17/06/2024,16/06/2024,1500 UTC,12:00,
17/06/2024,16/06/2024,1600 UTC,13:00,
17/06/2024,16/06/2024,1700 UTC,14:00,
17/06/2024,16/06/2024,1800 UTC,15:00,
17/06/2024,16/06/2024,1900 UTC,16:00,
17/06/2024,16/06/2024,2000 UTC,17:00,
17/06/2024,16/06/2024,2100 UTC,18:00,
17/06/2024,16/06/2024,2200 UTC,19:00,
17/06/2024,16/06/2024,2300 UTC,20:00,
18/06/2024,17/06/2024,0000 UTC,21:00,
18/06/2024,17/06/2024,0100 UTC,22:00,
18/06/2024,17/06/2024,0200 UTC,23:00,
18/06/2024,17/06/2024,0300 UTC,00:00,
18/06/2024,17/06/2024,0400 UTC,01:00,
18/06/2024,17/06/2024,0500 UTC,02:00,
18/06/2024,17/06/2024,0600 UTC,03:00,
18/06/2024,17/06/2024,0700 UTC,04:00,
18/06/2024,17/06/2024,0800 UTC,05:00,
18/06/2024,17/06/2024,0900 UTC,06:00,
18/06/2024,17/06/2024,1000 UTC,07:00,
18/06/2024,17/06/2024,1100 UTC,08:00,
18/06/2024,17/06/2024,1200 UTC,09:00,
18/06/2024,17/06/2024,1300 UTC,10:00,
18/06/2024,17/06/2024,1400 UTC,11:00,
18/06/2024,17/06/2024,1500 UTC,12:00,
18/06/2024,17/06/2024,1600 UTC,13:00,
18/06/2024,17/06/2024,1700 UTC,14:00,
18/06/2024,17/06/2024,1800 UTC,15:00,
18/06/2024,17/06/2024,1900 UTC,16:00,
18/06/2024,17/06/2024,2000 UTC,17:00,
18/06/2024,17/06/2024,2100 UTC,18:00,
18/06/2024,17/06/2024,2200 UTC,19:00,
18/06/2024,17/06/2024,2300 UTC,20:00,
19/06/2024,18/06/2024,0000 UTC,21:00,
19/06/2024,18/06/2024,0100 UTC,22:00,
19/06/2024,18/06/2024,0200 UTC,23:00,
19/06/2024,18/06/2024,0300 UTC,00:00,
19/06/2024,18/06/2024,0400 UTC,01:00,
19/06/2024,18/06/2024,0500 UTC,02:00,
19/06/2024,18/06/2024,0600 UTC,03:00,
19/06/2024,18/06/2024,0700 UTC,04:00,
19/06/2024,18/06/2024,0800 UTC,05:00,
19/06/2024,18/06/2024,0900 UTC,06:00,
19/06/2024,18/06/2024,1000 UTC,07:00,
19/06/2024,18/06/2024,1100 UTC,08:00,
19/06/2024,18/06/2024,1200 UTC,09:00,
19/06/2024,18/06/2024,1300 UTC,10:00,
19/06/2024,18/06/2024,1400 UTC,11:00,
19/06/2024,18/06/2024,1500 UTC,12:00,
19/06/2024,18/06/2024,1600 UTC,13:00,
19/06/2024,18/06/2024,1700 UTC,14:00,
19/06/2024,18/06/2024,1800 UTC,15:00,
19/06/2024,18/06/2024,1900 UTC,16:00,
19/06/2024,18/06/2024,2000 UTC,17:00,
19/06/2024,18/06/2024,2100 UTC,18:00,
19/06/2024,18/06/2024,2200 UTC,19:00,
19/06/2024,18/06/2024,2300 UTC,20:00,
20/06/2024,19/06/2024,0000 UTC,21:00,
20/06/2024,19/06/2024,0100 UTC,22:00,
20/06/2024,19/06/2024,0200 UTC,23:00,
20/06/2024,19/06/2024,0300 UTC,00:00,
20/06/2024,19/06/2024,0400 UTC,01:00,
20/06/2024,19/06/2024,0500 UTC,02:00,
20/06/2024,19/06/2024,0600 UTC,03:00,
20/06/2024,19/06/2024,0700 UTC,04:00,
20/06/2024,19/06/2024,0800 UTC,05:00,
20/06/2024,19/06/2024,0900 UTC,06:00,
20/06/2024,19/06/2024,1000 UTC,07:00,
20/06/2024,19/06/2024,1100 UTC,08:00,
20/06/2024,19/06/2024,1200 UTC,09:00,
20/06/2024,19/06/2024,1300 UTC,10:00,
20/06/2024,19/06/2024,1400 UTC,11:00,
20/06/2024,19/06/2024,1500 UTC,12:00,
20/06/2024,19/06/2024,1600 UTC,13:00,
20/06/2024,19/06/2024,1700 UTC,14:00,
20/06/2024,19/06/2024,1800 UTC,15:00,
20/06/2024,19/06/2024,1900 UTC,16:00,
20/06/2024,19/06/2024,2000 UTC,17:00,
20/06/2024,19/06/2024,2100 UTC,18:00,
20/06/2024,19/06/2024,2200 UTC,19:00,
20/06/2024,19/06/2024,2300 UTC,20:00,
21/06/2024,20/06/2024,0000 UTC,21:00,
21/06/2024,20/06/2024,0100 UTC,22:00,
21/06/2024,20/06/2024,0200 UTC,23:00,
21/06/2024,20/06/2024,0300 UTC,00:00,
21/06/2024,20/06/2024,0400 UTC,01:00,
21/06/2024,20/06/2024,0500 UTC,02:00,
21/06/2024,20/06/2024,0600 UTC,03:00,
21/06/2024,20/06/2024,0700 UTC,04:00,
21/06/2024,20/06/2024,0800 UTC,05:00,
21/06/2024,20/06/2024,0900 UTC,06:00,
21/06/2024,20/06/2024,1000 UTC,07:00,
21/06/2024,20/06/2024,1100 UTC,08:00,
21/06/2024,20/06/2024,1200 UTC,09:00,
21/06/2024,20/06/2024,1300 UTC,10:00,
21/06/2024,20/06/2024,1400 UTC,11:00,
21/06/2024,20/06/2024,1500 UTC,12:00,
21/06/2024,20/06/2024,1600 UTC,13:00,
21/06/2024,20/06/2024,1700 UTC,14:00,
21/06/2024,20/06/2024,1800 UTC,15:00,
21/06/2024,20/06/2024,1900 UTC,16:00,
21/06/2024,20/06/2024,2000 UTC,17:00,
21/06/2024,20/06/2024,2100 UTC,18:00,
21/06/2024,20/06/2024,2200 UTC,19:00,
21/06/2024,20/06/2024,2300 UTC,20:00,
22/06/2024,21/06/2024,0000 UTC,21:00,
22/06/2024,21/06/2024,0100 UTC,22:00,
22/06/2024,21/06/2024,0200 UTC,23:00,
22/06/2024,21/06/2024,0300 UTC,00:00,
22/06/2024,21/06/2024,0400 UTC,01:00,
22/06/2024,21/06/2024,0500 UTC,02:00,
22/06/2024,21/06/2024,0600 UTC,03:00,
22/06/2024,21/06/2024,0700 UTC,04:00,
22/06/2024,21/06/2024,0800 UTC,05:00,
22/06/2024,21/06/2024,0900 UTC,06:00,
22/06/2024,21/06/2024,1000 UTC,07:00,
22/06/2024,21/06/2024,1100 UTC,08:00,
22/06/2024,21/06/2024,1200 UTC,09:00,
22/06/2024,21/06/2024,1300 UTC,10:00,
22/06/2024,21/06/2024,1400 UTC,11:00,
22/06/2024,21/06/2024,1500 UTC,12:00,
22/06/2024,21/06/2024,1600 UTC,13:00,
22/06/2024,21/06/2024,1700 UTC,14:00,
22/06/2024,21/06/2024,1800 UTC,15:00,
22/06/2024,21/06/2024,1900 UTC,16:00,
22/06/2024,21/06/2024,2000 UTC,17:00,
22/06/2024,21/06/2024,2100 UTC,18:00,
22/06/2024,21/06/2024,2200 UTC,19:00,
22/06/2024,21/06/2024,2300 UTC,20:00,
23/06/2024,22/06/2024,0000 UTC,21:00,
23/06/2024,22/06/2024,0100 UTC,22:00,
23/06/2024,22/06/2024,0200 UTC,23:00,
23/06/2024,22/06/2024,0300 UTC,00:00,
23/06/2024,22/06/2024,0400 UTC,01:00,
23/06/2024,22/06/2024,0500 UTC,02:00,
23/06/2024,22/06/2024,0600 UTC,03:00,
23/06/2024,22/06/2024,0700 UTC,04:00,
23/06/2024,22/06/2024,0800 UTC,05:00,
23/06/2024,22/06/2024,0900 UTC,06:00,
23/06/2024,22/06/2024,1000 UTC,07:00,
23/06/2024,22/06/2024,1100 UTC,08:00,
23/06/2024,22/06/2024,1200 UTC,09:00,
23/06/2024,22/06/2024,1300 UTC,10:00,
23/06/2024,22/06/2024,1400 UTC,11:00,
23/06/2024,22/06/2024,1500 UTC,12:00,
23/06/2024,22/06/2024,1600 UTC,13:00,
23/06/2024,22/06/2024,1700 UTC,14:00,
23/06/2024,22/06/2024,1800 UTC,15:00,
23/06/2024,22/06/2024,1900 UTC,16:00,
23/06/2024,22/06/2024,2000 UTC,17:00,
23/06/2024,22/06/2024,2100 UTC,18:00,
23/06/2024,22/06/2024,2200 UTC,19:00,
23/06/2024,22/06/2024,2300 UTC,20:00,
24/06/2024,23/06/2024,0000 UTC,21:00,
24/06/2024,23/06/2024,0100 UTC,22:00,
24/06/2024,23/06/2024,0200 UTC,23:00,
24/06/2024,23/06/2024,0300 UTC,00:00,
24/06/2024,23/06/2024,0400 UTC,01:00,
24/06/2024,23/06/2024,0500 UTC,02:00,
24/06/2024,23/06/2024,0600 UTC,03:00,
24/06/2024,23/06/2024,0700 UTC,04:00,
24/06/2024,23/06/2024,0800 UTC,05:00,
24/06/2024,23/06/2024,0900 UTC,06:00,
24/06/2024,23/06/2024,1000 UTC,07:00,
24/06/2024,23/06/2024,1100 UTC,08:00,
24/06/2024,23/06/2024,1200 UTC,09:00,
24/06/2024,23/06/2024,1300 UTC,10:00,
24/06/2024,23/06/2024,1400 UTC,11:00,
24/06/2024,23/06/2024,1500 UTC,12:00,
24/06/2024,23/06/2024,1600 UTC,13:00,
24/06/2024,23/06/2024,1700 UTC,14:00,
24/06/2024,23/06/2024,1800 UTC,15:00,
24/06/2024,23/06/2024,1900 UTC,16:00,
24/06/2024,23/06/2024,2000 UTC,17:00,
24/06/2024,23/06/2024,2100 UTC,18:00,
24/06/2024,23/06/2024,2200 UTC,19:00,
24/06/2024,23/06/2024,2300 UTC,20:00,
25/06/2024,24/06/2024,0000 UTC,21:00,
25/06/2024,24/06/2024,0100 UTC,22:00,
25/06/2024,24/06/2024,0200 UTC,23:00,
25/06/2024,24/06/2024,0300 UTC,00:00,
25/06/2024,24/06/2024,0400 UTC,01:00,
25/06/2024,24/06/2024,0500 UTC,02:00,
25/06/2024,24/06/2024,0600 UTC,03:00,
25/06/2024,24/06/2024,0700 UTC,04:00,
25/06/2024,24/06/2024,0800 UTC,05:00,
25/06/2024,24/06/2024,0900 UTC,06:00,
25/06/2024,24/06/2024,1000 UTC,07:00,
25/06/2024,24/06/2024,1100 UTC,08:00,
25/06/2024,24/06/2024,1200 UTC,09:00,
25/06/2024,24/06/2024,1300 UTC,10:00,
25/06/2024,24/06/2024,1400 UTC,11:00,
25/06/2024,24/06/2024,1500 UTC,12:00,
25/06/2024,24/06/2024,1600 UTC,13:00,
25/06/2024,24/06/2024,1700 UTC,14:00,
25/06/2024,24/06/2024,1800 UTC,15:00,
25/06/2024,24/06/2024,1900 UTC,16:00,
25/06/2024,24/06/2024,2000 UTC,17:00,
25/06/2024,24/06/2024,2100 UTC,18:00,
25/06/2024,24/06/2024,2200 UTC,19:00,
25/06/2024,24/06/2024,2300 UTC,20:00,
26/06/2024,25/06/2024,0000 UTC,21:00,
26/06/2024,25/06/2024,0100 UTC,22:00,
26/06/2024,25/06/2024,0200 UTC,23:00,
26/06/2024,25/06/2024,0300 UTC,00:00,
26/06/2024,25/06/2024,0400 UTC,01:00,
26/06/2024,25/06/2024,0500 UTC,02:00,
26/06/2024,25/06/2024,0600 UTC,03:00,
26/06/2024,25/06/2024,0700 UTC,04:00,
26/06/2024,25/06/2024,0800 UTC,05:00,
26/06/2024,25/06/2024,0900 UTC,06:00,
26/06/2024,25/06/2024,1000 UTC,07:00,
26/06/2024,25/06/2024,1100 UTC,08:00,
26/06/2024,25/06/2024,1200 UTC,09:00,
26/06/2024,25/06/2024,1300 UTC,10:00,
26/06/2024,25/06/2024,1400 UTC,11:00,
26/06/2024,25/06/2024,1500 UTC,12:00,
26/06/2024,25/06/2024,1600 UTC,13:00,
26/06/2024,25/06/2024,1700 UTC,14:00,
26/06/2024,25/06/2024,1800 UTC,15:00,
26/06/2024,25/06/2024,1900 UTC,16:00,
26/06/2024,25/06/2024,2000 UTC,17:00,
26/06/2024,25/06/2024,2100 UTC,18:00,
26/06/2024,25/06/2024,2200 UTC,19:00,
26/06/2024,25/06/2024,2300 UTC,20:00,
27/06/2024,26/06/2024,0000 UTC,21:00,
27/06/2024,26/06/2024,0100 UTC,22:00,
27/06/2024,26/06/2024,0200 UTC,23:00,
27/06/2024,26/06/2024,0300 UTC,00:00,
27/06/2024,26/06/2024,0400 UTC,01:00,
27/06/2024,26/06/2024,0500 UTC,02:00,
27/06/2024,26/06/2024,0600 UTC,03:00,
27/06/2024,26/06/2024,0700 UTC,04:00,
27/06/2024,26/06/2024,0800 UTC,05:00,
27/06/2024,26/06/2024,0900 UTC,06:00,
27/06/2024,26/06/2024,1000 UTC,07:00,
27/06/2024,26/06/2024,1100 UTC,08:00,
27/06/2024,26/06/2024,1200 UTC,09:00,
27/06/2024,26/06/2024,1300 UTC,10:00,
27/06/2024,26/06/2024,1400 UTC,11:00,
27/06/2024,26/06/2024,1500 UTC,12:00,
27/06/2024,26/06/2024,1600 UTC,13:00,
27/06/2024,26/06/2024,1700 UTC,14:00,
27/06/2024,26/06/2024,1800 UTC,15:00,
27/06/2024,26/06/2024,1900 UTC,16:00,
27/06/2024,26/06/2024,2000 UTC,17:00,
27/06/2024,26/06/2024,2100 UTC,18:00,
27/06/2024,26/06/2024,2200 UTC,19:00,
27/06/2024,26/06/2024,2300 UTC,20:00,
28/06/2024,27/06/2024,0000 UTC,21:00,
28/06/2024,27/06/2024,0100 UTC,22:00,
28/06/2024,27/06/2024,0200 UTC,23:00,
28/06/2024,27/06/2024,0300 UTC,00:00,
28/06/2024,27/06/2024,0400 UTC,01:00,
28/06/2024,27/06/2024,0500 UTC,02:00,
28/06/2024,27/06/2024,0600 UTC,03:00,
28/06/2024,27/06/2024,0700 UTC,04:00,
28/06/2024,27/06/2024,0800 UTC,05:00,
28/06/2024,27/06/2024,0900 UTC,06:00,
28/06/2024,27/06/2024,1000 UTC,07:00,
28/06/2024,27/06/2024,1100 UTC,08:00,
28/06/2024,27/06/2024,1200 UTC,09:00,
28/06/2024,27/06/2024,1300 UTC,10:00,
28/06/2024,27/06/2024,1400 UTC,11:00,
28/06/2024,27/06/2024,1500 UTC,12:00,
28/06/2024,27/06/2024,1600 UTC,13:00,
28/06/2024,27/06/2024,1700 UTC,14:00,
28/06/2024,27/06/2024,1800 UTC,15:00,
28/06/2024,27/06/2024,1900 UTC,16:00,
28/06/2024,27/06/2024,2000 UTC,17:00,
28/06/2024,27/06/2024,2100 UTC,18:00,
28/06/2024,27/06/2024,2200 UTC,19:00,
28/06/2024,27/06/2024,2300 UTC,20:00,
29/06/2024,28/06/2024,0000 UTC,21:00,
29/06/2024,28/06/2024,0100 UTC,22:00,
29/06/2024,28/06/2024,0200 UTC,23:00,
29/06/2024,28/06/2024,0300 UTC,00:00,
29/06/2024,28/06/2024,0400 UTC,01:00,
29/06/2024,28/06/2024,0500 UTC,02:00,
29/06/2024,28/06/2024,0600 UTC,03:00,
29/06/2024,28/06/2024,0700 UTC,04:00,
29/06/2024,28/06/2024,0800 UTC,05:00,
29/06/2024,28/06/2024,0900 UTC,06:00,
29/06/2024,28/06/2024,1000 UTC,07:00,
29/06/2024,28/06/2024,1100 UTC,08:00,
29/06/2024,28/06/2024,1200 UTC,09:00,
29/06/2024,28/06/2024,1300 UTC,10:00,
29/06/2024,28/06/2024,1400 UTC,11:00,
29/06/2024,28/06/2024,1500 UTC,12:00,
29/06/2024,28/06/2024,1600 UTC,13:00,
29/06/2024,28/06/2024,1700 UTC,14:00,
29/06/2024,28/06/2024,1800 UTC,15:00,
29/06/2024,28/06/2024,1900 UTC,16:00,
29/06/2024,28/06/2024,2000 UTC,17:00,
29/06/2024,28/06/2024,2100 UTC,18:00,
29/06/2024,28/06/2024,2200 UTC,19:00,
29/06/2024,28/06/2024,2300 UTC,20:00,
30/06/2024,29/06/2024,0000 UTC,21:00,
30/06/2024,29/06/2024,0100 UTC,22:00,
30/06/2024,29/06/2024,0200 UTC,23:00,
30/06/2024,29/06/2024,0300 UTC,00:00,
30/06/2024,29/06/2024,0400 UTC,01:00,
30/06/2024,29/06/2024,0500 UTC,02:00,
30/06/2024,29/06/2024,0600 UTC,03:00,
30/06/2024,29/06/2024,0700 UTC,04:00,
30/06/2024,29/06/2024,0800 UTC,05:00,
30/06/2024,29/06/2024,0900 UTC,06:00,
30/06/2024,29/06/2024,1000 UTC,07:00,
30/06/2024,29/06/2024,1100 UTC,08:00,
30/06/2024,29/06/2024,1200 UTC,09:00,
30/06/2024,29/06/2024,1300 UTC,10:00,
30/06/2024,29/06/2024,1400 UTC,11:00,
30/06/2024,29/06/2024,1500 UTC,12:00,
30/06/2024,29/06/2024,1600 UTC,13:00,
30/06/2024,29/06/2024,1700 UTC,14:00,
30/06/2024,29/06/2024,1800 UTC,15:00,
30/06/2024,29/06/2024,1900 UTC,16:00,
30/06/2024,29/06/2024,2000 UTC,17:00,
30/06/2024,29/06/2024,2100 UTC,18:00,
30/06/2024,29/06/2024,2200 UTC,19:00,
30/06/2024,29/06/2024,2300 UTC,20:00,
01/07/2024,30/06/2024,0000 UTC,21:00,
01/07/2024,30/06/2024,0100 UTC,22:00,
01/07/2024,30/06/2024,0200 UTC,23:00,
01/07/2024,30/06/2024,0300 UTC,00:00,
01/07/2024,30/06/2024,0400 UTC,01:00,
01/07/2024,30/06/2024,0500 UTC,02:00,
01/07/2024,30/06/2024,0600 UTC,03:00,
01/07/2024,30/06/2024,0700 UTC,04:00,
01/07/2024,30/06/2024,0800 UTC,05:00,
01/07/2024,30/06/2024,0900 UTC,06:00,
01/07/2024,30/06/2024,1000 UTC,07:00,
01/07/2024,30/06/2024,1100 UTC,08:00,
01/07/2024,30/06/2024,1200 UTC,09:00,
01/07/2024,30/06/2024,1300 UTC,10:00,
01/07/2024,30/06/2024,1400 UTC,11:00,
01/07/2024,30/06/2024,1500 UTC,12:00,
01/07/2024,30/06/2024,1600 UTC,13:00,
01/07/2024,30/06/2024,1700 UTC,14:00,
01/07/2024,30/06/2024,1800 UTC,15:00,
01/07/2024,30/06/2024,1900 UTC,16:00,
01/07/2024,30/06/2024,2000 UTC,17:00,
01/07/2024,30/06/2024,2100 UTC,18:00,
01/07/2024,30/06/2024,2200 UTC,19:00,
01/07/2024,30/06/2024,2300 UTC,20:00,
02/07/2024,01/07/2024,0000 UTC,21:00,
02/07/2024,01/07/2024,0100 UTC,22:00,
02/07/2024,01/07/2024,0200 UTC,23:00,
02/07/2024,01/07/2024,0300 UTC,00:00,
02/07/2024,01/07/2024,0400 UTC,01:00,
02/07/2024,01/07/2024,0500 UTC,02:00,
02/07/2024,01/07/2024,0600 UTC,03:00,
02/07/2024,01/07/2024,0700 UTC,04:00,
02/07/2024,01/07/2024,0800 UTC,05:00,
02/07/2024,01/07/2024,0900 UTC,06:00,
02/07/2024,01/07/2024,1000 UTC,07:00,
02/07/2024,01/07/2024,1100 UTC,08:00,
02/07/2024,01/07/2024,1200 UTC,09:00,
02/07/2024,01/07/2024,1300 UTC,10:00,
02/07/2024,01/07/2024,1400 UTC,11:00,
02/07/2024,01/07/2024,1500 UTC,12:00,
02/07/2024,01/07/2024,1600 UTC,13:00,
02/07/2024,01/07/2024,1700 UTC,14:00,
02/07/2024,01/07/2024,1800 UTC,15:00,
02/07/2024,01/07/2024,1900 UTC,16:00,
02/07/2024,01/07/2024,2000 UTC,17:00,
02/07/2024,01/07/2024,2100 UTC,18:00,
02/07/2024,01/07/2024,2200 UTC,19:00,
02/07/2024,01/07/2024,2300 UTC,20:00,
03/07/2024,02/07/2024,0000 UTC,21:00,
03/07/2024,02/07/2024,0100 UTC,22:00,
03/07/2024,02/07/2024,0200 UTC,23:00,
03/07/2024,02/07/2024,0300 UTC,00:00,
03/07/2024,02/07/2024,0400 UTC,01:00,
03/07/2024,02/07/2024,0500 UTC,02:00,
03/07/2024,02/07/2024,0600 UTC,03:00,
03/07/2024,02/07/2024,0700 UTC,04:00,
03/07/2024,02/07/2024,0800 UTC,05:00,
03/07/2024,02/07/2024,0900 UTC,06:00,
03/07/2024,02/07/2024,1000 UTC,07:00,
03/07/2024,02/07/2024,1100 UTC,08:00,
03/07/2024,02/07/2024,1200 UTC,09:00,
03/07/2024,02/07/2024,1300 UTC,10:00,
03/07/2024,02/07/2024,1400 UTC,11:00,
03/07/2024,02/07/2024,1500 UTC,12:00,
03/07/2024,02/07/2024,1600 UTC,13:00,
03/07/2024,02/07/2024,1700 UTC,14:00,
03/07/2024,02/07/2024,1800 UTC,15:00,
03/07/2024,02/07/2024,1900 UTC,16:00,
03/07/2024,02/07/2024,2000 UTC,17:00,
03/07/2024,02/07/2024,2100 UTC,18:00,
03/07/2024,02/07/2024,2200 UTC,19:00,
03/07/2024,02/07/2024,2300 UTC,20:00,
04/07/2024,03/07/2024,0000 UTC,21:00,
04/07/2024,03/07/2024,0100 UTC,22:00,
04/07/2024,03/07/2024,0200 UTC,23:00,
04/07/2024,03/07/2024,0300 UTC,00:00,
04/07/2024,03/07/2024,0400 UTC,01:00,
04/07/2024,03/07/2024,0500 UTC,02:00,
04/07/2024,03/07/2024,0600 UTC,03:00,
04/07/2024,03/07/2024,0700 UTC,04:00,
04/07/2024,03/07/2024,0800 UTC,05:00,
04/07/2024,03/07/2024,0900 UTC,06:00,
04/07/2024,03/07/2024,1000 UTC,07:00,
04/07/2024,03/07/2024,1100 UTC,08:00,
04/07/2024,03/07/2024,1200 UTC,09:00,
04/07/2024,03/07/2024,1300 UTC,10:00,
04/07/2024,03/07/2024,1400 UTC,11:00,
04/07/2024,03/07/2024,1500 UTC,12:00,
04/07/2024,03/07/2024,1600 UTC,13:00,
04/07/2024,03/07/2024,1700 UTC,14:00,
04/07/2024,03/07/2024,1800 UTC,15:00,
04/07/2024,03/07/2024,1900 UTC,16:00,
04/07/2024,03/07/2024,2000 UTC,17:00,
04/07/2024,03/07/2024,2100 UTC,18:00,
04/07/2024,03/07/2024,2200 UTC,19:00,
04/07/2024,03/07/2024,2300 UTC,20:00,
05/07/2024,04/07/2024,0000 UTC,21:00,
05/07/2024,04/07/2024,0100 UTC,22:00,
05/07/2024,04/07/2024,0200 UTC,23:00,
05/07/2024,04/07/2024,0300 UTC,00:00,
05/07/2024,04/07/2024,0400 UTC,01:00,
05/07/2024,04/07/2024,0500 UTC,02:00,
05/07/2024,04/07/2024,0600 UTC,03:00,
05/07/2024,04/07/2024,0700 UTC,04:00,
05/07/2024,04/07/2024,0800 UTC,05:00,
05/07/2024,04/07/2024,0900 UTC,06:00,
05/07/2024,04/07/2024,1000 UTC,07:00,
05/07/2024,04/07/2024,1100 UTC,08:00,
05/07/2024,04/07/2024,1200 UTC,09:00,
05/07/2024,04/07/2024,1300 UTC,10:00,
05/07/2024,04/07/2024,1400 UTC,11:00,
05/07/2024,04/07/2024,1500 UTC,12:00,
05/07/2024,04/07/2024,1600 UTC,13:00,
05/07/2024,04/07/2024,1700 UTC,14:00,
05/07/2024,04/07/2024,1800 UTC,15:00,
05/07/2024,04/07/2024,1900 UTC,16:00,
05/07/2024,04/07/2024,2000 UTC,17:00,
05/07/2024,04/07/2024,2100 UTC,18:00,
05/07/2024,04/07/2024,2200 UTC,19:00,
05/07/2024,04/07/2024,2300 UTC,20:00,
06/07/2024,05/07/2024,0000 UTC,21:00,
06/07/2024,05/07/2024,0100 UTC,22:00,
06/07/2024,05/07/2024,0200 UTC,23:00,
06/07/2024,05/07/2024,0300 UTC,00:00,
06/07/2024,05/07/2024,0400 UTC,01:00,
06/07/2024,05/07/2024,0500 UTC,02:00,
06/07/2024,05/07/2024,0600 UTC,03:00,
06/07/2024,05/07/2024,0700 UTC,04:00,
06/07/2024,05/07/2024,0800 UTC,05:00,
06/07/2024,05/07/2024,0900 UTC,06:00,
06/07/2024,05/07/2024,1000 UTC,07:00,
06/07/2024,05/07/2024,1100 UTC,08:00,
06/07/2024,05/07/2024,1200 UTC,09:00,
06/07/2024,05/07/2024,1300 UTC,10:00,
06/07/2024,05/07/2024,1400 UTC,11:00,
06/07/2024,05/07/2024,1500 UTC,12:00,
06/07/2024,05/07/2024,1600 UTC,13:00,
06/07/2024,05/07/2024,1700 UTC,14:00,
06/07/2024,05/07/2024,1800 UTC,15:00,
06/07/2024,05/07/2024,1900 UTC,16:00,
06/07/2024,05/07/2024,2000 UTC,17:00,
06/07/2024,05/07/2024,2100 UTC,18:00,
06/07/2024,05/07/2024,2200 UTC,19:00,
06/07/2024,05/07/2024,2300 UTC,20:00,
07/07/2024,06/07/2024,0000 UTC,21:00,
07/07/2024,06/07/2024,0100 UTC,22:00,
07/07/2024,06/07/2024,0200 UTC,23:00,
07/07/2024,06/07/2024,0300 UTC,00:00,
07/07/2024,06/07/2024,0400 UTC,01:00,
07/07/2024,06/07/2024,0500 UTC,02:00,
07/07/2024,06/07/2024,0600 UTC,03:00,
07/07/2024,06/07/2024,0700 UTC,04:00,
07/07/2024,06/07/2024,0800 UTC,05:00,
07/07/2024,06/07/2024,0900 UTC,06:00,
07/07/2024,06/07/2024,1000 UTC,07:00,
07/07/2024,06/07/2024,1100 UTC,08:00,
07/07/2024,06/07/2024,1200 UTC,09:00,
07/07/2024,06/07/2024,1300 UTC,10:00,
07/07/2024,06/07/2024,1400 UTC,11:00,
07/07/2024,06/07/2024,1500 UTC,12:00,
07/07/2024,06/07/2024,1600 UTC,13:00,
07/07/2024,06/07/2024,1700 UTC,14:00,
07/07/2024,06/07/2024,1800 UTC,15:00,
07/07/2024,06/07/2024,1900 UTC,16:00,
07/07/2024,06/07/2024,2000 UTC,17:00,
07/07/2024,06/07/2024,2100 UTC,18:00,
07/07/2024,06/07/2024,2200 UTC,19:00,
07/07/2024,06/07/2024,2300 UTC,20:00,
08/07/2024,07/07/2024,0000 UTC,21:00,
08/07/2024,07/07/2024,0100 UTC,22:00,
08/07/2024,07/07/2024,0200 UTC,23:00,
08/07/2024,07/07/2024,0300 UTC,00:00,
08/07/2024,07/07/2024,0400 UTC,01:00,
08/07/2024,07/07/2024,0500 UTC,02:00,
08/07/2024,07/07/2024,0600 UTC,03:00,
08/07/2024,07/07/2024,0700 UTC,04:00,
08/07/2024,07/07/2024,0800 UTC,05:00,
08/07/2024,07/07/2024,0900 UTC,06:00,
08/07/2024,07/07/2024,1000 UTC,07:00,
08/07/2024,07/07/2024,1100 UTC,08:00,
08/07/2024,07/07/2024,1200 UTC,09:00,
08/07/2024,07/07/2024,1300 UTC,10:00,
08/07/2024,07/07/2024,1400 UTC,11:00,
08/07/2024,07/07/2024,1500 UTC,12:00,
08/07/2024,07/07/2024,1600 UTC,13:00,
08/07/2024,07/07/2024,1700 UTC,14:00,
08/07/2024,07/07/2024,1800 UTC,15:00,
08/07/2024,07/07/2024,1900 UTC,16:00,
08/07/2024,07/07/2024,2000 UTC,17:00,
08/07/2024,07/07/2024,2100 UTC,18:00,
08/07/2024,07/07/2024,2200 UTC,19:00,
08/07/2024,07/07/2024,2300 UTC,20:00,
09/07/2024,08/07/2024,0000 UTC,21:00,
09/07/2024,08/07/2024,0100 UTC,22:00,
09/07/2024,08/07/2024,0200 UTC,23:00,
09/07/2024,08/07/2024,0300 UTC,00:00,
09/07/2024,08/07/2024,0400 UTC,01:00,
09/07/2024,08/07/2024,0500 UTC,02:00,
09/07/2024,08/07/2024,0600 UTC,03:00,
09/07/2024,08/07/2024,0700 UTC,04:00,
09/07/2024,08/07/2024,0800 UTC,05:00,
09/07/2024,08/07/2024,0900 UTC,06:00,
09/07/2024,08/07/2024,1000 UTC,07:00,
09/07/2024,08/07/2024,1100 UTC,08:00,
09/07/2024,08/07/2024,1200 UTC,09:00,
09/07/2024,08/07/2024,1300 UTC,10:00,
09/07/2024,08/07/2024,1400 UTC,11:00,
09/07/2024,08/07/2024,1500 UTC,12:00,
09/07/2024,08/07/2024,1600 UTC,13:00,
09/07/2024,08/07/2024,1700 UTC,14:00,
09/07/2024,08/07/2024,1800 UTC,15:00,
09/07/2024,08/07/2024,1900 UTC,16:00,
09/07/2024,08/07/2024,2000 UTC,17:00,
09/07/2024,08/07/2024,2100 UTC,18:00,
09/07/2024,08/07/2024,2200 UTC,19:00,
09/07/2024,08/07/2024,2300 UTC,20:00,
10/07/2024,09/07/2024,0000 UTC,21:00,
10/07/2024,09/07/2024,0100 UTC,22:00,
10/07/2024,09/07/2024,0200 UTC,23:00,
10/07/2024,09/07/2024,0300 UTC,00:00,
10/07/2024,09/07/2024,0400 UTC,01:00,
10/07/2024,09/07/2024,0500 UTC,02:00,
10/07/2024,09/07/2024,0600 UTC,03:00,
10/07/2024,09/07/2024,0700 UTC,04:00,
10/07/2024,09/07/2024,0800 UTC,05:00,
10/07/2024,09/07/2024,0900 UTC,06:00,
10/07/2024,09/07/2024,1000 UTC,07:00,
10/07/2024,09/07/2024,1100 UTC,08:00,
10/07/2024,09/07/2024,1200 UTC,09:00,
10/07/2024,09/07/2024,1300 UTC,10:00,
10/07/2024,09/07/2024,1400 UTC,11:00,
10/07/2024,09/07/2024,1500 UTC,12:00,
10/07/2024,09/07/2024,1600 UTC,13:00,
10/07/2024,09/07/2024,1700 UTC,14:00,
10/07/2024,09/07/2024,1800 UTC,15:00,
10/07/2024,09/07/2024,1900 UTC,16:00,
10/07/2024,09/07/2024,2000 UTC,17:00,
10/07/2024,09/07/2024,2100 UTC,18:00,
10/07/2024,09/07/2024,2200 UTC,19:00,
10/07/2024,09/07/2024,2300 UTC,20:00,
11/07/2024,10/07/2024,0000 UTC,21:00,
11/07/2024,10/07/2024,0100 UTC,22:00,
11/07/2024,10/07/2024,0200 UTC,23:00,
11/07/2024,10/07/2024,0300 UTC,00:00,
11/07/2024,10/07/2024,0400 UTC,01:00,
11/07/2024,10/07/2024,0500 UTC,02:00,
11/07/2024,10/07/2024,0600 UTC,03:00,
11/07/2024,10/07/2024,0700 UTC,04:00,
11/07/2024,10/07/2024,0800 UTC,05:00,
11/07/2024,10/07/2024,0900 UTC,06:00,
11/07/2024,10/07/2024,1000 UTC,07:00,
11/07/2024,10/07/2024,1100 UTC,08:00,
11/07/2024,10/07/2024,1200 UTC,09:00,
11/07/2024,10/07/2024,1300 UTC,10:00,
11/07/2024,10/07/2024,1400 UTC,11:00,
11/07/2024,10/07/2024,1500 UTC,12:00,
11/07/2024,10/07/2024,1600 UTC,13:00,
11/07/2024,10/07/2024,1700 UTC,14:00,
11/07/2024,10/07/2024,1800 UTC,15:00,
11/07/2024,10/07/2024,1900 UTC,16:00,
11/07/2024,10/07/2024,2000 UTC,17:00,
11/07/2024,10/07/2024,2100 UTC,18:00,
11/07/2024,10/07/2024,2200 UTC,19:00,
11/07/2024,10/07/2024,2300 UTC,20:00,
12/07/2024,11/07/2024,0000 UTC,21:00,
12/07/2024,11/07/2024,0100 UTC,22:00,
12/07/2024,11/07/2024,0200 UTC,23:00,
12/07/2024,11/07/2024,0300 UTC,00:00,
12/07/2024,11/07/2024,0400 UTC,01:00,
12/07/2024,11/07/2024,0500 UTC,02:00,
12/07/2024,11/07/2024,0600 UTC,03:00,
12/07/2024,11/07/2024,0700 UTC,04:00,
12/07/2024,11/07/2024,0800 UTC,05:00,
12/07/2024,11/07/2024,0900 UTC,06:00,
12/07/2024,11/07/2024,1000 UTC,07:00,
12/07/2024,11/07/2024,1100 UTC,08:00,
12/07/2024,11/07/2024,1200 UTC,09:00,
12/07/2024,11/07/2024,1300 UTC,10:00,
12/07/2024,11/07/2024,1400 UTC,11:00,
12/07/2024,11/07/2024,1500 UTC,12:00,
12/07/2024,11/07/2024,1600 UTC,13:00,
12/07/2024,11/07/2024,1700 UTC,14:00,
12/07/2024,11/07/2024,1800 UTC,15:00,
12/07/2024,11/07/2024,1900 UTC,16:00,
12/07/2024,11/07/2024,2000 UTC,17:00,
12/07/2024,11/07/2024,2100 UTC,18:00,
12/07/2024,11/07/2024,2200 UTC,19:00,
12/07/2024,11/07/2024,2300 UTC,20:00,
13/07/2024,12/07/2024,0000 UTC,21:00,
13/07/2024,12/07/2024,0100 UTC,22:00,
13/07/2024,12/07/2024,0200 UTC,23:00,
13/07/2024,12/07/2024,0300 UTC,00:00,
13/07/2024,12/07/2024,0400 UTC,01:00,
13/07/2024,12/07/2024,0500 UTC,02:00,
13/07/2024,12/07/2024,0600 UTC,03:00,
13/07/2024,12/07/2024,0700 UTC,04:00,
13/07/2024,12/07/2024,0800 UTC,05:00,
13/07/2024,12/07/2024,0900 UTC,06:00,
13/07/2024,12/07/2024,1000 UTC,07:00,
13/07/2024,12/07/2024,1100 UTC,08:00,
13/07/2024,12/07/2024,1200 UTC,09:00,
13/07/2024,12/07/2024,1300 UTC,10:00,
13/07/2024,12/07/2024,1400 UTC,11:00,
13/07/2024,12/07/2024,1500 UTC,12:00,
13/07/2024,12/07/2024,1600 UTC,13:00,
13/07/2024,12/07/2024,1700 UTC,14:00,
13/07/2024,12/07/2024,1800 UTC,15:00,
13/07/2024,12/07/2024,1900 UTC,16:00,
13/07/2024,12/07/2024,2000 UTC,17:00,
13/07/2024,12/07/2024,2100 UTC,18:00,
13/07/2024,12/07/2024,2200 UTC,19:00,
13/07/2024,12/07/2024,2300 UTC,20:00,
14/07/2024,13/07/2024,0000 UTC,21:00,
14/07/2024,13/07/2024,0100 UTC,22:00,
14/07/2024,13/07/2024,0200 UTC,23:00,
14/07/2024,13/07/2024,0300 UTC,00:00,
14/07/2024,13/07/2024,0400 UTC,01:00,
14/07/2024,13/07/2024,0500 UTC,02:00,
14/07/2024,13/07/2024,0600 UTC,03:00,
14/07/2024,13/07/2024,0700 UTC,04:00,
14/07/2024,13/07/2024,0800 UTC,05:00,
14/07/2024,13/07/2024,0900 UTC,06:00,
14/07/2024,13/07/2024,1000 UTC,07:00,
14/07/2024,13/07/2024,1100 UTC,08:00,
14/07/2024,13/07/2024,1200 UTC,09:00,
14/07/2024,13/07/2024,1300 UTC,10:00,
14/07/2024,13/07/2024,1400 UTC,11:00,
14/07/2024,13/07/2024,1500 UTC,12:00,
14/07/2024,13/07/2024,1600 UTC,13:00,
14/07/2024,13/07/2024,1700 UTC,14:00,
14/07/2024,13/07/2024,1800 UTC,15:00,
14/07/2024,13/07/2024,1900 UTC,16:00,
14/07/2024,13/07/2024,2000 UTC,17:00,
14/07/2024,13/07/2024,2100 UTC,18:00,
14/07/2024,13/07/2024,2200 UTC,19:00,
14/07/2024,13/07/2024,2300 UTC,20:00,
15/07/2024,14/07/2024,0000 UTC,21:00,
15/07/2024,14/07/2024,0100 UTC,22:00,
15/07/2024,14/07/2024,0200 UTC,23:00,
15/07/2024,14/07/2024,0300 UTC,00:00,
15/07/2024,14/07/2024,0400 UTC,01:00,
15/07/2024,14/07/2024,0500 UTC,02:00,
15/07/2024,14/07/2024,0600 UTC,03:00,
15/07/2024,14/07/2024,0700 UTC,04:00,
15/07/2024,14/07/2024,0800 UTC,05:00,
15/07/2024,14/07/2024,0900 UTC,06:00,
15/07/2024,14/07/2024,1000 UTC,07:00,
15/07/2024,14/07/2024,1100 UTC,08:00,
15/07/2024,14/07/2024,1200 UTC,09:00,
15/07/2024,14/07/2024,1300 UTC,10:00,
15/07/2024,14/07/2024,1400 UTC,11:00,
15/07/2024,14/07/2024,1500 UTC,12:00,
15/07/2024,14/07/2024,1600 UTC,13:00,
15/07/2024,14/07/2024,1700 UTC,14:00,
15/07/2024,14/07/2024,1800 UTC,15:00,
15/07/2024,14/07/2024,1900 UTC,16:00,
15/07/2024,14/07/2024,2000 UTC,17:00,
15/07/2024,14/07/2024,2100 UTC,18:00,
15/07/2024,14/07/2024,2200 UTC,19:00,
15/07/2024,14/07/2024,2300 UTC,20:00,
16/07/2024,15/07/2024,0000 UTC,21:00,
16/07/2024,15/07/2024,0100 UTC,22:00,
16/07/2024,15/07/2024,0200 UTC,23:00,
16/07/2024,15/07/2024,0300 UTC,00:00,
16/07/2024,15/07/2024,0400 UTC,01:00,
16/07/2024,15/07/2024,0500 UTC,02:00,
16/07/2024,15/07/2024,0600 UTC,03:00,
16/07/2024,15/07/2024,0700 UTC,04:00,
16/07/2024,15/07/2024,0800 UTC,05:00,
16/07/2024,15/07/2024,0900 UTC,06:00,
16/07/2024,15/07/2024,1000 UTC,07:00,
16/07/2024,15/07/2024,1100 UTC,08:00,
16/07/2024,15/07/2024,1200 UTC,09:00,
16/07/2024,15/07/2024,1300 UTC,10:00,
16/07/2024,15/07/2024,1400 UTC,11:00,
16/07/2024,15/07/2024,1500 UTC,12:00,
16/07/2024,15/07/2024,1600 UTC,13:00,
16/07/2024,15/07/2024,1700 UTC,14:00,
16/07/2024,15/07/2024,1800 UTC,15:00,
16/07/2024,15/07/2024,1900 UTC,16:00,
16/07/2024,15/07/2024,2000 UTC,17:00,
16/07/2024,15/07/2024,2100 UTC,18:00,
16/07/2024,15/07/2024,2200 UTC,19:00,
16/07/2024,15/07/2024,2300 UTC,20:00,
17/07/2024,16/07/2024,0000 UTC,21:00,
17/07/2024,16/07/2024,0100 UTC,22:00,
17/07/2024,16/07/2024,0200 UTC,23:00,
17/07/2024,16/07/2024,0300 UTC,00:00,
17/07/2024,16/07/2024,0400 UTC,01:00,
17/07/2024,16/07/2024,0500 UTC,02:00,
17/07/2024,16/07/2024,0600 UTC,03:00,
17/07/2024,16/07/2024,0700 UTC,04:00,
17/07/2024,16/07/2024,0800 UTC,05:00,
17/07/2024,16/07/2024,0900 UTC,06:00,
17/07/2024,16/07/2024,1000 UTC,07:00,
17/07/2024,16/07/2024,1100 UTC,08:00,
17/07/2024,16/07/2024,1200 UTC,09:00,
17/07/2024,16/07/2024,1300 UTC,10:00,
17/07/2024,16/07/2024,1400 UTC,11:00,
17/07/2024,16/07/2024,1500 UTC,12:00,
17/07/2024,16/07/2024,1600 UTC,13:00,
17/07/2024,16/07/2024,1700 UTC,14:00,
17/07/2024,16/07/2024,1800 UTC,15:00,
17/07/2024,16/07/2024,1900 UTC,16:00,
17/07/2024,16/07/2024,2000 UTC,17:00,
17/07/2024,16/07/2024,2100 UTC,18:00,
17/07/2024,16/07/2024,2200 UTC,19:00,
17/07/2024,16/07/2024,2300 UTC,20:00,
18/07/2024,17/07/2024,0000 UTC,21:00,
18/07/2024,17/07/2024,0100 UTC,22:00,
18/07/2024,17/07/2024,0200 UTC,23:00,
18/07/2024,17/07/2024,0300 UTC,00:00,
18/07/2024,17/07/2024,0400 UTC,01:00,
18/07/2024,17/07/2024,0500 UTC,02:00,
18/07/2024,17/07/2024,0600 UTC,03:00,
18/07/2024,17/07/2024,0700 UTC,04:00,
18/07/2024,17/07/2024,0800 UTC,05:00,
18/07/2024,17/07/2024,0900 UTC,06:00,
18/07/2024,17/07/2024,1000 UTC,07:00,
18/07/2024,17/07/2024,1100 UTC,08:00,
18/07/2024,17/07/2024,1200 UTC,09:00,
18/07/2024,17/07/2024,1300 UTC,10:00,
18/07/2024,17/07/2024,1400 UTC,11:00,
18/07/2024,17/07/2024,1500 UTC,12:00,
18/07/2024,17/07/2024,1600 UTC,13:00,
18/07/2024,17/07/2024,1700 UTC,14:00,
18/07/2024,17/07/2024,1800 UTC,15:00,
18/07/2024,17/07/2024,1900 UTC,16:00,
18/07/2024,17/07/2024,2000 UTC,17:00,
18/07/2024,17/07/2024,2100 UTC,18:00,
18/07/2024,17/07/2024,2200 UTC,19:00,
18/07/2024,17/07/2024,2300 UTC,20:00,
19/07/2024,18/07/2024,0000 UTC,21:00,
19/07/2024,18/07/2024,0100 UTC,22:00,
19/07/2024,18/07/2024,0200 UTC,23:00,
19/07/2024,18/07/2024,0300 UTC,00:00,
19/07/2024,18/07/2024,0400 UTC,01:00,
19/07/2024,18/07/2024,0500 UTC,02:00,
19/07/2024,18/07/2024,0600 UTC,03:00,
19/07/2024,18/07/2024,0700 UTC,04:00,
19/07/2024,18/07/2024,0800 UTC,05:00,
19/07/2024,18/07/2024,0900 UTC,06:00,
19/07/2024,18/07/2024,1000 UTC,07:00,
19/07/2024,18/07/2024,1100 UTC,08:00,
19/07/2024,18/07/2024,1200 UTC,09:00,
19/07/2024,18/07/2024,1300 UTC,10:00,
19/07/2024,18/07/2024,1400 UTC,11:00,
19/07/2024,18/07/2024,1500 UTC,12:00,
19/07/2024,18/07/2024,1600 UTC,13:00,
19/07/2024,18/07/2024,1700 UTC,14:00,
19/07/2024,18/07/2024,1800 UTC,15:00,
19/07/2024,18/07/2024,1900 UTC,16:00,
19/07/2024,18/07/2024,2000 UTC,17:00,
19/07/2024,18/07/2024,2100 UTC,18:00,
19/07/2024,18/07/2024,2200 UTC,19:00,
19/07/2024,18/07/2024,2300 UTC,20:00,
20/07/2024,19/07/2024,0000 UTC,21:00,
20/07/2024,19/07/2024,0100 UTC,22:00,
20/07/2024,19/07/2024,0200 UTC,23:00,
20/07/2024,19/07/2024,0300 UTC,00:00,
20/07/2024,19/07/2024,0400 UTC,01:00,
20/07/2024,19/07/2024,0500 UTC,02:00,
20/07/2024,19/07/2024,0600 UTC,03:00,
20/07/2024,19/07/2024,0700 UTC,04:00,
20/07/2024,19/07/2024,0800 UTC,05:00,
20/07/2024,19/07/2024,0900 UTC,06:00,
20/07/2024,19/07/2024,1000 UTC,07:00,
20/07/2024,19/07/2024,1100 UTC,08:00,
20/07/2024,19/07/2024,1200 UTC,09:00,
20/07/2024,19/07/2024,1300 UTC,10:00,
20/07/2024,19/07/2024,1400 UTC,11:00,
20/07/2024,19/07/2024,1500 UTC,12:00,
20/07/2024,19/07/2024,1600 UTC,13:00,
20/07/2024,19/07/2024,1700 UTC,14:00,
20/07/2024,19/07/2024,1800 UTC,15:00,
20/07/2024,19/07/2024,1900 UTC,16:00,
20/07/2024,19/07/2024,2000 UTC,17:00,
20/07/2024,19/07/2024,2100 UTC,18:00,
20/07/2024,19/07/2024,2200 UTC,19:00,
20/07/2024,19/07/2024,2300 UTC,20:00,
21/07/2024,20/07/2024,0000 UTC,21:00,
21/07/2024,20/07/2024,0100 UTC,22:00,
21/07/2024,20/07/2024,0200 UTC,23:00,
21/07/2024,20/07/2024,0300 UTC,00:00,
21/07/2024,20/07/2024,0400 UTC,01:00,
21/07/2024,20/07/2024,0500 UTC,02:00,
21/07/2024,20/07/2024,0600 UTC,03:00,
21/07/2024,20/07/2024,0700 UTC,04:00,
21/07/2024,20/07/2024,0800 UTC,05:00,
21/07/2024,20/07/2024,0900 UTC,06:00,
21/07/2024,20/07/2024,1000 UTC,07:00,
21/07/2024,20/07/2024,1100 UTC,08:00,
21/07/2024,20/07/2024,1200 UTC,09:00,
21/07/2024,20/07/2024,1300 UTC,10:00,
21/07/2024,20/07/2024,1400 UTC,11:00,
21/07/2024,20/07/2024,1500 UTC,12:00,
21/07/2024,20/07/2024,1600 UTC,13:00,
21/07/2024,20/07/2024,1700 UTC,14:00,
21/07/2024,20/07/2024,1800 UTC,15:00,
21/07/2024,20/07/2024,1900 UTC,16:00,
21/07/2024,20/07/2024,2000 UTC,17:00,
21/07/2024,20/07/2024,2100 UTC,18:00,
21/07/2024,20/07/2024,2200 UTC,19:00,
21/07/2024,20/07/2024,2300 UTC,20:00,
22/07/2024,21/07/2024,0000 UTC,21:00,
22/07/2024,21/07/2024,0100 UTC,22:00,
22/07/2024,21/07/2024,0200 UTC,23:00,
22/07/2024,21/07/2024,0300 UTC,00:00,
22/07/2024,21/07/2024,0400 UTC,01:00,
22/07/2024,21/07/2024,0500 UTC,02:00,
22/07/2024,21/07/2024,0600 UTC,03:00,
22/07/2024,21/07/2024,0700 UTC,04:00,
22/07/2024,21/07/2024,0800 UTC,05:00,
22/07/2024,21/07/2024,0900 UTC,06:00,
22/07/2024,21/07/2024,1000 UTC,07:00,
22/07/2024,21/07/2024,1100 UTC,08:00,
22/07/2024,21/07/2024,1200 UTC,09:00,
22/07/2024,21/07/2024,1300 UTC,10:00,
22/07/2024,21/07/2024,1400 UTC,11:00,
22/07/2024,21/07/2024,1500 UTC,12:00,
22/07/2024,21/07/2024,1600 UTC,13:00,
22/07/2024,21/07/2024,1700 UTC,14:00,
22/07/2024,21/07/2024,1800 UTC,15:00,
22/07/2024,21/07/2024,1900 UTC,16:00,
22/07/2024,21/07/2024,2000 UTC,17:00,
22/07/2024,21/07/2024,2100 UTC,18:00,
22/07/2024,21/07/2024,2200 UTC,19:00,
22/07/2024,21/07/2024,2300 UTC,20:00,
23/07/2024,22/07/2024,0000 UTC,21:00,
23/07/2024,22/07/2024,0100 UTC,22:00,
23/07/2024,22/07/2024,0200 UTC,23:00,
23/07/2024,22/07/2024,0300 UTC,00:00,
23/07/2024,22/07/2024,0400 UTC,01:00,
23/07/2024,22/07/2024,0500 UTC,02:00,
23/07/2024,22/07/2024,0600 UTC,03:00,
23/07/2024,22/07/2024,0700 UTC,04:00,
23/07/2024,22/07/2024,0800 UTC,05:00,
23/07/2024,22/07/2024,0900 UTC,06:00,
23/07/2024,22/07/2024,1000 UTC,07:00,
23/07/2024,22/07/2024,1100 UTC,08:00,
23/07/2024,22/07/2024,1200 UTC,09:00,
23/07/2024,22/07/2024,1300 UTC,10:00,
23/07/2024,22/07/2024,1400 UTC,11:00,
23/07/2024,22/07/2024,1500 UTC,12:00,
23/07/2024,22/07/2024,1600 UTC,13:00,
23/07/2024,22/07/2024,1700 UTC,14:00,
23/07/2024,22/07/2024,1800 UTC,15:00,
23/07/2024,22/07/2024,1900 UTC,16:00,
23/07/2024,22/07/2024,2000 UTC,17:00,
23/07/2024,22/07/2024,2100 UTC,18:00,
23/07/2024,22/07/2024,2200 UTC,19:00,
23/07/2024,22/07/2024,2300 UTC,20:00,
24/07/2024,23/07/2024,0000 UTC,21:00,
24/07/2024,23/07/2024,0100 UTC,22:00,
24/07/2024,23/07/2024,0200 UTC,23:00,
24/07/2024,23/07/2024,0300 UTC,00:00,
24/07/2024,23/07/2024,0400 UTC,01:00,
24/07/2024,23/07/2024,0500 UTC,02:00,
24/07/2024,23/07/2024,0600 UTC,03:00,
24/07/2024,23/07/2024,0700 UTC,04:00,
24/07/2024,23/07/2024,0800 UTC,05:00,
24/07/2024,23/07/2024,0900 UTC,06:00,
24/07/2024,23/07/2024,1000 UTC,07:00,
24/07/2024,23/07/2024,1100 UTC,08:00,
24/07/2024,23/07/2024,1200 UTC,09:00,
24/07/2024,23/07/2024,1300 UTC,10:00,
24/07/2024,23/07/2024,1400 UTC,11:00,
24/07/2024,23/07/2024,1500 UTC,12:00,
24/07/2024,23/07/2024,1600 UTC,13:00,
24/07/2024,23/07/2024,1700 UTC,14:00,
24/07/2024,23/07/2024,1800 UTC,15:00,
24/07/2024,23/07/2024,1900 UTC,16:00,
24/07/2024,23/07/2024,2000 UTC,17:00,
24/07/2024,23/07/2024,2100 UTC,18:00,
24/07/2024,23/07/2024,2200 UTC,19:00,
24/07/2024,23/07/2024,2300 UTC,20:00,
25/07/2024,24/07/2024,0000 UTC,21:00,
25/07/2024,24/07/2024,0100 UTC,22:00,
25/07/2024,24/07/2024,0200 UTC,23:00,
25/07/2024,24/07/2024,0300 UTC,00:00,
25/07/2024,24/07/2024,0400 UTC,01:00,
25/07/2024,24/07/2024,0500 UTC,02:00,
25/07/2024,24/07/2024,0600 UTC,03:00,
25/07/2024,24/07/2024,0700 UTC,04:00,
25/07/2024,24/07/2024,0800 UTC,05:00,
25/07/2024,24/07/2024,0900 UTC,06:00,
25/07/2024,24/07/2024,1000 UTC,07:00,
25/07/2024,24/07/2024,1100 UTC,08:00,
25/07/2024,24/07/2024,1200 UTC,09:00,
25/07/2024,24/07/2024,1300 UTC,10:00,
25/07/2024,24/07/2024,1400 UTC,11:00,
25/07/2024,24/07/2024,1500 UTC,12:00,
25/07/2024,24/07/2024,1600 UTC,13:00,
25/07/2024,24/07/2024,1700 UTC,14:00,
25/07/2024,24/07/2024,1800 UTC,15:00,
25/07/2024,24/07/2024,1900 UTC,16:00,
25/07/2024,24/07/2024,2000 UTC,17:00,
25/07/2024,24/07/2024,2100 UTC,18:00,
25/07/2024,24/07/2024,2200 UTC,19:00,
25/07/2024,24/07/2024,2300 UTC,20:00,
26/07/2024,25/07/2024,0000 UTC,21:00,
26/07/2024,25/07/2024,0100 UTC,22:00,
26/07/2024,25/07/2024,0200 UTC,23:00,
26/07/2024,25/07/2024,0300 UTC,00:00,
26/07/2024,25/07/2024,0400 UTC,01:00,
26/07/2024,25/07/2024,0500 UTC,02:00,
26/07/2024,25/07/2024,0600 UTC,03:00,
26/07/2024,25/07/2024,0700 UTC,04:00,
26/07/2024,25/07/2024,0800 UTC,05:00,
26/07/2024,25/07/2024,0900 UTC,06:00,
26/07/2024,25/07/2024,1000 UTC,07:00,
26/07/2024,25/07/2024,1100 UTC,08:00,
26/07/2024,25/07/2024,1200 UTC,09:00,
26/07/2024,25/07/2024,1300 UTC,10:00,
26/07/2024,25/07/2024,1400 UTC,11:00,
26/07/2024,25/07/2024,1500 UTC,12:00,
26/07/2024,25/07/2024,1600 UTC,13:00,
26/07/2024,25/07/2024,1700 UTC,14:00,
26/07/2024,25/07/2024,1800 UTC,15:00,
26/07/2024,25/07/2024,1900 UTC,16:00,
26/07/2024,25/07/2024,2000 UTC,17:00,
26/07/2024,25/07/2024,2100 UTC,18:00,
26/07/2024,25/07/2024,2200 UTC,19:00,
26/07/2024,25/07/2024,2300 UTC,20:00,
27/07/2024,26/07/2024,0000 UTC,21:00,
27/07/2024,26/07/2024,0100 UTC,22:00,
27/07/2024,26/07/2024,0200 UTC,23:00,
27/07/2024,26/07/2024,0300 UTC,00:00,
27/07/2024,26/07/2024,0400 UTC,01:00,
27/07/2024,26/07/2024,0500 UTC,02:00,
27/07/2024,26/07/2024,0600 UTC,03:00,
27/07/2024,26/07/2024,0700 UTC,04:00,
27/07/2024,26/07/2024,0800 UTC,05:00,
27/07/2024,26/07/2024,0900 UTC,06:00,
27/07/2024,26/07/2024,1000 UTC,07:00,
27/07/2024,26/07/2024,1100 UTC,08:00,
27/07/2024,26/07/2024,1200 UTC,09:00,
27/07/2024,26/07/2024,1300 UTC,10:00,
27/07/2024,26/07/2024,1400 UTC,11:00,
27/07/2024,26/07/2024,1500 UTC,12:00,
27/07/2024,26/07/2024,1600 UTC,13:00,
27/07/2024,26/07/2024,1700 UTC,14:00,
27/07/2024,26/07/2024,1800 UTC,15:00,
27/07/2024,26/07/2024,1900 UTC,16:00,
27/07/2024,26/07/2024,2000 UTC,17:00,
27/07/2024,26/07/2024,2100 UTC,18:00,
27/07/2024,26/07/2024,2200 UTC,19:00,
27/07/2024,26/07/2024,2300 UTC,20:00,
28/07/2024,27/07/2024,0000 UTC,21:00,
28/07/2024,27/07/2024,0100 UTC,22:00,
28/07/2024,27/07/2024,0200 UTC,23:00,
28/07/2024,27/07/2024,0300 UTC,00:00,
28/07/2024,27/07/2024,0400 UTC,01:00,
28/07/2024,27/07/2024,0500 UTC,02:00,
28/07/2024,27/07/2024,0600 UTC,03:00,
28/07/2024,27/07/2024,0700 UTC,04:00,
28/07/2024,27/07/2024,0800 UTC,05:00,
28/07/2024,27/07/2024,0900 UTC,06:00,
28/07/2024,27/07/2024,1000 UTC,07:00,
28/07/2024,27/07/2024,1100 UTC,08:00,
28/07/2024,27/07/2024,1200 UTC,09:00,
28/07/2024,27/07/2024,1300 UTC,10:00,
28/07/2024,27/07/2024,1400 UTC,11:00,
28/07/2024,27/07/2024,1500 UTC,12:00,
28/07/2024,27/07/2024,1600 UTC,13:00,
28/07/2024,27/07/2024,1700 UTC,14:00,
28/07/2024,27/07/2024,1800 UTC,15:00,
28/07/2024,27/07/2024,1900 UTC,16:00,
28/07/2024,27/07/2024,2000 UTC,17:00,
28/07/2024,27/07/2024,2100 UTC,18:00,
28/07/2024,27/07/2024,2200 UTC,19:00,
28/07/2024,27/07/2024,2300 UTC,20:00,
29/07/2024,28/07/2024,0000 UTC,21:00,
29/07/2024,28/07/2024,0100 UTC,22:00,
29/07/2024,28/07/2024,0200 UTC,23:00,
29/07/2024,28/07/2024,0300 UTC,00:00,
29/07/2024,28/07/2024,0400 UTC,01:00,
29/07/2024,28/07/2024,0500 UTC,02:00,
29/07/2024,28/07/2024,0600 UTC,03:00,
29/07/2024,28/07/2024,0700 UTC,04:00,
29/07/2024,28/07/2024,0800 UTC,05:00,
29/07/2024,28/07/2024,0900 UTC,06:00,
29/07/2024,28/07/2024,1000 UTC,07:00,
29/07/2024,28/07/2024,1100 UTC,08:00,
29/07/2024,28/07/2024,1200 UTC,09:00,
29/07/2024,28/07/2024,1300 UTC,10:00,
29/07/2024,28/07/2024,1400 UTC,11:00,
29/07/2024,28/07/2024,1500 UTC,12:00,
29/07/2024,28/07/2024,1600 UTC,13:00,
29/07/2024,28/07/2024,1700 UTC,14:00,
29/07/2024,28/07/2024,1800 UTC,15:00,
29/07/2024,28/07/2024,1900 UTC,16:00,
29/07/2024,28/07/2024,2000 UTC,17:00,
29/07/2024,28/07/2024,2100 UTC,18:00,
29/07/2024,28/07/2024,2200 UTC,19:00,
29/07/2024,28/07/2024,2300 UTC,20:00,
30/07/2024,29/07/2024,0000 UTC,21:00,
30/07/2024,29/07/2024,0100 UTC,22:00,
30/07/2024,29/07/2024,0200 UTC,23:00,
30/07/2024,29/07/2024,0300 UTC,00:00,
30/07/2024,29/07/2024,0400 UTC,01:00,
30/07/2024,29/07/2024,0500 UTC,02:00,
30/07/2024,29/07/2024,0600 UTC,03:00,
30/07/2024,29/07/2024,0700 UTC,04:00,
30/07/2024,29/07/2024,0800 UTC,05:00,
30/07/2024,29/07/2024,0900 UTC,06:00,
30/07/2024,29/07/2024,1000 UTC,07:00,
30/07/2024,29/07/2024,1100 UTC,08:00,
30/07/2024,29/07/2024,1200 UTC,09:00,
30/07/2024,29/07/2024,1300 UTC,10:00,
30/07/2024,29/07/2024,1400 UTC,11:00,
30/07/2024,29/07/2024,1500 UTC,12:00,
30/07/2024,29/07/2024,1600 UTC,13:00,
30/07/2024,29/07/2024,1700 UTC,14:00,
30/07/2024,29/07/2024,1800 UTC,15:00,
30/07/2024,29/07/2024,1900 UTC,16:00,
30/07/2024,29/07/2024,2000 UTC,17:00,
30/07/2024,29/07/2024,2100 UTC,18:00,
30/07/2024,29/07/2024,2200 UTC,19:00,
30/07/2024,29/07/2024,2300 UTC,20:00,
31/07/2024,30/07/2024,0000 UTC,21:00,
31/07/2024,30/07/2024,0100 UTC,22:00,
31/07/2024,30/07/2024,0200 UTC,23:00,
31/07/2024,30/07/2024,0300 UTC,00:00,
31/07/2024,30/07/2024,0400 UTC,01:00,
31/07/2024,30/07/2024,0500 UTC,02:00,
31/07/2024,30/07/2024,0600 UTC,03:00,
31/07/2024,30/07/2024,0700 UTC,04:00,
31/07/2024,30/07/2024,0800 UTC,05:00,
31/07/2024,30/07/2024,0900 UTC,06:00,
31/07/2024,30/07/2024,1000 UTC,07:00,
31/07/2024,30/07/2024,1100 UTC,08:00,
31/07/2024,30/07/2024,1200 UTC,09:00,
31/07/2024,30/07/2024,1300 UTC,10:00,
31/07/2024,30/07/2024,1400 UTC,11:00,
31/07/2024,30/07/2024,1500 UTC,12:00,
31/07/2024,30/07/2024,1600 UTC,13:00,
31/07/2024,30/07/2024,1700 UTC,14:00,
31/07/2024,30/07/2024,1800 UTC,15:00,
31/07/2024,30/07/2024,1900 UTC,16:00,
31/07/2024,30/07/2024,2000 UTC,17:00,
31/07/2024,30/07/2024,2100 UTC,18:00,
31/07/2024,30/07/2024,2200 UTC,19:00,
31/07/2024,30/07/2024,2300 UTC,20:00,
01/08/2024,31/07/2024,0000 UTC,21:00,
01/08/2024,31/07/2024,0100 UTC,22:00,
01/08/2024,31/07/2024,0200 UTC,23:00,
01/08/2024,31/07/2024,0300 UTC,00:00,
01/08/2024,31/07/2024,0400 UTC,01:00,
01/08/2024,31/07/2024,0500 UTC,02:00,
01/08/2024,31/07/2024,0600 UTC,03:00,
01/08/2024,31/07/2024,0700 UTC,04:00,
01/08/2024,31/07/2024,0800 UTC,05:00,
01/08/2024,31/07/2024,0900 UTC,06:00,
01/08/2024,31/07/2024,1000 UTC,07:00,
01/08/2024,31/07/2024,1100 UTC,08:00,
01/08/2024,31/07/2024,1200 UTC,09:00,
01/08/2024,31/07/2024,1300 UTC,10:00,
01/08/2024,31/07/2024,1400 UTC,11:00,
01/08/2024,31/07/2024,1500 UTC,12:00,
01/08/2024,31/07/2024,1600 UTC,13:00,
01/08/2024,31/07/2024,1700 UTC,14:00,
01/08/2024,31/07/2024,1800 UTC,15:00,
01/08/2024,31/07/2024,1900 UTC,16:00,
01/08/2024,31/07/2024,2000 UTC,17:00,
01/08/2024,31/07/2024,2100 UTC,18:00,
01/08/2024,31/07/2024,2200 UTC,19:00,
01/08/2024,31/07/2024,2300 UTC,20:00,
02/08/2024,01/08/2024,0000 UTC,21:00,
02/08/2024,01/08/2024,0100 UTC,22:00,
02/08/2024,01/08/2024,0200 UTC,23:00,
02/08/2024,01/08/2024,0300 UTC,00:00,
02/08/2024,01/08/2024,0400 UTC,01:00,
02/08/2024,01/08/2024,0500 UTC,02:00,
02/08/2024,01/08/2024,0600 UTC,03:00,
02/08/2024,01/08/2024,0700 UTC,04:00,
02/08/2024,01/08/2024,0800 UTC,05:00,
02/08/2024,01/08/2024,0900 UTC,06:00,
02/08/2024,01/08/2024,1000 UTC,07:00,
02/08/2024,01/08/2024,1100 UTC,08:00,
02/08/2024,01/08/2024,1200 UTC,09:00,
02/08/2024,01/08/2024,1300 UTC,10:00,
02/08/2024,01/08/2024,1400 UTC,11:00,
02/08/2024,01/08/2024,1500 UTC,12:00,
02/08/2024,01/08/2024,1600 UTC,13:00,
02/08/2024,01/08/2024,1700 UTC,14:00,
02/08/2024,01/08/2024,1800 UTC,15:00,
02/08/2024,01/08/2024,1900 UTC,16:00,
02/08/2024,01/08/2024,2000 UTC,17:00,
02/08/2024,01/08/2024,2100 UTC,18:00,
02/08/2024,01/08/2024,2200 UTC,19:00,
02/08/2024,01/08/2024,2300 UTC,20:00,
03/08/2024,02/08/2024,0000 UTC,21:00,
03/08/2024,02/08/2024,0100 UTC,22:00,
03/08/2024,02/08/2024,0200 UTC,23:00,
03/08/2024,02/08/2024,0300 UTC,00:00,
03/08/2024,02/08/2024,0400 UTC,01:00,
03/08/2024,02/08/2024,0500 UTC,02:00,
03/08/2024,02/08/2024,0600 UTC,03:00,
03/08/2024,02/08/2024,0700 UTC,04:00,
03/08/2024,02/08/2024,0800 UTC,05:00,
03/08/2024,02/08/2024,0900 UTC,06:00,
03/08/2024,02/08/2024,1000 UTC,07:00,
03/08/2024,02/08/2024,1100 UTC,08:00,
03/08/2024,02/08/2024,1200 UTC,09:00,
03/08/2024,02/08/2024,1300 UTC,10:00,
03/08/2024,02/08/2024,1400 UTC,11:00,
03/08/2024,02/08/2024,1500 UTC,12:00,
03/08/2024,02/08/2024,1600 UTC,13:00,
03/08/2024,02/08/2024,1700 UTC,14:00,
03/08/2024,02/08/2024,1800 UTC,15:00,
03/08/2024,02/08/2024,1900 UTC,16:00,
03/08/2024,02/08/2024,2000 UTC,17:00,
03/08/2024,02/08/2024,2100 UTC,18:00,
03/08/2024,02/08/2024,2200 UTC,19:00,
03/08/2024,02/08/2024,2300 UTC,20:00,
04/08/2024,03/08/2024,0000 UTC,21:00,
04/08/2024,03/08/2024,0100 UTC,22:00,
04/08/2024,03/08/2024,0200 UTC,23:00,
04/08/2024,03/08/2024,0300 UTC,00:00,
04/08/2024,03/08/2024,0400 UTC,01:00,
04/08/2024,03/08/2024,0500 UTC,02:00,
04/08/2024,03/08/2024,0600 UTC,03:00,
04/08/2024,03/08/2024,0700 UTC,04:00,
04/08/2024,03/08/2024,0800 UTC,05:00,
04/08/2024,03/08/2024,0900 UTC,06:00,
04/08/2024,03/08/2024,1000 UTC,07:00,
04/08/2024,03/08/2024,1100 UTC,08:00,
04/08/2024,03/08/2024,1200 UTC,09:00,
04/08/2024,03/08/2024,1300 UTC,10:00,
04/08/2024,03/08/2024,1400 UTC,11:00,
04/08/2024,03/08/2024,1500 UTC,12:00,
04/08/2024,03/08/2024,1600 UTC,13:00,
04/08/2024,03/08/2024,1700 UTC,14:00,
04/08/2024,03/08/2024,1800 UTC,15:00,
04/08/2024,03/08/2024,1900 UTC,16:00,
04/08/2024,03/08/2024,2000 UTC,17:00,
04/08/2024,03/08/2024,2100 UTC,18:00,
04/08/2024,03/08/2024,2200 UTC,19:00,
04/08/2024,03/08/2024,2300 UTC,20:00,
05/08/2024,04/08/2024,0000 UTC,21:00,
05/08/2024,04/08/2024,0100 UTC,22:00,
05/08/2024,04/08/2024,0200 UTC,23:00,
05/08/2024,04/08/2024,0300 UTC,00:00,
05/08/2024,04/08/2024,0400 UTC,01:00,
05/08/2024,04/08/2024,0500 UTC,02:00,
05/08/2024,04/08/2024,0600 UTC,03:00,
05/08/2024,04/08/2024,0700 UTC,04:00,
05/08/2024,04/08/2024,0800 UTC,05:00,
05/08/2024,04/08/2024,0900 UTC,06:00,
05/08/2024,04/08/2024,1000 UTC,07:00,
05/08/2024,04/08/2024,1100 UTC,08:00,
05/08/2024,04/08/2024,1200 UTC,09:00,
05/08/2024,04/08/2024,1300 UTC,10:00,
05/08/2024,04/08/2024,1400 UTC,11:00,
05/08/2024,04/08/2024,1500 UTC,12:00,
05/08/2024,04/08/2024,1600 UTC,13:00,
05/08/2024,04/08/2024,1700 UTC,14:00,
05/08/2024,04/08/2024,1800 UTC,15:00,
05/08/2024,04/08/2024,1900 UTC,16:00,
05/08/2024,04/08/2024,2000 UTC,17:00,
05/08/2024,04/08/2024,2100 UTC,18:00,
05/08/2024,04/08/2024,2200 UTC,19:00,
05/08/2024,04/08/2024,2300 UTC,20:00,
06/08/2024,05/08/2024,0000 UTC,21:00,
06/08/2024,05/08/2024,0100 UTC,22:00,
06/08/2024,05/08/2024,0200 UTC,23:00,
06/08/2024,05/08/2024,0300 UTC,00:00,
06/08/2024,05/08/2024,0400 UTC,01:00,
06/08/2024,05/08/2024,0500 UTC,02:00,
06/08/2024,05/08/2024,0600 UTC,03:00,
06/08/2024,05/08/2024,0700 UTC,04:00,
06/08/2024,05/08/2024,0800 UTC,05:00,
06/08/2024,05/08/2024,0900 UTC,06:00,
06/08/2024,05/08/2024,1000 UTC,07:00,
06/08/2024,05/08/2024,1100 UTC,08:00,
06/08/2024,05/08/2024,1200 UTC,09:00,
06/08/2024,05/08/2024,1300 UTC,10:00,
06/08/2024,05/08/2024,1400 UTC,11:00,
06/08/2024,05/08/2024,1500 UTC,12:00,
06/08/2024,05/08/2024,1600 UTC,13:00,
06/08/2024,05/08/2024,1700 UTC,14:00,
06/08/2024,05/08/2024,1800 UTC,15:00,
06/08/2024,05/08/2024,1900 UTC,16:00,
06/08/2024,05/08/2024,2000 UTC,17:00,
06/08/2024,05/08/2024,2100 UTC,18:00,
06/08/2024,05/08/2024,2200 UTC,19:00,
06/08/2024,05/08/2024,2300 UTC,20:00,
07/08/2024,06/08/2024,0000 UTC,21:00,
07/08/2024,06/08/2024,0100 UTC,22:00,
07/08/2024,06/08/2024,0200 UTC,23:00,
07/08/2024,06/08/2024,0300 UTC,00:00,
07/08/2024,06/08/2024,0400 UTC,01:00,
07/08/2024,06/08/2024,0500 UTC,02:00,
07/08/2024,06/08/2024,0600 UTC,03:00,
07/08/2024,06/08/2024,0700 UTC,04:00,
07/08/2024,06/08/2024,0800 UTC,05:00,
07/08/2024,06/08/2024,0900 UTC,06:00,
07/08/2024,06/08/2024,1000 UTC,07:00,
07/08/2024,06/08/2024,1100 UTC,08:00,
07/08/2024,06/08/2024,1200 UTC,09:00,
07/08/2024,06/08/2024,1300 UTC,10:00,
07/08/2024,06/08/2024,1400 UTC,11:00,
07/08/2024,06/08/2024,1500 UTC,12:00,
07/08/2024,06/08/2024,1600 UTC,13:00,
07/08/2024,06/08/2024,1700 UTC,14:00,
07/08/2024,06/08/2024,1800 UTC,15:00,
07/08/2024,06/08/2024,1900 UTC,16:00,
07/08/2024,06/08/2024,2000 UTC,17:00,
07/08/2024,06/08/2024,2100 UTC,18:00,
07/08/2024,06/08/2024,2200 UTC,19:00,
07/08/2024,06/08/2024,2300 UTC,20:00,
08/08/2024,07/08/2024,0000 UTC,21:00,
08/08/2024,07/08/2024,0100 UTC,22:00,
08/08/2024,07/08/2024,0200 UTC,23:00,
08/08/2024,07/08/2024,0300 UTC,00:00,
08/08/2024,07/08/2024,0400 UTC,01:00,
08/08/2024,07/08/2024,0500 UTC,02:00,
08/08/2024,07/08/2024,0600 UTC,03:00,
08/08/2024,07/08/2024,0700 UTC,04:00,
08/08/2024,07/08/2024,0800 UTC,05:00,
08/08/2024,07/08/2024,0900 UTC,06:00,
08/08/2024,07/08/2024,1000 UTC,07:00,
08/08/2024,07/08/2024,1100 UTC,08:00,
08/08/2024,07/08/2024,1200 UTC,09:00,
08/08/2024,07/08/2024,1300 UTC,10:00,
08/08/2024,07/08/2024,1400 UTC,11:00,
08/08/2024,07/08/2024,1500 UTC,12:00,
08/08/2024,07/08/2024,1600 UTC,13:00,
08/08/2024,07/08/2024,1700 UTC,14:00,
08/08/2024,07/08/2024,1800 UTC,15:00,
08/08/2024,07/08/2024,1900 UTC,16:00,
08/08/2024,07/08/2024,2000 UTC,17:00,
08/08/2024,07/08/2024,2100 UTC,18:00,
08/08/2024,07/08/2024,2200 UTC,19:00,
08/08/2024,07/08/2024,2300 UTC,20:00,
09/08/2024,08/08/2024,0000 UTC,21:00,
09/08/2024,08/08/2024,0100 UTC,22:00,
09/08/2024,08/08/2024,0200 UTC,23:00,
09/08/2024,08/08/2024,0300 UTC,00:00,
09/08/2024,08/08/2024,0400 UTC,01:00,
09/08/2024,08/08/2024,0500 UTC,02:00,
09/08/2024,08/08/2024,0600 UTC,03:00,
09/08/2024,08/08/2024,0700 UTC,04:00,
09/08/2024,08/08/2024,0800 UTC,05:00,
09/08/2024,08/08/2024,0900 UTC,06:00,
09/08/2024,08/08/2024,1000 UTC,07:00,
09/08/2024,08/08/2024,1100 UTC,08:00,
09/08/2024,08/08/2024,1200 UTC,09:00,
09/08/2024,08/08/2024,1300 UTC,10:00,
09/08/2024,08/08/2024,1400 UTC,11:00,
09/08/2024,08/08/2024,1500 UTC,12:00,
09/08/2024,08/08/2024,1600 UTC,13:00,
09/08/2024,08/08/2024,1700 UTC,14:00,
09/08/2024,08/08/2024,1800 UTC,15:00,
09/08/2024,08/08/2024,1900 UTC,16:00,
09/08/2024,08/08/2024,2000 UTC,17:00,
09/08/2024,08/08/2024,2100 UTC,18:00,
09/08/2024,08/08/2024,2200 UTC,19:00,
09/08/2024,08/08/2024,2300 UTC,20:00,
10/08/2024,09/08/2024,0000 UTC,21:00,
10/08/2024,09/08/2024,0100 UTC,22:00,
10/08/2024,09/08/2024,0200 UTC,23:00,
10/08/2024,09/08/2024,0300 UTC,00:00,
10/08/2024,09/08/2024,0400 UTC,01:00,
10/08/2024,09/08/2024,0500 UTC,02:00,
10/08/2024,09/08/2024,0600 UTC,03:00,
10/08/2024,09/08/2024,0700 UTC,04:00,
10/08/2024,09/08/2024,0800 UTC,05:00,
10/08/2024,09/08/2024,0900 UTC,06:00,
10/08/2024,09/08/2024,1000 UTC,07:00,
10/08/2024,09/08/2024,1100 UTC,08:00,
10/08/2024,09/08/2024,1200 UTC,09:00,
10/08/2024,09/08/2024,1300 UTC,10:00,
10/08/2024,09/08/2024,1400 UTC,11:00,
10/08/2024,09/08/2024,1500 UTC,12:00,
10/08/2024,09/08/2024,1600 UTC,13:00,
10/08/2024,09/08/2024,1700 UTC,14:00,
10/08/2024,09/08/2024,1800 UTC,15:00,
10/08/2024,09/08/2024,1900 UTC,16:00,
10/08/2024,09/08/2024,2000 UTC,17:00,
10/08/2024,09/08/2024,2100 UTC,18:00,
10/08/2024,09/08/2024,2200 UTC,19:00,
10/08/2024,09/08/2024,2300 UTC,20:00,
11/08/2024,10/08/2024,0000 UTC,21:00,
11/08/2024,10/08/2024,0100 UTC,22:00,
11/08/2024,10/08/2024,0200 UTC,23:00,
11/08/2024,10/08/2024,0300 UTC,00:00,
11/08/2024,10/08/2024,0400 UTC,01:00,
11/08/2024,10/08/2024,0500 UTC,02:00,
11/08/2024,10/08/2024,0600 UTC,03:00,
11/08/2024,10/08/2024,0700 UTC,04:00,
11/08/2024,10/08/2024,0800 UTC,05:00,
11/08/2024,10/08/2024,0900 UTC,06:00,
11/08/2024,10/08/2024,1000 UTC,07:00,
11/08/2024,10/08/2024,1100 UTC,08:00,
11/08/2024,10/08/2024,1200 UTC,09:00,
11/08/2024,10/08/2024,1300 UTC,10:00,
11/08/2024,10/08/2024,1400 UTC,11:00,
11/08/2024,10/08/2024,1500 UTC,12:00,
11/08/2024,10/08/2024,1600 UTC,13:00,
11/08/2024,10/08/2024,1700 UTC,14:00,
11/08/2024,10/08/2024,1800 UTC,15:00,
11/08/2024,10/08/2024,1900 UTC,16:00,
11/08/2024,10/08/2024,2000 UTC,17:00,
11/08/2024,10/08/2024,2100 UTC,18:00,
11/08/2024,10/08/2024,2200 UTC,19:00,
11/08/2024,10/08/2024,2300 UTC,20:00,
12/08/2024,11/08/2024,0000 UTC,21:00,
12/08/2024,11/08/2024,0100 UTC,22:00,
12/08/2024,11/08/2024,0200 UTC,23:00,
12/08/2024,11/08/2024,0300 UTC,00:00,
12/08/2024,11/08/2024,0400 UTC,01:00,
12/08/2024,11/08/2024,0500 UTC,02:00,
12/08/2024,11/08/2024,0600 UTC,03:00,
12/08/2024,11/08/2024,0700 UTC,04:00,
12/08/2024,11/08/2024,0800 UTC,05:00,
12/08/2024,11/08/2024,0900 UTC,06:00,
12/08/2024,11/08/2024,1000 UTC,07:00,
12/08/2024,11/08/2024,1100 UTC,08:00,
12/08/2024,11/08/2024,1200 UTC,09:00,
12/08/2024,11/08/2024,1300 UTC,10:00,
12/08/2024,11/08/2024,1400 UTC,11:00,
12/08/2024,11/08/2024,1500 UTC,12:00,
12/08/2024,11/08/2024,1600 UTC,13:00,
12/08/2024,11/08/2024,1700 UTC,14:00,
12/08/2024,11/08/2024,1800 UTC,15:00,
12/08/2024,11/08/2024,1900 UTC,16:00,
12/08/2024,11/08/2024,2000 UTC,17:00,
12/08/2024,11/08/2024,2100 UTC,18:00,
12/08/2024,11/08/2024,2200 UTC,19:00,
12/08/2024,11/08/2024,2300 UTC,20:00,
13/08/2024,12/08/2024,0000 UTC,21:00,
13/08/2024,12/08/2024,0100 UTC,22:00,
13/08/2024,12/08/2024,0200 UTC,23:00,
13/08/2024,12/08/2024,0300 UTC,00:00,
13/08/2024,12/08/2024,0400 UTC,01:00,
13/08/2024,12/08/2024,0500 UTC,02:00,
13/08/2024,12/08/2024,0600 UTC,03:00,
13/08/2024,12/08/2024,0700 UTC,04:00,
13/08/2024,12/08/2024,0800 UTC,05:00,
13/08/2024,12/08/2024,0900 UTC,06:00,
13/08/2024,12/08/2024,1000 UTC,07:00,
13/08/2024,12/08/2024,1100 UTC,08:00,
13/08/2024,12/08/2024,1200 UTC,09:00,
13/08/2024,12/08/2024,1300 UTC,10:00,
13/08/2024,12/08/2024,1400 UTC,11:00,
13/08/2024,12/08/2024,1500 UTC,12:00,
13/08/2024,12/08/2024,1600 UTC,13:00,
13/08/2024,12/08/2024,1700 UTC,14:00,
13/08/2024,12/08/2024,1800 UTC,15:00,
13/08/2024,12/08/2024,1900 UTC,16:00,
13/08/2024,12/08/2024,2000 UTC,17:00,
13/08/2024,12/08/2024,2100 UTC,18:00,
13/08/2024,12/08/2024,2200 UTC,19:00,
13/08/2024,12/08/2024,2300 UTC,20:00,
14/08/2024,13/08/2024,0000 UTC,21:00,
14/08/2024,13/08/2024,0100 UTC,22:00,
14/08/2024,13/08/2024,0200 UTC,23:00,
14/08/2024,13/08/2024,0300 UTC,00:00,
14/08/2024,13/08/2024,0400 UTC,01:00,
14/08/2024,13/08/2024,0500 UTC,02:00,
14/08/2024,13/08/2024,0600 UTC,03:00,
14/08/2024,13/08/2024,0700 UTC,04:00,
14/08/2024,13/08/2024,0800 UTC,05:00,
14/08/2024,13/08/2024,0900 UTC,06:00,
14/08/2024,13/08/2024,1000 UTC,07:00,
14/08/2024,13/08/2024,1100 UTC,08:00,
14/08/2024,13/08/2024,1200 UTC,09:00,
14/08/2024,13/08/2024,1300 UTC,10:00,
14/08/2024,13/08/2024,1400 UTC,11:00,
14/08/2024,13/08/2024,1500 UTC,12:00,
14/08/2024,13/08/2024,1600 UTC,13:00,
14/08/2024,13/08/2024,1700 UTC,14:00,
14/08/2024,13/08/2024,1800 UTC,15:00,
14/08/2024,13/08/2024,1900 UTC,16:00,
14/08/2024,13/08/2024,2000 UTC,17:00,
14/08/2024,13/08/2024,2100 UTC,18:00,
14/08/2024,13/08/2024,2200 UTC,19:00,
14/08/2024,13/08/2024,2300 UTC,20:00,
15/08/2024,14/08/2024,0000 UTC,21:00,
15/08/2024,14/08/2024,0100 UTC,22:00,
15/08/2024,14/08/2024,0200 UTC,23:00,
15/08/2024,14/08/2024,0300 UTC,00:00,
15/08/2024,14/08/2024,0400 UTC,01:00,
15/08/2024,14/08/2024,0500 UTC,02:00,
15/08/2024,14/08/2024,0600 UTC,03:00,
15/08/2024,14/08/2024,0700 UTC,04:00,
15/08/2024,14/08/2024,0800 UTC,05:00,
15/08/2024,14/08/2024,0900 UTC,06:00,
15/08/2024,14/08/2024,1000 UTC,07:00,
15/08/2024,14/08/2024,1100 UTC,08:00,
15/08/2024,14/08/2024,1200 UTC,09:00,
15/08/2024,14/08/2024,1300 UTC,10:00,
15/08/2024,14/08/2024,1400 UTC,11:00,
15/08/2024,14/08/2024,1500 UTC,12:00,
15/08/2024,14/08/2024,1600 UTC,13:00,
15/08/2024,14/08/2024,1700 UTC,14:00,
15/08/2024,14/08/2024,1800 UTC,15:00,
15/08/2024,14/08/2024,1900 UTC,16:00,
15/08/2024,14/08/2024,2000 UTC,17:00,
15/08/2024,14/08/2024,2100 UTC,18:00,
15/08/2024,14/08/2024,2200 UTC,19:00,
15/08/2024,14/08/2024,2300 UTC,20:00,
16/08/2024,15/08/2024,0000 UTC,21:00,
16/08/2024,15/08/2024,0100 UTC,22:00,
16/08/2024,15/08/2024,0200 UTC,23:00,
16/08/2024,15/08/2024,0300 UTC,00:00,
16/08/2024,15/08/2024,0400 UTC,01:00,
16/08/2024,15/08/2024,0500 UTC,02:00,
16/08/2024,15/08/2024,0600 UTC,03:00,
16/08/2024,15/08/2024,0700 UTC,04:00,
16/08/2024,15/08/2024,0800 UTC,05:00,
16/08/2024,15/08/2024,0900 UTC,06:00,
16/08/2024,15/08/2024,1000 UTC,07:00,
16/08/2024,15/08/2024,1100 UTC,08:00,
16/08/2024,15/08/2024,1200 UTC,09:00,
16/08/2024,15/08/2024,1300 UTC,10:00,
16/08/2024,15/08/2024,1400 UTC,11:00,
16/08/2024,15/08/2024,1500 UTC,12:00,
16/08/2024,15/08/2024,1600 UTC,13:00,
16/08/2024,15/08/2024,1700 UTC,14:00,
16/08/2024,15/08/2024,1800 UTC,15:00,
16/08/2024,15/08/2024,1900 UTC,16:00,
16/08/2024,15/08/2024,2000 UTC,17:00,
16/08/2024,15/08/2024,2100 UTC,18:00,
16/08/2024,15/08/2024,2200 UTC,19:00,
16/08/2024,15/08/2024,2300 UTC,20:00,
17/08/2024,16/08/2024,0000 UTC,21:00,
17/08/2024,16/08/2024,0100 UTC,22:00,
17/08/2024,16/08/2024,0200 UTC,23:00,
17/08/2024,16/08/2024,0300 UTC,00:00,
17/08/2024,16/08/2024,0400 UTC,01:00,
17/08/2024,16/08/2024,0500 UTC,02:00,
17/08/2024,16/08/2024,0600 UTC,03:00,
17/08/2024,16/08/2024,0700 UTC,04:00,
17/08/2024,16/08/2024,0800 UTC,05:00,
17/08/2024,16/08/2024,0900 UTC,06:00,
17/08/2024,16/08/2024,1000 UTC,07:00,
17/08/2024,16/08/2024,1100 UTC,08:00,
17/08/2024,16/08/2024,1200 UTC,09:00,
17/08/2024,16/08/2024,1300 UTC,10:00,
17/08/2024,16/08/2024,1400 UTC,11:00,
17/08/2024,16/08/2024,1500 UTC,12:00,
17/08/2024,16/08/2024,1600 UTC,13:00,
17/08/2024,16/08/2024,1700 UTC,14:00,
17/08/2024,16/08/2024,1800 UTC,15:00,
17/08/2024,16/08/2024,1900 UTC,16:00,
17/08/2024,16/08/2024,2000 UTC,17:00,
17/08/2024,16/08/2024,2100 UTC,18:00,
17/08/2024,16/08/2024,2200 UTC,19:00,
17/08/2024,16/08/2024,2300 UTC,20:00,
18/08/2024,17/08/2024,0000 UTC,21:00,
18/08/2024,17/08/2024,0100 UTC,22:00,
18/08/2024,17/08/2024,0200 UTC,23:00,
18/08/2024,17/08/2024,0300 UTC,00:00,
18/08/2024,17/08/2024,0400 UTC,01:00,
18/08/2024,17/08/2024,0500 UTC,02:00,
18/08/2024,17/08/2024,0600 UTC,03:00,
18/08/2024,17/08/2024,0700 UTC,04:00,
18/08/2024,17/08/2024,0800 UTC,05:00,
18/08/2024,17/08/2024,0900 UTC,06:00,
18/08/2024,17/08/2024,1000 UTC,07:00,
18/08/2024,17/08/2024,1100 UTC,08:00,
18/08/2024,17/08/2024,1200 UTC,09:00,
18/08/2024,17/08/2024,1300 UTC,10:00,
18/08/2024,17/08/2024,1400 UTC,11:00,
18/08/2024,17/08/2024,1500 UTC,12:00,
18/08/2024,17/08/2024,1600 UTC,13:00,
18/08/2024,17/08/2024,1700 UTC,14:00,
18/08/2024,17/08/2024,1800 UTC,15:00,
18/08/2024,17/08/2024,1900 UTC,16:00,
18/08/2024,17/08/2024,2000 UTC,17:00,
18/08/2024,17/08/2024,2100 UTC,18:00,
18/08/2024,17/08/2024,2200 UTC,19:00,
18/08/2024,17/08/2024,2300 UTC,20:00,
19/08/2024,18/08/2024,0000 UTC,21:00,
19/08/2024,18/08/2024,0100 UTC,22:00,
19/08/2024,18/08/2024,0200 UTC,23:00,
19/08/2024,18/08/2024,0300 UTC,00:00,
19/08/2024,18/08/2024,0400 UTC,01:00,
19/08/2024,18/08/2024,0500 UTC,02:00,
19/08/2024,18/08/2024,0600 UTC,03:00,
19/08/2024,18/08/2024,0700 UTC,04:00,
19/08/2024,18/08/2024,0800 UTC,05:00,
19/08/2024,18/08/2024,0900 UTC,06:00,
19/08/2024,18/08/2024,1000 UTC,07:00,
19/08/2024,18/08/2024,1100 UTC,08:00,
19/08/2024,18/08/2024,1200 UTC,09:00,
19/08/2024,18/08/2024,1300 UTC,10:00,
19/08/2024,18/08/2024,1400 UTC,11:00,
19/08/2024,18/08/2024,1500 UTC,12:00,
19/08/2024,18/08/2024,1600 UTC,13:00,
19/08/2024,18/08/2024,1700 UTC,14:00,
19/08/2024,18/08/2024,1800 UTC,15:00,
19/08/2024,18/08/2024,1900 UTC,16:00,
19/08/2024,18/08/2024,2000 UTC,17:00,
19/08/2024,18/08/2024,2100 UTC,18:00,
19/08/2024,18/08/2024,2200 UTC,19:00,
19/08/2024,18/08/2024,2300 UTC,20:00,
20/08/2024,19/08/2024,0000 UTC,21:00,
20/08/2024,19/08/2024,0100 UTC,22:00,
20/08/2024,19/08/2024,0200 UTC,23:00,
20/08/2024,19/08/2024,0300 UTC,00:00,
20/08/2024,19/08/2024,0400 UTC,01:00,
20/08/2024,19/08/2024,0500 UTC,02:00,
20/08/2024,19/08/2024,0600 UTC,03:00,
20/08/2024,19/08/2024,0700 UTC,04:00,
20/08/2024,19/08/2024,0800 UTC,05:00,
20/08/2024,19/08/2024,0900 UTC,06:00,
20/08/2024,19/08/2024,1000 UTC,07:00,
20/08/2024,19/08/2024,1100 UTC,08:00,
20/08/2024,19/08/2024,1200 UTC,09:00,
20/08/2024,19/08/2024,1300 UTC,10:00,
20/08/2024,19/08/2024,1400 UTC,11:00,
20/08/2024,19/08/2024,1500 UTC,12:00,
20/08/2024,19/08/2024,1600 UTC,13:00,
20/08/2024,19/08/2024,1700 UTC,14:00,
20/08/2024,19/08/2024,1800 UTC,15:00,
20/08/2024,19/08/2024,1900 UTC,16:00,
20/08/2024,19/08/2024,2000 UTC,17:00,
20/08/2024,19/08/2024,2100 UTC,18:00,
20/08/2024,19/08/2024,2200 UTC,19:00,
20/08/2024,19/08/2024,2300 UTC,20:00,
21/08/2024,20/08/2024,0000 UTC,21:00,
21/08/2024,20/08/2024,0100 UTC,22:00,
21/08/2024,20/08/2024,0200 UTC,23:00,
21/08/2024,20/08/2024,0300 UTC,00:00,
21/08/2024,20/08/2024,0400 UTC,01:00,
21/08/2024,20/08/2024,0500 UTC,02:00,
21/08/2024,20/08/2024,0600 UTC,03:00,
21/08/2024,20/08/2024,0700 UTC,04:00,
21/08/2024,20/08/2024,0800 UTC,05:00,
21/08/2024,20/08/2024,0900 UTC,06:00,
21/08/2024,20/08/2024,1000 UTC,07:00,
21/08/2024,20/08/2024,1100 UTC,08:00,
21/08/2024,20/08/2024,1200 UTC,09:00,
21/08/2024,20/08/2024,1300 UTC,10:00,
21/08/2024,20/08/2024,1400 UTC,11:00,
21/08/2024,20/08/2024,1500 UTC,12:00,
21/08/2024,20/08/2024,1600 UTC,13:00,
21/08/2024,20/08/2024,1700 UTC,14:00,
21/08/2024,20/08/2024,1800 UTC,15:00,
21/08/2024,20/08/2024,1900 UTC,16:00,
21/08/2024,20/08/2024,2000 UTC,17:00,
21/08/2024,20/08/2024,2100 UTC,18:00,
21/08/2024,20/08/2024,2200 UTC,19:00,
21/08/2024,20/08/2024,2300 UTC,20:00,
22/08/2024,21/08/2024,0000 UTC,21:00,
22/08/2024,21/08/2024,0100 UTC,22:00,
22/08/2024,21/08/2024,0200 UTC,23:00,
22/08/2024,21/08/2024,0300 UTC,00:00,
22/08/2024,21/08/2024,0400 UTC,01:00,
22/08/2024,21/08/2024,0500 UTC,02:00,
22/08/2024,21/08/2024,0600 UTC,03:00,
22/08/2024,21/08/2024,0700 UTC,04:00,
22/08/2024,21/08/2024,0800 UTC,05:00,
22/08/2024,21/08/2024,0900 UTC,06:00,
22/08/2024,21/08/2024,1000 UTC,07:00,
22/08/2024,21/08/2024,1100 UTC,08:00,
22/08/2024,21/08/2024,1200 UTC,09:00,
22/08/2024,21/08/2024,1300 UTC,10:00,
22/08/2024,21/08/2024,1400 UTC,11:00,
22/08/2024,21/08/2024,1500 UTC,12:00,
22/08/2024,21/08/2024,1600 UTC,13:00,
22/08/2024,21/08/2024,1700 UTC,14:00,
22/08/2024,21/08/2024,1800 UTC,15:00,
22/08/2024,21/08/2024,1900 UTC,16:00,
22/08/2024,21/08/2024,2000 UTC,17:00,
22/08/2024,21/08/2024,2100 UTC,18:00,
22/08/2024,21/08/2024,2200 UTC,19:00,
22/08/2024,21/08/2024,2300 UTC,20:00,
23/08/2024,22/08/2024,0000 UTC,21:00,
23/08/2024,22/08/2024,0100 UTC,22:00,
23/08/2024,22/08/2024,0200 UTC,23:00,
23/08/2024,22/08/2024,0300 UTC,00:00,
23/08/2024,22/08/2024,0400 UTC,01:00,
23/08/2024,22/08/2024,0500 UTC,02:00,
23/08/2024,22/08/2024,0600 UTC,03:00,
23/08/2024,22/08/2024,0700 UTC,04:00,
23/08/2024,22/08/2024,0800 UTC,05:00,
23/08/2024,22/08/2024,0900 UTC,06:00,
23/08/2024,22/08/2024,1000 UTC,07:00,
23/08/2024,22/08/2024,1100 UTC,08:00,
23/08/2024,22/08/2024,1200 UTC,09:00,
23/08/2024,22/08/2024,1300 UTC,10:00,
23/08/2024,22/08/2024,1400 UTC,11:00,
23/08/2024,22/08/2024,1500 UTC,12:00,
23/08/2024,22/08/2024,1600 UTC,13:00,
23/08/2024,22/08/2024,1700 UTC,14:00,
23/08/2024,22/08/2024,1800 UTC,15:00,
23/08/2024,22/08/2024,1900 UTC,16:00,
23/08/2024,22/08/2024,2000 UTC,17:00,
23/08/2024,22/08/2024,2100 UTC,18:00,
23/08/2024,22/08/2024,2200 UTC,19:00,
23/08/2024,22/08/2024,2300 UTC,20:00,
24/08/2024,23/08/2024,0000 UTC,21:00,
24/08/2024,23/08/2024,0100 UTC,22:00,
24/08/2024,23/08/2024,0200 UTC,23:00,
24/08/2024,23/08/2024,0300 UTC,00:00,
24/08/2024,23/08/2024,0400 UTC,01:00,
24/08/2024,23/08/2024,0500 UTC,02:00,
24/08/2024,23/08/2024,0600 UTC,03:00,
24/08/2024,23/08/2024,0700 UTC,04:00,
24/08/2024,23/08/2024,0800 UTC,05:00,
24/08/2024,23/08/2024,0900 UTC,06:00,
24/08/2024,23/08/2024,1000 UTC,07:00,
24/08/2024,23/08/2024,1100 UTC,08:00,
24/08/2024,23/08/2024,1200 UTC,09:00,
24/08/2024,23/08/2024,1300 UTC,10:00,
24/08/2024,23/08/2024,1400 UTC,11:00,
24/08/2024,23/08/2024,1500 UTC,12:00,
24/08/2024,23/08/2024,1600 UTC,13:00,
24/08/2024,23/08/2024,1700 UTC,14:00,
24/08/2024,23/08/2024,1800 UTC,15:00,
24/08/2024,23/08/2024,1900 UTC,16:00,
24/08/2024,23/08/2024,2000 UTC,17:00,
24/08/2024,23/08/2024,2100 UTC,18:00,
24/08/2024,23/08/2024,2200 UTC,19:00,
24/08/2024,23/08/2024,2300 UTC,20:00,
25/08/2024,24/08/2024,0000 UTC,21:00,
25/08/2024,24/08/2024,0100 UTC,22:00,
25/08/2024,24/08/2024,0200 UTC,23:00,
25/08/2024,24/08/2024,0300 UTC,00:00,
25/08/2024,24/08/2024,0400 UTC,01:00,
25/08/2024,24/08/2024,0500 UTC,02:00,
25/08/2024,24/08/2024,0600 UTC,03:00,
25/08/2024,24/08/2024,0700 UTC,04:00,
25/08/2024,24/08/2024,0800 UTC,05:00,
25/08/2024,24/08/2024,0900 UTC,06:00,
25/08/2024,24/08/2024,1000 UTC,07:00,
25/08/2024,24/08/2024,1100 UTC,08:00,
25/08/2024,24/08/2024,1200 UTC,09:00,
25/08/2024,24/08/2024,1300 UTC,10:00,
25/08/2024,24/08/2024,1400 UTC,11:00,
25/08/2024,24/08/2024,1500 UTC,12:00,
25/08/2024,24/08/2024,1600 UTC,13:00,
25/08/2024,24/08/2024,1700 UTC,14:00,
25/08/2024,24/08/2024,1800 UTC,15:00,
25/08/2024,24/08/2024,1900 UTC,16:00,
25/08/2024,24/08/2024,2000 UTC,17:00,
25/08/2024,24/08/2024,2100 UTC,18:00,
25/08/2024,24/08/2024,2200 UTC,19:00,
25/08/2024,24/08/2024,2300 UTC,20:00,
26/08/2024,25/08/2024,0000 UTC,21:00,
26/08/2024,25/08/2024,0100 UTC,22:00,
26/08/2024,25/08/2024,0200 UTC,23:00,
26/08/2024,25/08/2024,0300 UTC,00:00,
26/08/2024,25/08/2024,0400 UTC,01:00,
26/08/2024,25/08/2024,0500 UTC,02:00,
26/08/2024,25/08/2024,0600 UTC,03:00,
26/08/2024,25/08/2024,0700 UTC,04:00,
26/08/2024,25/08/2024,0800 UTC,05:00,
26/08/2024,25/08/2024,0900 UTC,06:00,
26/08/2024,25/08/2024,1000 UTC,07:00,
26/08/2024,25/08/2024,1100 UTC,08:00,
26/08/2024,25/08/2024,1200 UTC,09:00,
26/08/2024,25/08/2024,1300 UTC,10:00,
26/08/2024,25/08/2024,1400 UTC,11:00,
26/08/2024,25/08/2024,1500 UTC,12:00,
26/08/2024,25/08/2024,1600 UTC,13:00,
26/08/2024,25/08/2024,1700 UTC,14:00,
26/08/2024,25/08/2024,1800 UTC,15:00,
26/08/2024,25/08/2024,1900 UTC,16:00,
26/08/2024,25/08/2024,2000 UTC,17:00,
26/08/2024,25/08/2024,2100 UTC,18:00,
26/08/2024,25/08/2024,2200 UTC,19:00,
26/08/2024,25/08/2024,2300 UTC,20:00,
27/08/2024,26/08/2024,0000 UTC,21:00,
27/08/2024,26/08/2024,0100 UTC,22:00,
27/08/2024,26/08/2024,0200 UTC,23:00,
27/08/2024,26/08/2024,0300 UTC,00:00,
27/08/2024,26/08/2024,0400 UTC,01:00,
27/08/2024,26/08/2024,0500 UTC,02:00,
27/08/2024,26/08/2024,0600 UTC,03:00,
27/08/2024,26/08/2024,0700 UTC,04:00,
27/08/2024,26/08/2024,0800 UTC,05:00,
27/08/2024,26/08/2024,0900 UTC,06:00,
27/08/2024,26/08/2024,1000 UTC,07:00,
27/08/2024,26/08/2024,1100 UTC,08:00,
27/08/2024,26/08/2024,1200 UTC,09:00,
27/08/2024,26/08/2024,1300 UTC,10:00,
27/08/2024,26/08/2024,1400 UTC,11:00,
27/08/2024,26/08/2024,1500 UTC,12:00,
27/08/2024,26/08/2024,1600 UTC,13:00,
27/08/2024,26/08/2024,1700 UTC,14:00,
27/08/2024,26/08/2024,1800 UTC,15:00,
27/08/2024,26/08/2024,1900 UTC,16:00,
27/08/2024,26/08/2024,2000 UTC,17:00,
27/08/2024,26/08/2024,2100 UTC,18:00,
27/08/2024,26/08/2024,2200 UTC,19:00,
27/08/2024,26/08/2024,2300 UTC,20:00,
28/08/2024,27/08/2024,0000 UTC,21:00,
28/08/2024,27/08/2024,0100 UTC,22:00,
28/08/2024,27/08/2024,0200 UTC,23:00,
28/08/2024,27/08/2024,0300 UTC,00:00,
28/08/2024,27/08/2024,0400 UTC,01:00,
28/08/2024,27/08/2024,0500 UTC,02:00,
28/08/2024,27/08/2024,0600 UTC,03:00,
28/08/2024,27/08/2024,0700 UTC,04:00,
28/08/2024,27/08/2024,0800 UTC,05:00,
28/08/2024,27/08/2024,0900 UTC,06:00,
28/08/2024,27/08/2024,1000 UTC,07:00,
28/08/2024,27/08/2024,1100 UTC,08:00,
28/08/2024,27/08/2024,1200 UTC,09:00,
28/08/2024,27/08/2024,1300 UTC,10:00,
28/08/2024,27/08/2024,1400 UTC,11:00,
28/08/2024,27/08/2024,1500 UTC,12:00,
28/08/2024,27/08/2024,1600 UTC,13:00,
28/08/2024,27/08/2024,1700 UTC,14:00,
28/08/2024,27/08/2024,1800 UTC,15:00,
28/08/2024,27/08/2024,1900 UTC,16:00,
28/08/2024,27/08/2024,2000 UTC,17:00,
28/08/2024,27/08/2024,2100 UTC,18:00,
28/08/2024,27/08/2024,2200 UTC,19:00,
28/08/2024,27/08/2024,2300 UTC,20:00,
29/08/2024,28/08/2024,0000 UTC,21:00,
29/08/2024,28/08/2024,0100 UTC,22:00,
29/08/2024,28/08/2024,0200 UTC,23:00,
29/08/2024,28/08/2024,0300 UTC,00:00,
29/08/2024,28/08/2024,0400 UTC,01:00,
29/08/2024,28/08/2024,0500 UTC,02:00,
29/08/2024,28/08/2024,0600 UTC,03:00,
29/08/2024,28/08/2024,0700 UTC,04:00,
29/08/2024,28/08/2024,0800 UTC,05:00,
29/08/2024,28/08/2024,0900 UTC,06:00,
29/08/2024,28/08/2024,1000 UTC,07:00,
29/08/2024,28/08/2024,1100 UTC,08:00,
29/08/2024,28/08/2024,1200 UTC,09:00,
29/08/2024,28/08/2024,1300 UTC,10:00,
29/08/2024,28/08/2024,1400 UTC,11:00,
29/08/2024,28/08/2024,1500 UTC,12:00,
29/08/2024,28/08/2024,1600 UTC,13:00,
29/08/2024,28/08/2024,1700 UTC,14:00,
29/08/2024,28/08/2024,1800 UTC,15:00,
29/08/2024,28/08/2024,1900 UTC,16:00,
29/08/2024,28/08/2024,2000 UTC,17:00,
29/08/2024,28/08/2024,2100 UTC,18:00,
29/08/2024,28/08/2024,2200 UTC,19:00,
29/08/2024,28/08/2024,2300 UTC,20:00,
30/08/2024,29/08/2024,0000 UTC,21:00,
30/08/2024,29/08/2024,0100 UTC,22:00,
30/08/2024,29/08/2024,0200 UTC,23:00,
30/08/2024,29/08/2024,0300 UTC,00:00,
30/08/2024,29/08/2024,0400 UTC,01:00,
30/08/2024,29/08/2024,0500 UTC,02:00,
30/08/2024,29/08/2024,0600 UTC,03:00,
30/08/2024,29/08/2024,0700 UTC,04:00,
30/08/2024,29/08/2024,0800 UTC,05:00,
30/08/2024,29/08/2024,0900 UTC,06:00,
30/08/2024,29/08/2024,1000 UTC,07:00,
30/08/2024,29/08/2024,1100 UTC,08:00,
30/08/2024,29/08/2024,1200 UTC,09:00,
30/08/2024,29/08/2024,1300 UTC,10:00,
30/08/2024,29/08/2024,1400 UTC,11:00,
30/08/2024,29/08/2024,1500 UTC,12:00,
30/08/2024,29/08/2024,1600 UTC,13:00,
30/08/2024,29/08/2024,1700 UTC,14:00,
30/08/2024,29/08/2024,1800 UTC,15:00,
30/08/2024,29/08/2024,1900 UTC,16:00,
30/08/2024,29/08/2024,2000 UTC,17:00,
30/08/2024,29/08/2024,2100 UTC,18:00,
30/08/2024,29/08/2024,2200 UTC,19:00,
30/08/2024,29/08/2024,2300 UTC,20:00,
31/08/2024,30/08/2024,0000 UTC,21:00,
31/08/2024,30/08/2024,0100 UTC,22:00,
31/08/2024,30/08/2024,0200 UTC,23:00,
31/08/2024,30/08/2024,0300 UTC,00:00,
31/08/2024,30/08/2024,0400 UTC,01:00,
31/08/2024,30/08/2024,0500 UTC,02:00,
31/08/2024,30/08/2024,0600 UTC,03:00,
31/08/2024,30/08/2024,0700 UTC,04:00,
31/08/2024,30/08/2024,0800 UTC,05:00,
31/08/2024,30/08/2024,0900 UTC,06:00,
31/08/2024,30/08/2024,1000 UTC,07:00,
31/08/2024,30/08/2024,1100 UTC,08:00,
31/08/2024,30/08/2024,1200 UTC,09:00,
31/08/2024,30/08/2024,1300 UTC,10:00,
31/08/2024,30/08/2024,1400 UTC,11:00,
31/08/2024,30/08/2024,1500 UTC,12:00,
31/08/2024,30/08/2024,1600 UTC,13:00,
31/08/2024,30/08/2024,1700 UTC,14:00,
31/08/2024,30/08/2024,1800 UTC,15:00,
31/08/2024,30/08/2024,1900 UTC,16:00,
31/08/2024,30/08/2024,2000 UTC,17:00,
31/08/2024,30/08/2024,2100 UTC,18:00,
31/08/2024,30/08/2024,2200 UTC,19:00,
31/08/2024,30/08/2024,2300 UTC,20:00,
01/09/2024,31/08/2024,0000 UTC,21:00,
01/09/2024,31/08/2024,0100 UTC,22:00,
01/09/2024,31/08/2024,0200 UTC,23:00,
01/09/2024,31/08/2024,0300 UTC,00:00,
01/09/2024,31/08/2024,0400 UTC,01:00,
01/09/2024,31/08/2024,0500 UTC,02:00,
01/09/2024,31/08/2024,0600 UTC,03:00,
01/09/2024,31/08/2024,0700 UTC,04:00,
01/09/2024,31/08/2024,0800 UTC,05:00,
01/09/2024,31/08/2024,0900 UTC,06:00,
01/09/2024,31/08/2024,1000 UTC,07:00,
01/09/2024,31/08/2024,1100 UTC,08:00,
01/09/2024,31/08/2024,1200 UTC,09:00,
01/09/2024,31/08/2024,1300 UTC,10:00,
01/09/2024,31/08/2024,1400 UTC,11:00,
01/09/2024,31/08/2024,1500 UTC,12:00,
01/09/2024,31/08/2024,1600 UTC,13:00,
01/09/2024,31/08/2024,1700 UTC,14:00,
01/09/2024,31/08/2024,1800 UTC,15:00,
01/09/2024,31/08/2024,1900 UTC,16:00,
01/09/2024,31/08/2024,2000 UTC,17:00,
01/09/2024,31/08/2024,2100 UTC,18:00,
01/09/2024,31/08/2024,2200 UTC,19:00,
01/09/2024,31/08/2024,2300 UTC,20:00,
02/09/2024,01/09/2024,0000 UTC,21:00,
02/09/2024,01/09/2024,0100 UTC,22:00,
02/09/2024,01/09/2024,0200 UTC,23:00,
02/09/2024,01/09/2024,0300 UTC,00:00,
02/09/2024,01/09/2024,0400 UTC,01:00,
02/09/2024,01/09/2024,0500 UTC,02:00,
02/09/2024,01/09/2024,0600 UTC,03:00,
02/09/2024,01/09/2024,0700 UTC,04:00,
02/09/2024,01/09/2024,0800 UTC,05:00,
02/09/2024,01/09/2024,0900 UTC,06:00,
02/09/2024,01/09/2024,1000 UTC,07:00,
02/09/2024,01/09/2024,1100 UTC,08:00,
02/09/2024,01/09/2024,1200 UTC,09:00,
02/09/2024,01/09/2024,1300 UTC,10:00,
02/09/2024,01/09/2024,1400 UTC,11:00,
02/09/2024,01/09/2024,1500 UTC,12:00,
02/09/2024,01/09/2024,1600 UTC,13:00,
02/09/2024,01/09/2024,1700 UTC,14:00,
02/09/2024,01/09/2024,1800 UTC,15:00,
02/09/2024,01/09/2024,1900 UTC,16:00,
02/09/2024,01/09/2024,2000 UTC,17:00,
02/09/2024,01/09/2024,2100 UTC,18:00,
02/09/2024,01/09/2024,2200 UTC,19:00,
02/09/2024,01/09/2024,2300 UTC,20:00,
03/09/2024,02/09/2024,0000 UTC,21:00,
03/09/2024,02/09/2024,0100 UTC,22:00,
03/09/2024,02/09/2024,0200 UTC,23:00,
03/09/2024,02/09/2024,0300 UTC,00:00,
03/09/2024,02/09/2024,0400 UTC,01:00,
03/09/2024,02/09/2024,0500 UTC,02:00,
03/09/2024,02/09/2024,0600 UTC,03:00,
03/09/2024,02/09/2024,0700 UTC,04:00,
03/09/2024,02/09/2024,0800 UTC,05:00,
03/09/2024,02/09/2024,0900 UTC,06:00,
03/09/2024,02/09/2024,1000 UTC,07:00,
03/09/2024,02/09/2024,1100 UTC,08:00,
03/09/2024,02/09/2024,1200 UTC,09:00,
03/09/2024,02/09/2024,1300 UTC,10:00,
03/09/2024,02/09/2024,1400 UTC,11:00,
03/09/2024,02/09/2024,1500 UTC,12:00,
03/09/2024,02/09/2024,1600 UTC,13:00,
03/09/2024,02/09/2024,1700 UTC,14:00,
03/09/2024,02/09/2024,1800 UTC,15:00,
03/09/2024,02/09/2024,1900 UTC,16:00,
03/09/2024,02/09/2024,2000 UTC,17:00,
03/09/2024,02/09/2024,2100 UTC,18:00,
03/09/2024,02/09/2024,2200 UTC,19:00,
03/09/2024,02/09/2024,2300 UTC,20:00,
04/09/2024,03/09/2024,0000 UTC,21:00,
04/09/2024,03/09/2024,0100 UTC,22:00,
04/09/2024,03/09/2024,0200 UTC,23:00,
04/09/2024,03/09/2024,0300 UTC,00:00,
04/09/2024,03/09/2024,0400 UTC,01:00,
04/09/2024,03/09/2024,0500 UTC,02:00,
04/09/2024,03/09/2024,0600 UTC,03:00,
04/09/2024,03/09/2024,0700 UTC,04:00,
04/09/2024,03/09/2024,0800 UTC,05:00,
04/09/2024,03/09/2024,0900 UTC,06:00,
04/09/2024,03/09/2024,1000 UTC,07:00,
04/09/2024,03/09/2024,1100 UTC,08:00,
04/09/2024,03/09/2024,1200 UTC,09:00,
04/09/2024,03/09/2024,1300 UTC,10:00,
04/09/2024,03/09/2024,1400 UTC,11:00,
04/09/2024,03/09/2024,1500 UTC,12:00,
04/09/2024,03/09/2024,1600 UTC,13:00,
04/09/2024,03/09/2024,1700 UTC,14:00,
04/09/2024,03/09/2024,1800 UTC,15:00,
04/09/2024,03/09/2024,1900 UTC,16:00,
04/09/2024,03/09/2024,2000 UTC,17:00,
04/09/2024,03/09/2024,2100 UTC,18:00,
04/09/2024,03/09/2024,2200 UTC,19:00,
04/09/2024,03/09/2024,2300 UTC,20:00,
05/09/2024,04/09/2024,0000 UTC,21:00,
05/09/2024,04/09/2024,0100 UTC,22:00,
05/09/2024,04/09/2024,0200 UTC,23:00,
05/09/2024,04/09/2024,0300 UTC,00:00,
05/09/2024,04/09/2024,0400 UTC,01:00,
05/09/2024,04/09/2024,0500 UTC,02:00,
05/09/2024,04/09/2024,0600 UTC,03:00,
05/09/2024,04/09/2024,0700 UTC,04:00,
05/09/2024,04/09/2024,0800 UTC,05:00,
05/09/2024,04/09/2024,0900 UTC,06:00,
05/09/2024,04/09/2024,1000 UTC,07:00,
05/09/2024,04/09/2024,1100 UTC,08:00,
05/09/2024,04/09/2024,1200 UTC,09:00,
05/09/2024,04/09/2024,1300 UTC,10:00,
05/09/2024,04/09/2024,1400 UTC,11:00,
05/09/2024,04/09/2024,1500 UTC,12:00,
05/09/2024,04/09/2024,1600 UTC,13:00,
05/09/2024,04/09/2024,1700 UTC,14:00,
05/09/2024,04/09/2024,1800 UTC,15:00,
05/09/2024,04/09/2024,1900 UTC,16:00,
05/09/2024,04/09/2024,2000 UTC,17:00,
05/09/2024,04/09/2024,2100 UTC,18:00,
05/09/2024,04/09/2024,2200 UTC,19:00,
05/09/2024,04/09/2024,2300 UTC,20:00,
06/09/2024,05/09/2024,0000 UTC,21:00,
06/09/2024,05/09/2024,0100 UTC,22:00,
06/09/2024,05/09/2024,0200 UTC,23:00,
06/09/2024,05/09/2024,0300 UTC,00:00,
06/09/2024,05/09/2024,0400 UTC,01:00,
06/09/2024,05/09/2024,0500 UTC,02:00,
06/09/2024,05/09/2024,0600 UTC,03:00,
06/09/2024,05/09/2024,0700 UTC,04:00,
06/09/2024,05/09/2024,0800 UTC,05:00,
06/09/2024,05/09/2024,0900 UTC,06:00,
06/09/2024,05/09/2024,1000 UTC,07:00,
06/09/2024,05/09/2024,1100 UTC,08:00,
06/09/2024,05/09/2024,1200 UTC,09:00,
06/09/2024,05/09/2024,1300 UTC,10:00,
06/09/2024,05/09/2024,1400 UTC,11:00,
06/09/2024,05/09/2024,1500 UTC,12:00,
06/09/2024,05/09/2024,1600 UTC,13:00,
06/09/2024,05/09/2024,1700 UTC,14:00,
06/09/2024,05/09/2024,1800 UTC,15:00,
06/09/2024,05/09/2024,1900 UTC,16:00,
06/09/2024,05/09/2024,2000 UTC,17:00,
06/09/2024,05/09/2024,2100 UTC,18:00,
06/09/2024,05/09/2024,2200 UTC,19:00,
06/09/2024,05/09/2024,2300 UTC,20:00,
07/09/2024,06/09/2024,0000 UTC,21:00,
07/09/2024,06/09/2024,0100 UTC,22:00,
07/09/2024,06/09/2024,0200 UTC,23:00,
07/09/2024,06/09/2024,0300 UTC,00:00,
07/09/2024,06/09/2024,0400 UTC,01:00,
07/09/2024,06/09/2024,0500 UTC,02:00,
07/09/2024,06/09/2024,0600 UTC,03:00,
07/09/2024,06/09/2024,0700 UTC,04:00,
07/09/2024,06/09/2024,0800 UTC,05:00,
07/09/2024,06/09/2024,0900 UTC,06:00,
07/09/2024,06/09/2024,1000 UTC,07:00,
07/09/2024,06/09/2024,1100 UTC,08:00,
07/09/2024,06/09/2024,1200 UTC,09:00,
07/09/2024,06/09/2024,1300 UTC,10:00,
07/09/2024,06/09/2024,1400 UTC,11:00,
07/09/2024,06/09/2024,1500 UTC,12:00,
07/09/2024,06/09/2024,1600 UTC,13:00,
07/09/2024,06/09/2024,1700 UTC,14:00,
07/09/2024,06/09/2024,1800 UTC,15:00,
07/09/2024,06/09/2024,1900 UTC,16:00,
07/09/2024,06/09/2024,2000 UTC,17:00,
07/09/2024,06/09/2024,2100 UTC,18:00,
07/09/2024,06/09/2024,2200 UTC,19:00,
07/09/2024,06/09/2024,2300 UTC,20:00,
08/09/2024,07/09/2024,0000 UTC,21:00,
08/09/2024,07/09/2024,0100 UTC,22:00,
08/09/2024,07/09/2024,0200 UTC,23:00,
08/09/2024,07/09/2024,0300 UTC,00:00,
08/09/2024,07/09/2024,0400 UTC,01:00,
08/09/2024,07/09/2024,0500 UTC,02:00,
08/09/2024,07/09/2024,0600 UTC,03:00,
08/09/2024,07/09/2024,0700 UTC,04:00,
08/09/2024,07/09/2024,0800 UTC,05:00,
08/09/2024,07/09/2024,0900 UTC,06:00,
08/09/2024,07/09/2024,1000 UTC,07:00,
08/09/2024,07/09/2024,1100 UTC,08:00,
08/09/2024,07/09/2024,1200 UTC,09:00,
08/09/2024,07/09/2024,1300 UTC,10:00,
08/09/2024,07/09/2024,1400 UTC,11:00,
08/09/2024,07/09/2024,1500 UTC,12:00,
08/09/2024,07/09/2024,1600 UTC,13:00,
08/09/2024,07/09/2024,1700 UTC,14:00,
08/09/2024,07/09/2024,1800 UTC,15:00,
08/09/2024,07/09/2024,1900 UTC,16:00,
08/09/2024,07/09/2024,2000 UTC,17:00,
08/09/2024,07/09/2024,2100 UTC,18:00,
08/09/2024,07/09/2024,2200 UTC,19:00,
08/09/2024,07/09/2024,2300 UTC,20:00,
09/09/2024,08/09/2024,0000 UTC,21:00,
09/09/2024,08/09/2024,0100 UTC,22:00,
09/09/2024,08/09/2024,0200 UTC,23:00,
09/09/2024,08/09/2024,0300 UTC,00:00,
09/09/2024,08/09/2024,0400 UTC,01:00,
09/09/2024,08/09/2024,0500 UTC,02:00,
09/09/2024,08/09/2024,0600 UTC,03:00,
09/09/2024,08/09/2024,0700 UTC,04:00,
09/09/2024,08/09/2024,0800 UTC,05:00,
09/09/2024,08/09/2024,0900 UTC,06:00,
09/09/2024,08/09/2024,1000 UTC,07:00,
09/09/2024,08/09/2024,1100 UTC,08:00,
09/09/2024,08/09/2024,1200 UTC,09:00,
09/09/2024,08/09/2024,1300 UTC,10:00,
09/09/2024,08/09/2024,1400 UTC,11:00,
09/09/2024,08/09/2024,1500 UTC,12:00,
09/09/2024,08/09/2024,1600 UTC,13:00,
09/09/2024,08/09/2024,1700 UTC,14:00,
09/09/2024,08/09/2024,1800 UTC,15:00,
09/09/2024,08/09/2024,1900 UTC,16:00,
09/09/2024,08/09/2024,2000 UTC,17:00,
09/09/2024,08/09/2024,2100 UTC,18:00,
09/09/2024,08/09/2024,2200 UTC,19:00,
09/09/2024,08/09/2024,2300 UTC,20:00,
10/09/2024,09/09/2024,0000 UTC,21:00,
10/09/2024,09/09/2024,0100 UTC,22:00,
10/09/2024,09/09/2024,0200 UTC,23:00,
10/09/2024,09/09/2024,0300 UTC,00:00,
10/09/2024,09/09/2024,0400 UTC,01:00,
10/09/2024,09/09/2024,0500 UTC,02:00,
10/09/2024,09/09/2024,0600 UTC,03:00,
10/09/2024,09/09/2024,0700 UTC,04:00,
10/09/2024,09/09/2024,0800 UTC,05:00,
10/09/2024,09/09/2024,0900 UTC,06:00,
10/09/2024,09/09/2024,1000 UTC,07:00,
10/09/2024,09/09/2024,1100 UTC,08:00,
10/09/2024,09/09/2024,1200 UTC,09:00,
10/09/2024,09/09/2024,1300 UTC,10:00,
10/09/2024,09/09/2024,1400 UTC,11:00,
10/09/2024,09/09/2024,1500 UTC,12:00,
10/09/2024,09/09/2024,1600 UTC,13:00,
10/09/2024,09/09/2024,1700 UTC,14:00,
10/09/2024,09/09/2024,1800 UTC,15:00,
10/09/2024,09/09/2024,1900 UTC,16:00,
10/09/2024,09/09/2024,2000 UTC,17:00,
10/09/2024,09/09/2024,2100 UTC,18:00,
10/09/2024,09/09/2024,2200 UTC,19:00,
10/09/2024,09/09/2024,2300 UTC,20:00,
11/09/2024,10/09/2024,0000 UTC,21:00,
11/09/2024,10/09/2024,0100 UTC,22:00,
11/09/2024,10/09/2024,0200 UTC,23:00,
11/09/2024,10/09/2024,0300 UTC,00:00,
11/09/2024,10/09/2024,0400 UTC,01:00,
11/09/2024,10/09/2024,0500 UTC,02:00,
11/09/2024,10/09/2024,0600 UTC,03:00,
11/09/2024,10/09/2024,0700 UTC,04:00,
11/09/2024,10/09/2024,0800 UTC,05:00,
11/09/2024,10/09/2024,0900 UTC,06:00,
11/09/2024,10/09/2024,1000 UTC,07:00,
11/09/2024,10/09/2024,1100 UTC,08:00,
11/09/2024,10/09/2024,1200 UTC,09:00,
11/09/2024,10/09/2024,1300 UTC,10:00,
11/09/2024,10/09/2024,1400 UTC,11:00,
11/09/2024,10/09/2024,1500 UTC,12:00,
11/09/2024,10/09/2024,1600 UTC,13:00,
11/09/2024,10/09/2024,1700 UTC,14:00,
11/09/2024,10/09/2024,1800 UTC,15:00,
11/09/2024,10/09/2024,1900 UTC,16:00,
11/09/2024,10/09/2024,2000 UTC,17:00,
11/09/2024,10/09/2024,2100 UTC,18:00,
11/09/2024,10/09/2024,2200 UTC,19:00,
11/09/2024,10/09/2024,2300 UTC,20:00,
12/09/2024,11/09/2024,0000 UTC,21:00,
12/09/2024,11/09/2024,0100 UTC,22:00,
12/09/2024,11/09/2024,0200 UTC,23:00,
12/09/2024,11/09/2024,0300 UTC,00:00,
12/09/2024,11/09/2024,0400 UTC,01:00,
12/09/2024,11/09/2024,0500 UTC,02:00,
12/09/2024,11/09/2024,0600 UTC,03:00,
12/09/2024,11/09/2024,0700 UTC,04:00,
12/09/2024,11/09/2024,0800 UTC,05:00,
12/09/2024,11/09/2024,0900 UTC,06:00,
12/09/2024,11/09/2024,1000 UTC,07:00,
12/09/2024,11/09/2024,1100 UTC,08:00,
12/09/2024,11/09/2024,1200 UTC,09:00,
12/09/2024,11/09/2024,1300 UTC,10:00,
12/09/2024,11/09/2024,1400 UTC,11:00,
12/09/2024,11/09/2024,1500 UTC,12:00,
12/09/2024,11/09/2024,1600 UTC,13:00,
12/09/2024,11/09/2024,1700 UTC,14:00,
12/09/2024,11/09/2024,1800 UTC,15:00,
12/09/2024,11/09/2024,1900 UTC,16:00,
12/09/2024,11/09/2024,2000 UTC,17:00,
12/09/2024,11/09/2024,2100 UTC,18:00,
12/09/2024,11/09/2024,2200 UTC,19:00,
12/09/2024,11/09/2024,2300 UTC,20:00,
13/09/2024,12/09/2024,0000 UTC,21:00,
13/09/2024,12/09/2024,0100 UTC,22:00,
13/09/2024,12/09/2024,0200 UTC,23:00,
13/09/2024,12/09/2024,0300 UTC,00:00,
13/09/2024,12/09/2024,0400 UTC,01:00,
13/09/2024,12/09/2024,0500 UTC,02:00,
13/09/2024,12/09/2024,0600 UTC,03:00,
13/09/2024,12/09/2024,0700 UTC,04:00,
13/09/2024,12/09/2024,0800 UTC,05:00,
13/09/2024,12/09/2024,0900 UTC,06:00,
13/09/2024,12/09/2024,1000 UTC,07:00,
13/09/2024,12/09/2024,1100 UTC,08:00,
13/09/2024,12/09/2024,1200 UTC,09:00,
13/09/2024,12/09/2024,1300 UTC,10:00,
13/09/2024,12/09/2024,1400 UTC,11:00,
13/09/2024,12/09/2024,1500 UTC,12:00,
13/09/2024,12/09/2024,1600 UTC,13:00,
13/09/2024,12/09/2024,1700 UTC,14:00,
13/09/2024,12/09/2024,1800 UTC,15:00,
13/09/2024,12/09/2024,1900 UTC,16:00,
13/09/2024,12/09/2024,2000 UTC,17:00,
13/09/2024,12/09/2024,2100 UTC,18:00,
13/09/2024,12/09/2024,2200 UTC,19:00,
13/09/2024,12/09/2024,2300 UTC,20:00,
14/09/2024,13/09/2024,0000 UTC,21:00,
14/09/2024,13/09/2024,0100 UTC,22:00,
14/09/2024,13/09/2024,0200 UTC,23:00,
14/09/2024,13/09/2024,0300 UTC,00:00,
14/09/2024,13/09/2024,0400 UTC,01:00,
14/09/2024,13/09/2024,0500 UTC,02:00,
14/09/2024,13/09/2024,0600 UTC,03:00,
14/09/2024,13/09/2024,0700 UTC,04:00,
14/09/2024,13/09/2024,0800 UTC,05:00,
14/09/2024,13/09/2024,0900 UTC,06:00,
14/09/2024,13/09/2024,1000 UTC,07:00,
14/09/2024,13/09/2024,1100 UTC,08:00,
14/09/2024,13/09/2024,1200 UTC,09:00,
14/09/2024,13/09/2024,1300 UTC,10:00,
14/09/2024,13/09/2024,1400 UTC,11:00,
14/09/2024,13/09/2024,1500 UTC,12:00,
14/09/2024,13/09/2024,1600 UTC,13:00,
14/09/2024,13/09/2024,1700 UTC,14:00,
14/09/2024,13/09/2024,1800 UTC,15:00,
14/09/2024,13/09/2024,1900 UTC,16:00,
14/09/2024,13/09/2024,2000 UTC,17:00,
14/09/2024,13/09/2024,2100 UTC,18:00,
14/09/2024,13/09/2024,2200 UTC,19:00,
14/09/2024,13/09/2024,2300 UTC,20:00,
15/09/2024,14/09/2024,0000 UTC,21:00,
15/09/2024,14/09/2024,0100 UTC,22:00,
15/09/2024,14/09/2024,0200 UTC,23:00,
15/09/2024,14/09/2024,0300 UTC,00:00,
15/09/2024,14/09/2024,0400 UTC,01:00,
15/09/2024,14/09/2024,0500 UTC,02:00,
15/09/2024,14/09/2024,0600 UTC,03:00,
15/09/2024,14/09/2024,0700 UTC,04:00,
15/09/2024,14/09/2024,0800 UTC,05:00,
15/09/2024,14/09/2024,0900 UTC,06:00,
15/09/2024,14/09/2024,1000 UTC,07:00,
15/09/2024,14/09/2024,1100 UTC,08:00,
15/09/2024,14/09/2024,1200 UTC,09:00,
15/09/2024,14/09/2024,1300 UTC,10:00,
15/09/2024,14/09/2024,1400 UTC,11:00,
15/09/2024,14/09/2024,1500 UTC,12:00,
15/09/2024,14/09/2024,1600 UTC,13:00,
15/09/2024,14/09/2024,1700 UTC,14:00,
15/09/2024,14/09/2024,1800 UTC,15:00,
15/09/2024,14/09/2024,1900 UTC,16:00,
15/09/2024,14/09/2024,2000 UTC,17:00,
15/09/2024,14/09/2024,2100 UTC,18:00,
15/09/2024,14/09/2024,2200 UTC,19:00,
15/09/2024,14/09/2024,2300 UTC,20:00,
16/09/2024,15/09/2024,0000 UTC,21:00,
16/09/2024,15/09/2024,0100 UTC,22:00,
16/09/2024,15/09/2024,0200 UTC,23:00,
16/09/2024,15/09/2024,0300 UTC,00:00,
16/09/2024,15/09/2024,0400 UTC,01:00,
16/09/2024,15/09/2024,0500 UTC,02:00,
16/09/2024,15/09/2024,0600 UTC,03:00,
16/09/2024,15/09/2024,0700 UTC,04:00,
16/09/2024,15/09/2024,0800 UTC,05:00,
16/09/2024,15/09/2024,0900 UTC,06:00,
16/09/2024,15/09/2024,1000 UTC,07:00,
16/09/2024,15/09/2024,1100 UTC,08:00,
16/09/2024,15/09/2024,1200 UTC,09:00,
16/09/2024,15/09/2024,1300 UTC,10:00,
16/09/2024,15/09/2024,1400 UTC,11:00,
16/09/2024,15/09/2024,1500 UTC,12:00,
16/09/2024,15/09/2024,1600 UTC,13:00,
16/09/2024,15/09/2024,1700 UTC,14:00,
16/09/2024,15/09/2024,1800 UTC,15:00,
16/09/2024,15/09/2024,1900 UTC,16:00,
16/09/2024,15/09/2024,2000 UTC,17:00,
16/09/2024,15/09/2024,2100 UTC,18:00,
16/09/2024,15/09/2024,2200 UTC,19:00,
16/09/2024,15/09/2024,2300 UTC,20:00,
17/09/2024,16/09/2024,0000 UTC,21:00,
17/09/2024,16/09/2024,0100 UTC,22:00,
17/09/2024,16/09/2024,0200 UTC,23:00,
17/09/2024,16/09/2024,0300 UTC,00:00,
17/09/2024,16/09/2024,0400 UTC,01:00,
17/09/2024,16/09/2024,0500 UTC,02:00,
17/09/2024,16/09/2024,0600 UTC,03:00,
17/09/2024,16/09/2024,0700 UTC,04:00,
17/09/2024,16/09/2024,0800 UTC,05:00,
17/09/2024,16/09/2024,0900 UTC,06:00,
17/09/2024,16/09/2024,1000 UTC,07:00,
17/09/2024,16/09/2024,1100 UTC,08:00,
17/09/2024,16/09/2024,1200 UTC,09:00,
17/09/2024,16/09/2024,1300 UTC,10:00,
17/09/2024,16/09/2024,1400 UTC,11:00,
17/09/2024,16/09/2024,1500 UTC,12:00,
17/09/2024,16/09/2024,1600 UTC,13:00,
17/09/2024,16/09/2024,1700 UTC,14:00,
17/09/2024,16/09/2024,1800 UTC,15:00,
17/09/2024,16/09/2024,1900 UTC,16:00,
17/09/2024,16/09/2024,2000 UTC,17:00,
17/09/2024,16/09/2024,2100 UTC,18:00,
17/09/2024,16/09/2024,2200 UTC,19:00,
17/09/2024,16/09/2024,2300 UTC,20:00,
18/09/2024,17/09/2024,0000 UTC,21:00,
18/09/2024,17/09/2024,0100 UTC,22:00,
18/09/2024,17/09/2024,0200 UTC,23:00,
18/09/2024,17/09/2024,0300 UTC,00:00,
18/09/2024,17/09/2024,0400 UTC,01:00,
18/09/2024,17/09/2024,0500 UTC,02:00,
18/09/2024,17/09/2024,0600 UTC,03:00,
18/09/2024,17/09/2024,0700 UTC,04:00,
18/09/2024,17/09/2024,0800 UTC,05:00,
18/09/2024,17/09/2024,0900 UTC,06:00,
18/09/2024,17/09/2024,1000 UTC,07:00,
18/09/2024,17/09/2024,1100 UTC,08:00,
18/09/2024,17/09/2024,1200 UTC,09:00,
18/09/2024,17/09/2024,1300 UTC,10:00,
18/09/2024,17/09/2024,1400 UTC,11:00,
18/09/2024,17/09/2024,1500 UTC,12:00,
18/09/2024,17/09/2024,1600 UTC,13:00,
18/09/2024,17/09/2024,1700 UTC,14:00,
18/09/2024,17/09/2024,1800 UTC,15:00,
18/09/2024,17/09/2024,1900 UTC,16:00,
18/09/2024,17/09/2024,2000 UTC,17:00,
18/09/2024,17/09/2024,2100 UTC,18:00,
18/09/2024,17/09/2024,2200 UTC,19:00,
18/09/2024,17/09/2024,2300 UTC,20:00,
19/09/2024,18/09/2024,0000 UTC,21:00,
19/09/2024,18/09/2024,0100 UTC,22:00,
19/09/2024,18/09/2024,0200 UTC,23:00,
19/09/2024,18/09/2024,0300 UTC,00:00,
19/09/2024,18/09/2024,0400 UTC,01:00,
19/09/2024,18/09/2024,0500 UTC,02:00,
19/09/2024,18/09/2024,0600 UTC,03:00,
19/09/2024,18/09/2024,0700 UTC,04:00,
19/09/2024,18/09/2024,0800 UTC,05:00,
19/09/2024,18/09/2024,0900 UTC,06:00,
19/09/2024,18/09/2024,1000 UTC,07:00,
19/09/2024,18/09/2024,1100 UTC,08:00,
19/09/2024,18/09/2024,1200 UTC,09:00,
19/09/2024,18/09/2024,1300 UTC,10:00,
19/09/2024,18/09/2024,1400 UTC,11:00,
19/09/2024,18/09/2024,1500 UTC,12:00,
19/09/2024,18/09/2024,1600 UTC,13:00,
19/09/2024,18/09/2024,1700 UTC,14:00,
19/09/2024,18/09/2024,1800 UTC,15:00,
19/09/2024,18/09/2024,1900 UTC,16:00,
19/09/2024,18/09/2024,2000 UTC,17:00,
19/09/2024,18/09/2024,2100 UTC,18:00,
19/09/2024,18/09/2024,2200 UTC,19:00,
19/09/2024,18/09/2024,2300 UTC,20:00,
20/09/2024,19/09/2024,0000 UTC,21:00,
20/09/2024,19/09/2024,0100 UTC,22:00,
20/09/2024,19/09/2024,0200 UTC,23:00,
20/09/2024,19/09/2024,0300 UTC,00:00,
20/09/2024,19/09/2024,0400 UTC,01:00,
20/09/2024,19/09/2024,0500 UTC,02:00,
20/09/2024,19/09/2024,0600 UTC,03:00,
20/09/2024,19/09/2024,0700 UTC,04:00,
20/09/2024,19/09/2024,0800 UTC,05:00,
20/09/2024,19/09/2024,0900 UTC,06:00,
20/09/2024,19/09/2024,1000 UTC,07:00,
20/09/2024,19/09/2024,1100 UTC,08:00,
20/09/2024,19/09/2024,1200 UTC,09:00,
20/09/2024,19/09/2024,1300 UTC,10:00,
20/09/2024,19/09/2024,1400 UTC,11:00,
20/09/2024,19/09/2024,1500 UTC,12:00,
20/09/2024,19/09/2024,1600 UTC,13:00,
20/09/2024,19/09/2024,1700 UTC,14:00,
20/09/2024,19/09/2024,1800 UTC,15:00,
20/09/2024,19/09/2024,1900 UTC,16:00,
20/09/2024,19/09/2024,2000 UTC,17:00,
20/09/2024,19/09/2024,2100 UTC,18:00,
20/09/2024,19/09/2024,2200 UTC,19:00,
20/09/2024,19/09/2024,2300 UTC,20:00,
21/09/2024,20/09/2024,0000 UTC,21:00,
21/09/2024,20/09/2024,0100 UTC,22:00,
21/09/2024,20/09/2024,0200 UTC,23:00,
21/09/2024,20/09/2024,0300 UTC,00:00,
21/09/2024,20/09/2024,0400 UTC,01:00,
21/09/2024,20/09/2024,0500 UTC,02:00,
21/09/2024,20/09/2024,0600 UTC,03:00,
21/09/2024,20/09/2024,0700 UTC,04:00,
21/09/2024,20/09/2024,0800 UTC,05:00,
21/09/2024,20/09/2024,0900 UTC,06:00,
21/09/2024,20/09/2024,1000 UTC,07:00,
21/09/2024,20/09/2024,1100 UTC,08:00,
21/09/2024,20/09/2024,1200 UTC,09:00,
21/09/2024,20/09/2024,1300 UTC,10:00,
21/09/2024,20/09/2024,1400 UTC,11:00,
21/09/2024,20/09/2024,1500 UTC,12:00,
21/09/2024,20/09/2024,1600 UTC,13:00,
21/09/2024,20/09/2024,1700 UTC,14:00,
21/09/2024,20/09/2024,1800 UTC,15:00,
21/09/2024,20/09/2024,1900 UTC,16:00,
21/09/2024,20/09/2024,2000 UTC,17:00,
21/09/2024,20/09/2024,2100 UTC,18:00,
21/09/2024,20/09/2024,2200 UTC,19:00,
21/09/2024,20/09/2024,2300 UTC,20:00,
22/09/2024,21/09/2024,0000 UTC,21:00,
22/09/2024,21/09/2024,0100 UTC,22:00,
22/09/2024,21/09/2024,0200 UTC,23:00,
22/09/2024,21/09/2024,0300 UTC,00:00,
22/09/2024,21/09/2024,0400 UTC,01:00,
22/09/2024,21/09/2024,0500 UTC,02:00,
22/09/2024,21/09/2024,0600 UTC,03:00,
22/09/2024,21/09/2024,0700 UTC,04:00,
22/09/2024,21/09/2024,0800 UTC,05:00,
22/09/2024,21/09/2024,0900 UTC,06:00,
22/09/2024,21/09/2024,1000 UTC,07:00,
22/09/2024,21/09/2024,1100 UTC,08:00,
22/09/2024,21/09/2024,1200 UTC,09:00,
22/09/2024,21/09/2024,1300 UTC,10:00,
22/09/2024,21/09/2024,1400 UTC,11:00,
22/09/2024,21/09/2024,1500 UTC,12:00,
22/09/2024,21/09/2024,1600 UTC,13:00,
22/09/2024,21/09/2024,1700 UTC,14:00,
22/09/2024,21/09/2024,1800 UTC,15:00,
22/09/2024,21/09/2024,1900 UTC,16:00,
22/09/2024,21/09/2024,2000 UTC,17:00,
22/09/2024,21/09/2024,2100 UTC,18:00,
22/09/2024,21/09/2024,2200 UTC,19:00,
22/09/2024,21/09/2024,2300 UTC,20:00,
23/09/2024,22/09/2024,0000 UTC,21:00,
23/09/2024,22/09/2024,0100 UTC,22:00,
23/09/2024,22/09/2024,0200 UTC,23:00,
23/09/2024,22/09/2024,0300 UTC,00:00,
23/09/2024,22/09/2024,0400 UTC,01:00,
23/09/2024,22/09/2024,0500 UTC,02:00,
23/09/2024,22/09/2024,0600 UTC,03:00,
23/09/2024,22/09/2024,0700 UTC,04:00,
23/09/2024,22/09/2024,0800 UTC,05:00,
23/09/2024,22/09/2024,0900 UTC,06:00,
23/09/2024,22/09/2024,1000 UTC,07:00,
23/09/2024,22/09/2024,1100 UTC,08:00,
23/09/2024,22/09/2024,1200 UTC,09:00,
23/09/2024,22/09/2024,1300 UTC,10:00,
23/09/2024,22/09/2024,1400 UTC,11:00,
23/09/2024,22/09/2024,1500 UTC,12:00,
23/09/2024,22/09/2024,1600 UTC,13:00,
23/09/2024,22/09/2024,1700 UTC,14:00,
23/09/2024,22/09/2024,1800 UTC,15:00,
23/09/2024,22/09/2024,1900 UTC,16:00,
23/09/2024,22/09/2024,2000 UTC,17:00,
23/09/2024,22/09/2024,2100 UTC,18:00,
23/09/2024,22/09/2024,2200 UTC,19:00,
23/09/2024,22/09/2024,2300 UTC,20:00,
24/09/2024,23/09/2024,0000 UTC,21:00,
24/09/2024,23/09/2024,0100 UTC,22:00,
24/09/2024,23/09/2024,0200 UTC,23:00,
24/09/2024,23/09/2024,0300 UTC,00:00,
24/09/2024,23/09/2024,0400 UTC,01:00,
24/09/2024,23/09/2024,0500 UTC,02:00,
24/09/2024,23/09/2024,0600 UTC,03:00,
24/09/2024,23/09/2024,0700 UTC,04:00,
24/09/2024,23/09/2024,0800 UTC,05:00,
24/09/2024,23/09/2024,0900 UTC,06:00,
24/09/2024,23/09/2024,1000 UTC,07:00,
24/09/2024,23/09/2024,1100 UTC,08:00,
24/09/2024,23/09/2024,1200 UTC,09:00,
24/09/2024,23/09/2024,1300 UTC,10:00,
24/09/2024,23/09/2024,1400 UTC,11:00,
24/09/2024,23/09/2024,1500 UTC,12:00,
24/09/2024,23/09/2024,1600 UTC,13:00,
24/09/2024,23/09/2024,1700 UTC,14:00,
24/09/2024,23/09/2024,1800 UTC,15:00,
24/09/2024,23/09/2024,1900 UTC,16:00,
24/09/2024,23/09/2024,2000 UTC,17:00,
24/09/2024,23/09/2024,2100 UTC,18:00,
24/09/2024,23/09/2024,2200 UTC,19:00,
24/09/2024,23/09/2024,2300 UTC,20:00,
25/09/2024,24/09/2024,0000 UTC,21:00,
25/09/2024,24/09/2024,0100 UTC,22:00,
25/09/2024,24/09/2024,0200 UTC,23:00,
25/09/2024,24/09/2024,0300 UTC,00:00,
25/09/2024,24/09/2024,0400 UTC,01:00,
25/09/2024,24/09/2024,0500 UTC,02:00,
25/09/2024,24/09/2024,0600 UTC,03:00,
25/09/2024,24/09/2024,0700 UTC,04:00,
25/09/2024,24/09/2024,0800 UTC,05:00,
25/09/2024,24/09/2024,0900 UTC,06:00,
25/09/2024,24/09/2024,1000 UTC,07:00,
25/09/2024,24/09/2024,1100 UTC,08:00,
25/09/2024,24/09/2024,1200 UTC,09:00,
25/09/2024,24/09/2024,1300 UTC,10:00,
25/09/2024,24/09/2024,1400 UTC,11:00,
25/09/2024,24/09/2024,1500 UTC,12:00,
25/09/2024,24/09/2024,1600 UTC,13:00,
25/09/2024,24/09/2024,1700 UTC,14:00,
25/09/2024,24/09/2024,1800 UTC,15:00,
25/09/2024,24/09/2024,1900 UTC,16:00,
25/09/2024,24/09/2024,2000 UTC,17:00,
25/09/2024,24/09/2024,2100 UTC,18:00,
25/09/2024,24/09/2024,2200 UTC,19:00,
25/09/2024,24/09/2024,2300 UTC,20:00,
26/09/2024,25/09/2024,0000 UTC,21:00,
26/09/2024,25/09/2024,0100 UTC,22:00,
26/09/2024,25/09/2024,0200 UTC,23:00,
26/09/2024,25/09/2024,0300 UTC,00:00,
26/09/2024,25/09/2024,0400 UTC,01:00,
26/09/2024,25/09/2024,0500 UTC,02:00,
26/09/2024,25/09/2024,0600 UTC,03:00,
26/09/2024,25/09/2024,0700 UTC,04:00,
26/09/2024,25/09/2024,0800 UTC,05:00,
26/09/2024,25/09/2024,0900 UTC,06:00,
26/09/2024,25/09/2024,1000 UTC,07:00,
26/09/2024,25/09/2024,1100 UTC,08:00,
26/09/2024,25/09/2024,1200 UTC,09:00,
26/09/2024,25/09/2024,1300 UTC,10:00,
26/09/2024,25/09/2024,1400 UTC,11:00,
26/09/2024,25/09/2024,1500 UTC,12:00,
26/09/2024,25/09/2024,1600 UTC,13:00,
26/09/2024,25/09/2024,1700 UTC,14:00,
26/09/2024,25/09/2024,1800 UTC,15:00,
26/09/2024,25/09/2024,1900 UTC,16:00,
26/09/2024,25/09/2024,2000 UTC,17:00,
26/09/2024,25/09/2024,2100 UTC,18:00,
26/09/2024,25/09/2024,2200 UTC,19:00,
26/09/2024,25/09/2024,2300 UTC,20:00,
27/09/2024,26/09/2024,0000 UTC,21:00,
27/09/2024,26/09/2024,0100 UTC,22:00,
27/09/2024,26/09/2024,0200 UTC,23:00,
27/09/2024,26/09/2024,0300 UTC,00:00,
27/09/2024,26/09/2024,0400 UTC,01:00,
27/09/2024,26/09/2024,0500 UTC,02:00,
27/09/2024,26/09/2024,0600 UTC,03:00,
27/09/2024,26/09/2024,0700 UTC,04:00,
27/09/2024,26/09/2024,0800 UTC,05:00,
27/09/2024,26/09/2024,0900 UTC,06:00,
27/09/2024,26/09/2024,1000 UTC,07:00,
27/09/2024,26/09/2024,1100 UTC,08:00,
27/09/2024,26/09/2024,1200 UTC,09:00,
27/09/2024,26/09/2024,1300 UTC,10:00,
27/09/2024,26/09/2024,1400 UTC,11:00,
27/09/2024,26/09/2024,1500 UTC,12:00,
27/09/2024,26/09/2024,1600 UTC,13:00,
27/09/2024,26/09/2024,1700 UTC,14:00,
27/09/2024,26/09/2024,1800 UTC,15:00,
27/09/2024,26/09/2024,1900 UTC,16:00,
27/09/2024,26/09/2024,2000 UTC,17:00,
27/09/2024,26/09/2024,2100 UTC,18:00,
27/09/2024,26/09/2024,2200 UTC,19:00,
27/09/2024,26/09/2024,2300 UTC,20:00,
28/09/2024,27/09/2024,0000 UTC,21:00,
28/09/2024,27/09/2024,0100 UTC,22:00,
28/09/2024,27/09/2024,0200 UTC,23:00,
28/09/2024,27/09/2024,0300 UTC,00:00,
28/09/2024,27/09/2024,0400 UTC,01:00,
28/09/2024,27/09/2024,0500 UTC,02:00,
28/09/2024,27/09/2024,0600 UTC,03:00,
28/09/2024,27/09/2024,0700 UTC,04:00,
28/09/2024,27/09/2024,0800 UTC,05:00,
28/09/2024,27/09/2024,0900 UTC,06:00,
28/09/2024,27/09/2024,1000 UTC,07:00,
28/09/2024,27/09/2024,1100 UTC,08:00,
28/09/2024,27/09/2024,1200 UTC,09:00,
28/09/2024,27/09/2024,1300 UTC,10:00,
28/09/2024,27/09/2024,1400 UTC,11:00,
28/09/2024,27/09/2024,1500 UTC,12:00,
28/09/2024,27/09/2024,1600 UTC,13:00,
28/09/2024,27/09/2024,1700 UTC,14:00,
28/09/2024,27/09/2024,1800 UTC,15:00,
28/09/2024,27/09/2024,1900 UTC,16:00,
28/09/2024,27/09/2024,2000 UTC,17:00,
28/09/2024,27/09/2024,2100 UTC,18:00,
28/09/2024,27/09/2024,2200 UTC,19:00,
28/09/2024,27/09/2024,2300 UTC,20:00,
29/09/2024,28/09/2024,0000 UTC,21:00,
29/09/2024,28/09/2024,0100 UTC,22:00,
29/09/2024,28/09/2024,0200 UTC,23:00,
29/09/2024,28/09/2024,0300 UTC,00:00,
29/09/2024,28/09/2024,0400 UTC,01:00,
29/09/2024,28/09/2024,0500 UTC,02:00,
29/09/2024,28/09/2024,0600 UTC,03:00,
29/09/2024,28/09/2024,0700 UTC,04:00,
29/09/2024,28/09/2024,0800 UTC,05:00,
29/09/2024,28/09/2024,0900 UTC,06:00,
29/09/2024,28/09/2024,1000 UTC,07:00,
29/09/2024,28/09/2024,1100 UTC,08:00,
29/09/2024,28/09/2024,1200 UTC,09:00,
29/09/2024,28/09/2024,1300 UTC,10:00,
29/09/2024,28/09/2024,1400 UTC,11:00,
29/09/2024,28/09/2024,1500 UTC,12:00,
29/09/2024,28/09/2024,1600 UTC,13:00,
29/09/2024,28/09/2024,1700 UTC,14:00,
29/09/2024,28/09/2024,1800 UTC,15:00,
29/09/2024,28/09/2024,1900 UTC,16:00,
29/09/2024,28/09/2024,2000 UTC,17:00,
29/09/2024,28/09/2024,2100 UTC,18:00,
29/09/2024,28/09/2024,2200 UTC,19:00,
29/09/2024,28/09/2024,2300 UTC,20:00,
30/09/2024,29/09/2024,0000 UTC,21:00,
30/09/2024,29/09/2024,0100 UTC,22:00,
30/09/2024,29/09/2024,0200 UTC,23:00,
30/09/2024,29/09/2024,0300 UTC,00:00,
30/09/2024,29/09/2024,0400 UTC,01:00,
30/09/2024,29/09/2024,0500 UTC,02:00,
30/09/2024,29/09/2024,0600 UTC,03:00,
30/09/2024,29/09/2024,0700 UTC,04:00,
30/09/2024,29/09/2024,0800 UTC,05:00,
30/09/2024,29/09/2024,0900 UTC,06:00,
30/09/2024,29/09/2024,1000 UTC,07:00,
30/09/2024,29/09/2024,1100 UTC,08:00,
30/09/2024,29/09/2024,1200 UTC,09:00,
30/09/2024,29/09/2024,1300 UTC,10:00,
30/09/2024,29/09/2024,1400 UTC,11:00,
30/09/2024,29/09/2024,1500 UTC,12:00,
30/09/2024,29/09/2024,1600 UTC,13:00,
30/09/2024,29/09/2024,1700 UTC,14:00,
30/09/2024,29/09/2024,1800 UTC,15:00,
30/09/2024,29/09/2024,1900 UTC,16:00,
30/09/2024,29/09/2024,2000 UTC,17:00,
30/09/2024,29/09/2024,2100 UTC,18:00,
30/09/2024,29/09/2024,2200 UTC,19:00,
30/09/2024,29/09/2024,2300 UTC,20:00,
01/10/2024,30/09/2024,0000 UTC,21:00,
01/10/2024,30/09/2024,0100 UTC,22:00,
01/10/2024,30/09/2024,0200 UTC,23:00,
01/10/2024,30/09/2024,0300 UTC,00:00,
01/10/2024,30/09/2024,0400 UTC,01:00,
01/10/2024,30/09/2024,0500 UTC,02:00,
01/10/2024,30/09/2024,0600 UTC,03:00,
01/10/2024,30/09/2024,0700 UTC,04:00,
01/10/2024,30/09/2024,0800 UTC,05:00,
01/10/2024,30/09/2024,0900 UTC,06:00,
01/10/2024,30/09/2024,1000 UTC,07:00,
01/10/2024,30/09/2024,1100 UTC,08:00,
01/10/2024,30/09/2024,1200 UTC,09:00,
01/10/2024,30/09/2024,1300 UTC,10:00,
01/10/2024,30/09/2024,1400 UTC,11:00,
01/10/2024,30/09/2024,1500 UTC,12:00,
01/10/2024,30/09/2024,1600 UTC,13:00,
01/10/2024,30/09/2024,1700 UTC,14:00,
01/10/2024,30/09/2024,1800 UTC,15:00,
01/10/2024,30/09/2024,1900 UTC,16:00,
01/10/2024,30/09/2024,2000 UTC,17:00,
01/10/2024,30/09/2024,2100 UTC,18:00,
01/10/2024,30/09/2024,2200 UTC,19:00,
01/10/2024,30/09/2024,2300 UTC,20:00,
02/10/2024,01/10/2024,0000 UTC,21:00,
02/10/2024,01/10/2024,0100 UTC,22:00,
02/10/2024,01/10/2024,0200 UTC,23:00,
02/10/2024,01/10/2024,0300 UTC,00:00,
02/10/2024,01/10/2024,0400 UTC,01:00,
02/10/2024,01/10/2024,0500 UTC,02:00,
02/10/2024,01/10/2024,0600 UTC,03:00,
02/10/2024,01/10/2024,0700 UTC,04:00,
02/10/2024,01/10/2024,0800 UTC,05:00,
02/10/2024,01/10/2024,0900 UTC,06:00,
02/10/2024,01/10/2024,1000 UTC,07:00,
02/10/2024,01/10/2024,1100 UTC,08:00,
02/10/2024,01/10/2024,1200 UTC,09:00,
02/10/2024,01/10/2024,1300 UTC,10:00,
02/10/2024,01/10/2024,1400 UTC,11:00,
02/10/2024,01/10/2024,1500 UTC,12:00,
02/10/2024,01/10/2024,1600 UTC,13:00,
02/10/2024,01/10/2024,1700 UTC,14:00,
02/10/2024,01/10/2024,1800 UTC,15:00,
02/10/2024,01/10/2024,1900 UTC,16:00,
02/10/2024,01/10/2024,2000 UTC,17:00,
02/10/2024,01/10/2024,2100 UTC,18:00,
02/10/2024,01/10/2024,2200 UTC,19:00,
02/10/2024,01/10/2024,2300 UTC,20:00,
03/10/2024,02/10/2024,0000 UTC,21:00,
03/10/2024,02/10/2024,0100 UTC,22:00,
03/10/2024,02/10/2024,0200 UTC,23:00,
03/10/2024,02/10/2024,0300 UTC,00:00,
03/10/2024,02/10/2024,0400 UTC,01:00,
03/10/2024,02/10/2024,0500 UTC,02:00,
03/10/2024,02/10/2024,0600 UTC,03:00,
03/10/2024,02/10/2024,0700 UTC,04:00,
03/10/2024,02/10/2024,0800 UTC,05:00,
03/10/2024,02/10/2024,0900 UTC,06:00,
03/10/2024,02/10/2024,1000 UTC,07:00,
03/10/2024,02/10/2024,1100 UTC,08:00,
03/10/2024,02/10/2024,1200 UTC,09:00,
03/10/2024,02/10/2024,1300 UTC,10:00,
03/10/2024,02/10/2024,1400 UTC,11:00,
03/10/2024,02/10/2024,1500 UTC,12:00,
03/10/2024,02/10/2024,1600 UTC,13:00,
03/10/2024,02/10/2024,1700 UTC,14:00,
03/10/2024,02/10/2024,1800 UTC,15:00,
03/10/2024,02/10/2024,1900 UTC,16:00,
03/10/2024,02/10/2024,2000 UTC,17:00,
03/10/2024,02/10/2024,2100 UTC,18:00,
03/10/2024,02/10/2024,2200 UTC,19:00,
03/10/2024,02/10/2024,2300 UTC,20:00,
04/10/2024,03/10/2024,0000 UTC,21:00,
04/10/2024,03/10/2024,0100 UTC,22:00,
04/10/2024,03/10/2024,0200 UTC,23:00,
04/10/2024,03/10/2024,0300 UTC,00:00,
04/10/2024,03/10/2024,0400 UTC,01:00,
04/10/2024,03/10/2024,0500 UTC,02:00,
04/10/2024,03/10/2024,0600 UTC,03:00,
04/10/2024,03/10/2024,0700 UTC,04:00,
04/10/2024,03/10/2024,0800 UTC,05:00,
04/10/2024,03/10/2024,0900 UTC,06:00,
04/10/2024,03/10/2024,1000 UTC,07:00,
04/10/2024,03/10/2024,1100 UTC,08:00,
04/10/2024,03/10/2024,1200 UTC,09:00,
04/10/2024,03/10/2024,1300 UTC,10:00,
04/10/2024,03/10/2024,1400 UTC,11:00,
04/10/2024,03/10/2024,1500 UTC,12:00,
04/10/2024,03/10/2024,1600 UTC,13:00,
04/10/2024,03/10/2024,1700 UTC,14:00,
04/10/2024,03/10/2024,1800 UTC,15:00,
04/10/2024,03/10/2024,1900 UTC,16:00,
04/10/2024,03/10/2024,2000 UTC,17:00,
04/10/2024,03/10/2024,2100 UTC,18:00,
04/10/2024,03/10/2024,2200 UTC,19:00,
04/10/2024,03/10/2024,2300 UTC,20:00,
05/10/2024,04/10/2024,0000 UTC,21:00,
05/10/2024,04/10/2024,0100 UTC,22:00,
05/10/2024,04/10/2024,0200 UTC,23:00,
05/10/2024,04/10/2024,0300 UTC,00:00,
05/10/2024,04/10/2024,0400 UTC,01:00,
05/10/2024,04/10/2024,0500 UTC,02:00,
05/10/2024,04/10/2024,0600 UTC,03:00,
05/10/2024,04/10/2024,0700 UTC,04:00,
05/10/2024,04/10/2024,0800 UTC,05:00,
05/10/2024,04/10/2024,0900 UTC,06:00,
05/10/2024,04/10/2024,1000 UTC,07:00,
05/10/2024,04/10/2024,1100 UTC,08:00,
05/10/2024,04/10/2024,1200 UTC,09:00,
05/10/2024,04/10/2024,1300 UTC,10:00,
05/10/2024,04/10/2024,1400 UTC,11:00,
05/10/2024,04/10/2024,1500 UTC,12:00,
05/10/2024,04/10/2024,1600 UTC,13:00,
05/10/2024,04/10/2024,1700 UTC,14:00,
05/10/2024,04/10/2024,1800 UTC,15:00,
05/10/2024,04/10/2024,1900 UTC,16:00,
05/10/2024,04/10/2024,2000 UTC,17:00,
05/10/2024,04/10/2024,2100 UTC,18:00,
05/10/2024,04/10/2024,2200 UTC,19:00,
05/10/2024,04/10/2024,2300 UTC,20:00,
06/10/2024,05/10/2024,0000 UTC,21:00,
06/10/2024,05/10/2024,0100 UTC,22:00,
06/10/2024,05/10/2024,0200 UTC,23:00,
06/10/2024,05/10/2024,0300 UTC,00:00,
06/10/2024,05/10/2024,0400 UTC,01:00,
06/10/2024,05/10/2024,0500 UTC,02:00,
06/10/2024,05/10/2024,0600 UTC,03:00,
06/10/2024,05/10/2024,0700 UTC,04:00,
06/10/2024,05/10/2024,0800 UTC,05:00,
06/10/2024,05/10/2024,0900 UTC,06:00,
06/10/2024,05/10/2024,1000 UTC,07:00,
06/10/2024,05/10/2024,1100 UTC,08:00,
06/10/2024,05/10/2024,1200 UTC,09:00,
06/10/2024,05/10/2024,1300 UTC,10:00,
06/10/2024,05/10/2024,1400 UTC,11:00,
06/10/2024,05/10/2024,1500 UTC,12:00,
06/10/2024,05/10/2024,1600 UTC,13:00,
06/10/2024,05/10/2024,1700 UTC,14:00,
06/10/2024,05/10/2024,1800 UTC,15:00,
06/10/2024,05/10/2024,1900 UTC,16:00,
06/10/2024,05/10/2024,2000 UTC,17:00,
06/10/2024,05/10/2024,2100 UTC,18:00,
06/10/2024,05/10/2024,2200 UTC,19:00,
06/10/2024,05/10/2024,2300 UTC,20:00,
07/10/2024,06/10/2024,0000 UTC,21:00,
07/10/2024,06/10/2024,0100 UTC,22:00,
07/10/2024,06/10/2024,0200 UTC,23:00,
07/10/2024,06/10/2024,0300 UTC,00:00,
07/10/2024,06/10/2024,0400 UTC,01:00,
07/10/2024,06/10/2024,0500 UTC,02:00,
07/10/2024,06/10/2024,0600 UTC,03:00,
07/10/2024,06/10/2024,0700 UTC,04:00,
07/10/2024,06/10/2024,0800 UTC,05:00,
07/10/2024,06/10/2024,0900 UTC,06:00,
07/10/2024,06/10/2024,1000 UTC,07:00,
07/10/2024,06/10/2024,1100 UTC,08:00,
07/10/2024,06/10/2024,1200 UTC,09:00,
07/10/2024,06/10/2024,1300 UTC,10:00,
07/10/2024,06/10/2024,1400 UTC,11:00,
07/10/2024,06/10/2024,1500 UTC,12:00,
07/10/2024,06/10/2024,1600 UTC,13:00,
07/10/2024,06/10/2024,1700 UTC,14:00,
07/10/2024,06/10/2024,1800 UTC,15:00,
07/10/2024,06/10/2024,1900 UTC,16:00,
07/10/2024,06/10/2024,2000 UTC,17:00,
07/10/2024,06/10/2024,2100 UTC,18:00,
07/10/2024,06/10/2024,2200 UTC,19:00,
07/10/2024,06/10/2024,2300 UTC,20:00,
08/10/2024,07/10/2024,0000 UTC,21:00,
08/10/2024,07/10/2024,0100 UTC,22:00,
08/10/2024,07/10/2024,0200 UTC,23:00,
08/10/2024,07/10/2024,0300 UTC,00:00,
08/10/2024,07/10/2024,0400 UTC,01:00,
08/10/2024,07/10/2024,0500 UTC,02:00,
08/10/2024,07/10/2024,0600 UTC,03:00,
08/10/2024,07/10/2024,0700 UTC,04:00,
08/10/2024,07/10/2024,0800 UTC,05:00,
08/10/2024,07/10/2024,0900 UTC,06:00,
08/10/2024,07/10/2024,1000 UTC,07:00,
08/10/2024,07/10/2024,1100 UTC,08:00,
08/10/2024,07/10/2024,1200 UTC,09:00,
08/10/2024,07/10/2024,1300 UTC,10:00,
08/10/2024,07/10/2024,1400 UTC,11:00,
08/10/2024,07/10/2024,1500 UTC,12:00,
08/10/2024,07/10/2024,1600 UTC,13:00,
08/10/2024,07/10/2024,1700 UTC,14:00,
08/10/2024,07/10/2024,1800 UTC,15:00,
08/10/2024,07/10/2024,1900 UTC,16:00,
08/10/2024,07/10/2024,2000 UTC,17:00,
08/10/2024,07/10/2024,2100 UTC,18:00,
08/10/2024,07/10/2024,2200 UTC,19:00,
08/10/2024,07/10/2024,2300 UTC,20:00,
09/10/2024,08/10/2024,0000 UTC,21:00,
09/10/2024,08/10/2024,0100 UTC,22:00,
09/10/2024,08/10/2024,0200 UTC,23:00,
09/10/2024,08/10/2024,0300 UTC,00:00,
09/10/2024,08/10/2024,0400 UTC,01:00,
09/10/2024,08/10/2024,0500 UTC,02:00,
09/10/2024,08/10/2024,0600 UTC,03:00,
09/10/2024,08/10/2024,0700 UTC,04:00,
09/10/2024,08/10/2024,0800 UTC,05:00,
09/10/2024,08/10/2024,0900 UTC,06:00,
09/10/2024,08/10/2024,1000 UTC,07:00,
09/10/2024,08/10/2024,1100 UTC,08:00,
09/10/2024,08/10/2024,1200 UTC,09:00,
09/10/2024,08/10/2024,1300 UTC,10:00,
09/10/2024,08/10/2024,1400 UTC,11:00,
09/10/2024,08/10/2024,1500 UTC,12:00,
09/10/2024,08/10/2024,1600 UTC,13:00,
09/10/2024,08/10/2024,1700 UTC,14:00,
09/10/2024,08/10/2024,1800 UTC,15:00,
09/10/2024,08/10/2024,1900 UTC,16:00,
09/10/2024,08/10/2024,2000 UTC,17:00,
09/10/2024,08/10/2024,2100 UTC,18:00,
09/10/2024,08/10/2024,2200 UTC,19:00,
09/10/2024,08/10/2024,2300 UTC,20:00,
10/10/2024,09/10/2024,0000 UTC,21:00,
10/10/2024,09/10/2024,0100 UTC,22:00,
10/10/2024,09/10/2024,0200 UTC,23:00,
10/10/2024,09/10/2024,0300 UTC,00:00,
10/10/2024,09/10/2024,0400 UTC,01:00,
10/10/2024,09/10/2024,0500 UTC,02:00,
10/10/2024,09/10/2024,0600 UTC,03:00,
10/10/2024,09/10/2024,0700 UTC,04:00,
10/10/2024,09/10/2024,0800 UTC,05:00,
10/10/2024,09/10/2024,0900 UTC,06:00,
10/10/2024,09/10/2024,1000 UTC,07:00,
10/10/2024,09/10/2024,1100 UTC,08:00,
10/10/2024,09/10/2024,1200 UTC,09:00,
10/10/2024,09/10/2024,1300 UTC,10:00,
10/10/2024,09/10/2024,1400 UTC,11:00,
10/10/2024,09/10/2024,1500 UTC,12:00,
10/10/2024,09/10/2024,1600 UTC,13:00,
10/10/2024,09/10/2024,1700 UTC,14:00,
10/10/2024,09/10/2024,1800 UTC,15:00,
10/10/2024,09/10/2024,1900 UTC,16:00,
10/10/2024,09/10/2024,2000 UTC,17:00,
10/10/2024,09/10/2024,2100 UTC,18:00,
10/10/2024,09/10/2024,2200 UTC,19:00,
10/10/2024,09/10/2024,2300 UTC,20:00,
11/10/2024,10/10/2024,0000 UTC,21:00,
11/10/2024,10/10/2024,0100 UTC,22:00,
11/10/2024,10/10/2024,0200 UTC,23:00,
11/10/2024,10/10/2024,0300 UTC,00:00,
11/10/2024,10/10/2024,0400 UTC,01:00,
11/10/2024,10/10/2024,0500 UTC,02:00,
11/10/2024,10/10/2024,0600 UTC,03:00,
11/10/2024,10/10/2024,0700 UTC,04:00,
11/10/2024,10/10/2024,0800 UTC,05:00,
11/10/2024,10/10/2024,0900 UTC,06:00,
11/10/2024,10/10/2024,1000 UTC,07:00,
11/10/2024,10/10/2024,1100 UTC,08:00,
11/10/2024,10/10/2024,1200 UTC,09:00,
11/10/2024,10/10/2024,1300 UTC,10:00,
11/10/2024,10/10/2024,1400 UTC,11:00,
11/10/2024,10/10/2024,1500 UTC,12:00,
11/10/2024,10/10/2024,1600 UTC,13:00,
11/10/2024,10/10/2024,1700 UTC,14:00,
11/10/2024,10/10/2024,1800 UTC,15:00,
11/10/2024,10/10/2024,1900 UTC,16:00,
11/10/2024,10/10/2024,2000 UTC,17:00,
11/10/2024,10/10/2024,2100 UTC,18:00,
11/10/2024,10/10/2024,2200 UTC,19:00,
11/10/2024,10/10/2024,2300 UTC,20:00,
12/10/2024,11/10/2024,0000 UTC,21:00,
12/10/2024,11/10/2024,0100 UTC,22:00,
12/10/2024,11/10/2024,0200 UTC,23:00,
12/10/2024,11/10/2024,0300 UTC,00:00,
12/10/2024,11/10/2024,0400 UTC,01:00,
12/10/2024,11/10/2024,0500 UTC,02:00,
12/10/2024,11/10/2024,0600 UTC,03:00,
12/10/2024,11/10/2024,0700 UTC,04:00,
12/10/2024,11/10/2024,0800 UTC,05:00,
12/10/2024,11/10/2024,0900 UTC,06:00,
12/10/2024,11/10/2024,1000 UTC,07:00,
12/10/2024,11/10/2024,1100 UTC,08:00,
12/10/2024,11/10/2024,1200 UTC,09:00,
12/10/2024,11/10/2024,1300 UTC,10:00,
12/10/2024,11/10/2024,1400 UTC,11:00,
12/10/2024,11/10/2024,1500 UTC,12:00,
12/10/2024,11/10/2024,1600 UTC,13:00,
12/10/2024,11/10/2024,1700 UTC,14:00,
12/10/2024,11/10/2024,1800 UTC,15:00,
12/10/2024,11/10/2024,1900 UTC,16:00,
12/10/2024,11/10/2024,2000 UTC,17:00,
12/10/2024,11/10/2024,2100 UTC,18:00,
12/10/2024,11/10/2024,2200 UTC,19:00,
12/10/2024,11/10/2024,2300 UTC,20:00,
13/10/2024,12/10/2024,0000 UTC,21:00,
13/10/2024,12/10/2024,0100 UTC,22:00,
13/10/2024,12/10/2024,0200 UTC,23:00,
13/10/2024,12/10/2024,0300 UTC,00:00,
13/10/2024,12/10/2024,0400 UTC,01:00,
13/10/2024,12/10/2024,0500 UTC,02:00,
13/10/2024,12/10/2024,0600 UTC,03:00,
13/10/2024,12/10/2024,0700 UTC,04:00,
13/10/2024,12/10/2024,0800 UTC,05:00,
13/10/2024,12/10/2024,0900 UTC,06:00,
13/10/2024,12/10/2024,1000 UTC,07:00,
13/10/2024,12/10/2024,1100 UTC,08:00,
13/10/2024,12/10/2024,1200 UTC,09:00,
13/10/2024,12/10/2024,1300 UTC,10:00,
13/10/2024,12/10/2024,1400 UTC,11:00,
13/10/2024,12/10/2024,1500 UTC,12:00,
13/10/2024,12/10/2024,1600 UTC,13:00,
13/10/2024,12/10/2024,1700 UTC,14:00,
13/10/2024,12/10/2024,1800 UTC,15:00,
13/10/2024,12/10/2024,1900 UTC,16:00,
13/10/2024,12/10/2024,2000 UTC,17:00,
13/10/2024,12/10/2024,2100 UTC,18:00,
13/10/2024,12/10/2024,2200 UTC,19:00,
13/10/2024,12/10/2024,2300 UTC,20:00,
14/10/2024,13/10/2024,0000 UTC,21:00,
14/10/2024,13/10/2024,0100 UTC,22:00,
14/10/2024,13/10/2024,0200 UTC,23:00,
14/10/2024,13/10/2024,0300 UTC,00:00,
14/10/2024,13/10/2024,0400 UTC,01:00,
14/10/2024,13/10/2024,0500 UTC,02:00,
14/10/2024,13/10/2024,0600 UTC,03:00,
14/10/2024,13/10/2024,0700 UTC,04:00,
14/10/2024,13/10/2024,0800 UTC,05:00,
14/10/2024,13/10/2024,0900 UTC,06:00,
14/10/2024,13/10/2024,1000 UTC,07:00,
14/10/2024,13/10/2024,1100 UTC,08:00,
14/10/2024,13/10/2024,1200 UTC,09:00,
14/10/2024,13/10/2024,1300 UTC,10:00,
14/10/2024,13/10/2024,1400 UTC,11:00,
14/10/2024,13/10/2024,1500 UTC,12:00,
14/10/2024,13/10/2024,1600 UTC,13:00,
14/10/2024,13/10/2024,1700 UTC,14:00,
14/10/2024,13/10/2024,1800 UTC,15:00,
14/10/2024,13/10/2024,1900 UTC,16:00,
14/10/2024,13/10/2024,2000 UTC,17:00,
14/10/2024,13/10/2024,2100 UTC,18:00,
14/10/2024,13/10/2024,2200 UTC,19:00,
14/10/2024,13/10/2024,2300 UTC,20:00,
15/10/2024,14/10/2024,0000 UTC,21:00,
15/10/2024,14/10/2024,0100 UTC,22:00,
15/10/2024,14/10/2024,0200 UTC,23:00,
15/10/2024,14/10/2024,0300 UTC,00:00,
15/10/2024,14/10/2024,0400 UTC,01:00,
15/10/2024,14/10/2024,0500 UTC,02:00,
15/10/2024,14/10/2024,0600 UTC,03:00,
15/10/2024,14/10/2024,0700 UTC,04:00,
15/10/2024,14/10/2024,0800 UTC,05:00,
15/10/2024,14/10/2024,0900 UTC,06:00,
15/10/2024,14/10/2024,1000 UTC,07:00,
15/10/2024,14/10/2024,1100 UTC,08:00,
15/10/2024,14/10/2024,1200 UTC,09:00,
15/10/2024,14/10/2024,1300 UTC,10:00,
15/10/2024,14/10/2024,1400 UTC,11:00,
15/10/2024,14/10/2024,1500 UTC,12:00,
15/10/2024,14/10/2024,1600 UTC,13:00,
15/10/2024,14/10/2024,1700 UTC,14:00,
15/10/2024,14/10/2024,1800 UTC,15:00,
15/10/2024,14/10/2024,1900 UTC,16:00,
15/10/2024,14/10/2024,2000 UTC,17:00,
15/10/2024,14/10/2024,2100 UTC,18:00,
15/10/2024,14/10/2024,2200 UTC,19:00,
15/10/2024,14/10/2024,2300 UTC,20:00,
16/10/2024,15/10/2024,0000 UTC,21:00,
16/10/2024,15/10/2024,0100 UTC,22:00,
16/10/2024,15/10/2024,0200 UTC,23:00,
16/10/2024,15/10/2024,0300 UTC,00:00,
16/10/2024,15/10/2024,0400 UTC,01:00,
16/10/2024,15/10/2024,0500 UTC,02:00,
16/10/2024,15/10/2024,0600 UTC,03:00,
16/10/2024,15/10/2024,0700 UTC,04:00,
16/10/2024,15/10/2024,0800 UTC,05:00,
16/10/2024,15/10/2024,0900 UTC,06:00,
16/10/2024,15/10/2024,1000 UTC,07:00,
16/10/2024,15/10/2024,1100 UTC,08:00,
16/10/2024,15/10/2024,1200 UTC,09:00,
16/10/2024,15/10/2024,1300 UTC,10:00,
16/10/2024,15/10/2024,1400 UTC,11:00,
16/10/2024,15/10/2024,1500 UTC,12:00,
16/10/2024,15/10/2024,1600 UTC,13:00,
16/10/2024,15/10/2024,1700 UTC,14:00,
16/10/2024,15/10/2024,1800 UTC,15:00,
16/10/2024,15/10/2024,1900 UTC,16:00,
16/10/2024,15/10/2024,2000 UTC,17:00,
16/10/2024,15/10/2024,2100 UTC,18:00,
16/10/2024,15/10/2024,2200 UTC,19:00,
16/10/2024,15/10/2024,2300 UTC,20:00,
17/10/2024,16/10/2024,0000 UTC,21:00,
17/10/2024,16/10/2024,0100 UTC,22:00,
17/10/2024,16/10/2024,0200 UTC,23:00,
17/10/2024,16/10/2024,0300 UTC,00:00,
17/10/2024,16/10/2024,0400 UTC,01:00,
17/10/2024,16/10/2024,0500 UTC,02:00,
17/10/2024,16/10/2024,0600 UTC,03:00,
17/10/2024,16/10/2024,0700 UTC,04:00,
17/10/2024,16/10/2024,0800 UTC,05:00,
17/10/2024,16/10/2024,0900 UTC,06:00,
17/10/2024,16/10/2024,1000 UTC,07:00,
17/10/2024,16/10/2024,1100 UTC,08:00,
17/10/2024,16/10/2024,1200 UTC,09:00,
17/10/2024,16/10/2024,1300 UTC,10:00,
17/10/2024,16/10/2024,1400 UTC,11:00,
17/10/2024,16/10/2024,1500 UTC,12:00,
17/10/2024,16/10/2024,1600 UTC,13:00,
17/10/2024,16/10/2024,1700 UTC,14:00,
17/10/2024,16/10/2024,1800 UTC,15:00,
17/10/2024,16/10/2024,1900 UTC,16:00,
17/10/2024,16/10/2024,2000 UTC,17:00,
17/10/2024,16/10/2024,2100 UTC,18:00,
17/10/2024,16/10/2024,2200 UTC,19:00,
17/10/2024,16/10/2024,2300 UTC,20:00,
18/10/2024,17/10/2024,0000 UTC,21:00,
18/10/2024,17/10/2024,0100 UTC,22:00,
18/10/2024,17/10/2024,0200 UTC,23:00,
18/10/2024,17/10/2024,0300 UTC,00:00,
18/10/2024,17/10/2024,0400 UTC,01:00,
18/10/2024,17/10/2024,0500 UTC,02:00,
18/10/2024,17/10/2024,0600 UTC,03:00,
18/10/2024,17/10/2024,0700 UTC,04:00,
18/10/2024,17/10/2024,0800 UTC,05:00,
18/10/2024,17/10/2024,0900 UTC,06:00,
18/10/2024,17/10/2024,1000 UTC,07:00,
18/10/2024,17/10/2024,1100 UTC,08:00,
18/10/2024,17/10/2024,1200 UTC,09:00,
18/10/2024,17/10/2024,1300 UTC,10:00,
18/10/2024,17/10/2024,1400 UTC,11:00,
18/10/2024,17/10/2024,1500 UTC,12:00,
18/10/2024,17/10/2024,1600 UTC,13:00,
18/10/2024,17/10/2024,1700 UTC,14:00,
18/10/2024,17/10/2024,1800 UTC,15:00,
18/10/2024,17/10/2024,1900 UTC,16:00,
18/10/2024,17/10/2024,2000 UTC,17:00,
18/10/2024,17/10/2024,2100 UTC,18:00,
18/10/2024,17/10/2024,2200 UTC,19:00,
18/10/2024,17/10/2024,2300 UTC,20:00,
19/10/2024,18/10/2024,0000 UTC,21:00,
19/10/2024,18/10/2024,0100 UTC,22:00,
19/10/2024,18/10/2024,0200 UTC,23:00,
19/10/2024,18/10/2024,0300 UTC,00:00,
19/10/2024,18/10/2024,0400 UTC,01:00,
19/10/2024,18/10/2024,0500 UTC,02:00,
19/10/2024,18/10/2024,0600 UTC,03:00,
19/10/2024,18/10/2024,0700 UTC,04:00,
19/10/2024,18/10/2024,0800 UTC,05:00,
19/10/2024,18/10/2024,0900 UTC,06:00,
19/10/2024,18/10/2024,1000 UTC,07:00,
19/10/2024,18/10/2024,1100 UTC,08:00,
19/10/2024,18/10/2024,1200 UTC,09:00,
19/10/2024,18/10/2024,1300 UTC,10:00,
19/10/2024,18/10/2024,1400 UTC,11:00,
19/10/2024,18/10/2024,1500 UTC,12:00,
19/10/2024,18/10/2024,1600 UTC,13:00,
19/10/2024,18/10/2024,1700 UTC,14:00,
19/10/2024,18/10/2024,1800 UTC,15:00,
19/10/2024,18/10/2024,1900 UTC,16:00,
19/10/2024,18/10/2024,2000 UTC,17:00,
19/10/2024,18/10/2024,2100 UTC,18:00,
19/10/2024,18/10/2024,2200 UTC,19:00,
19/10/2024,18/10/2024,2300 UTC,20:00,
20/10/2024,19/10/2024,0000 UTC,21:00,
20/10/2024,19/10/2024,0100 UTC,22:00,
20/10/2024,19/10/2024,0200 UTC,23:00,
20/10/2024,19/10/2024,0300 UTC,00:00,
20/10/2024,19/10/2024,0400 UTC,01:00,
20/10/2024,19/10/2024,0500 UTC,02:00,
20/10/2024,19/10/2024,0600 UTC,03:00,
20/10/2024,19/10/2024,0700 UTC,04:00,
20/10/2024,19/10/2024,0800 UTC,05:00,
20/10/2024,19/10/2024,0900 UTC,06:00,
20/10/2024,19/10/2024,1000 UTC,07:00,
20/10/2024,19/10/2024,1100 UTC,08:00,
20/10/2024,19/10/2024,1200 UTC,09:00,
20/10/2024,19/10/2024,1300 UTC,10:00,
20/10/2024,19/10/2024,1400 UTC,11:00,
20/10/2024,19/10/2024,1500 UTC,12:00,
20/10/2024,19/10/2024,1600 UTC,13:00,
20/10/2024,19/10/2024,1700 UTC,14:00,
20/10/2024,19/10/2024,1800 UTC,15:00,
20/10/2024,19/10/2024,1900 UTC,16:00,
20/10/2024,19/10/2024,2000 UTC,17:00,
20/10/2024,19/10/2024,2100 UTC,18:00,
20/10/2024,19/10/2024,2200 UTC,19:00,
20/10/2024,19/10/2024,2300 UTC,20:00,
21/10/2024,20/10/2024,0000 UTC,21:00,
21/10/2024,20/10/2024,0100 UTC,22:00,
21/10/2024,20/10/2024,0200 UTC,23:00,
21/10/2024,20/10/2024,0300 UTC,00:00,
21/10/2024,20/10/2024,0400 UTC,01:00,
21/10/2024,20/10/2024,0500 UTC,02:00,
21/10/2024,20/10/2024,0600 UTC,03:00,
21/10/2024,20/10/2024,0700 UTC,04:00,
21/10/2024,20/10/2024,0800 UTC,05:00,
21/10/2024,20/10/2024,0900 UTC,06:00,
21/10/2024,20/10/2024,1000 UTC,07:00,
21/10/2024,20/10/2024,1100 UTC,08:00,
21/10/2024,20/10/2024,1200 UTC,09:00,
21/10/2024,20/10/2024,1300 UTC,10:00,
21/10/2024,20/10/2024,1400 UTC,11:00,
21/10/2024,20/10/2024,1500 UTC,12:00,
21/10/2024,20/10/2024,1600 UTC,13:00,
21/10/2024,20/10/2024,1700 UTC,14:00,
21/10/2024,20/10/2024,1800 UTC,15:00,
21/10/2024,20/10/2024,1900 UTC,16:00,
21/10/2024,20/10/2024,2000 UTC,17:00,
21/10/2024,20/10/2024,2100 UTC,18:00,
21/10/2024,20/10/2024,2200 UTC,19:00,
21/10/2024,20/10/2024,2300 UTC,20:00,
22/10/2024,21/10/2024,0000 UTC,21:00,
22/10/2024,21/10/2024,0100 UTC,22:00,
22/10/2024,21/10/2024,0200 UTC,23:00,
22/10/2024,21/10/2024,0300 UTC,00:00,
22/10/2024,21/10/2024,0400 UTC,01:00,
22/10/2024,21/10/2024,0500 UTC,02:00,
22/10/2024,21/10/2024,0600 UTC,03:00,
22/10/2024,21/10/2024,0700 UTC,04:00,
22/10/2024,21/10/2024,0800 UTC,05:00,
22/10/2024,21/10/2024,0900 UTC,06:00,
22/10/2024,21/10/2024,1000 UTC,07:00,
22/10/2024,21/10/2024,1100 UTC,08:00,
22/10/2024,21/10/2024,1200 UTC,09:00,
22/10/2024,21/10/2024,1300 UTC,10:00,
22/10/2024,21/10/2024,1400 UTC,11:00,
22/10/2024,21/10/2024,1500 UTC,12:00,
22/10/2024,21/10/2024,1600 UTC,13:00,
22/10/2024,21/10/2024,1700 UTC,14:00,
22/10/2024,21/10/2024,1800 UTC,15:00,
22/10/2024,21/10/2024,1900 UTC,16:00,
22/10/2024,21/10/2024,2000 UTC,17:00,
22/10/2024,21/10/2024,2100 UTC,18:00,
22/10/2024,21/10/2024,2200 UTC,19:00,
22/10/2024,21/10/2024,2300 UTC,20:00,
23/10/2024,22/10/2024,0000 UTC,21:00,
23/10/2024,22/10/2024,0100 UTC,22:00,
23/10/2024,22/10/2024,0200 UTC,23:00,
23/10/2024,22/10/2024,0300 UTC,00:00,
23/10/2024,22/10/2024,0400 UTC,01:00,
23/10/2024,22/10/2024,0500 UTC,02:00,
23/10/2024,22/10/2024,0600 UTC,03:00,
23/10/2024,22/10/2024,0700 UTC,04:00,
23/10/2024,22/10/2024,0800 UTC,05:00,
23/10/2024,22/10/2024,0900 UTC,06:00,
23/10/2024,22/10/2024,1000 UTC,07:00,
23/10/2024,22/10/2024,1100 UTC,08:00,
23/10/2024,22/10/2024,1200 UTC,09:00,
23/10/2024,22/10/2024,1300 UTC,10:00,
23/10/2024,22/10/2024,1400 UTC,11:00,
23/10/2024,22/10/2024,1500 UTC,12:00,
23/10/2024,22/10/2024,1600 UTC,13:00,
23/10/2024,22/10/2024,1700 UTC,14:00,
23/10/2024,22/10/2024,1800 UTC,15:00,
23/10/2024,22/10/2024,1900 UTC,16:00,
23/10/2024,22/10/2024,2000 UTC,17:00,
23/10/2024,22/10/2024,2100 UTC,18:00,
23/10/2024,22/10/2024,2200 UTC,19:00,
23/10/2024,22/10/2024,2300 UTC,20:00,
24/10/2024,23/10/2024,0000 UTC,21:00,
24/10/2024,23/10/2024,0100 UTC,22:00,
24/10/2024,23/10/2024,0200 UTC,23:00,
24/10/2024,23/10/2024,0300 UTC,00:00,
24/10/2024,23/10/2024,0400 UTC,01:00,
24/10/2024,23/10/2024,0500 UTC,02:00,
24/10/2024,23/10/2024,0600 UTC,03:00,
24/10/2024,23/10/2024,0700 UTC,04:00,
24/10/2024,23/10/2024,0800 UTC,05:00,
24/10/2024,23/10/2024,0900 UTC,06:00,
24/10/2024,23/10/2024,1000 UTC,07:00,
24/10/2024,23/10/2024,1100 UTC,08:00,
24/10/2024,23/10/2024,1200 UTC,09:00,
24/10/2024,23/10/2024,1300 UTC,10:00,
24/10/2024,23/10/2024,1400 UTC,11:00,
24/10/2024,23/10/2024,1500 UTC,12:00,
24/10/2024,23/10/2024,1600 UTC,13:00,
24/10/2024,23/10/2024,1700 UTC,14:00,
24/10/2024,23/10/2024,1800 UTC,15:00,
24/10/2024,23/10/2024,1900 UTC,16:00,
24/10/2024,23/10/2024,2000 UTC,17:00,
24/10/2024,23/10/2024,2100 UTC,18:00,
24/10/2024,23/10/2024,2200 UTC,19:00,
24/10/2024,23/10/2024,2300 UTC,20:00,
25/10/2024,24/10/2024,0000 UTC,21:00,
25/10/2024,24/10/2024,0100 UTC,22:00,
25/10/2024,24/10/2024,0200 UTC,23:00,
25/10/2024,24/10/2024,0300 UTC,00:00,
25/10/2024,24/10/2024,0400 UTC,01:00,
25/10/2024,24/10/2024,0500 UTC,02:00,
25/10/2024,24/10/2024,0600 UTC,03:00,
25/10/2024,24/10/2024,0700 UTC,04:00,
25/10/2024,24/10/2024,0800 UTC,05:00,
25/10/2024,24/10/2024,0900 UTC,06:00,
25/10/2024,24/10/2024,1000 UTC,07:00,
25/10/2024,24/10/2024,1100 UTC,08:00,
25/10/2024,24/10/2024,1200 UTC,09:00,
25/10/2024,24/10/2024,1300 UTC,10:00,
25/10/2024,24/10/2024,1400 UTC,11:00,
25/10/2024,24/10/2024,1500 UTC,12:00,
25/10/2024,24/10/2024,1600 UTC,13:00,
25/10/2024,24/10/2024,1700 UTC,14:00,
25/10/2024,24/10/2024,1800 UTC,15:00,
25/10/2024,24/10/2024,1900 UTC,16:00,
25/10/2024,24/10/2024,2000 UTC,17:00,
25/10/2024,24/10/2024,2100 UTC,18:00,
25/10/2024,24/10/2024,2200 UTC,19:00,
25/10/2024,24/10/2024,2300 UTC,20:00,
26/10/2024,25/10/2024,0000 UTC,21:00,
26/10/2024,25/10/2024,0100 UTC,22:00,
26/10/2024,25/10/2024,0200 UTC,23:00,
26/10/2024,25/10/2024,0300 UTC,00:00,
26/10/2024,25/10/2024,0400 UTC,01:00,
26/10/2024,25/10/2024,0500 UTC,02:00,
26/10/2024,25/10/2024,0600 UTC,03:00,
26/10/2024,25/10/2024,0700 UTC,04:00,
26/10/2024,25/10/2024,0800 UTC,05:00,
26/10/2024,25/10/2024,0900 UTC,06:00,
26/10/2024,25/10/2024,1000 UTC,07:00,
26/10/2024,25/10/2024,1100 UTC,08:00,
26/10/2024,25/10/2024,1200 UTC,09:00,
26/10/2024,25/10/2024,1300 UTC,10:00,
26/10/2024,25/10/2024,1400 UTC,11:00,
26/10/2024,25/10/2024,1500 UTC,12:00,
26/10/2024,25/10/2024,1600 UTC,13:00,
26/10/2024,25/10/2024,1700 UTC,14:00,
26/10/2024,25/10/2024,1800 UTC,15:00,
26/10/2024,25/10/2024,1900 UTC,16:00,
26/10/2024,25/10/2024,2000 UTC,17:00,
26/10/2024,25/10/2024,2100 UTC,18:00,
26/10/2024,25/10/2024,2200 UTC,19:00,
26/10/2024,25/10/2024,2300 UTC,20:00,
27/10/2024,26/10/2024,0000 UTC,21:00,
27/10/2024,26/10/2024,0100 UTC,22:00,
27/10/2024,26/10/2024,0200 UTC,23:00,
27/10/2024,26/10/2024,0300 UTC,00:00,
27/10/2024,26/10/2024,0400 UTC,01:00,
27/10/2024,26/10/2024,0500 UTC,02:00,
27/10/2024,26/10/2024,0600 UTC,03:00,
27/10/2024,26/10/2024,0700 UTC,04:00,
27/10/2024,26/10/2024,0800 UTC,05:00,
27/10/2024,26/10/2024,0900 UTC,06:00,
27/10/2024,26/10/2024,1000 UTC,07:00,
27/10/2024,26/10/2024,1100 UTC,08:00,
27/10/2024,26/10/2024,1200 UTC,09:00,
27/10/2024,26/10/2024,1300 UTC,10:00,
27/10/2024,26/10/2024,1400 UTC,11:00,
27/10/2024,26/10/2024,1500 UTC,12:00,
27/10/2024,26/10/2024,1600 UTC,13:00,
27/10/2024,26/10/2024,1700 UTC,14:00,
27/10/2024,26/10/2024,1800 UTC,15:00,
27/10/2024,26/10/2024,1900 UTC,16:00,
27/10/2024,26/10/2024,2000 UTC,17:00,
27/10/2024,26/10/2024,2100 UTC,18:00,
27/10/2024,26/10/2024,2200 UTC,19:00,
27/10/2024,26/10/2024,2300 UTC,20:00,
28/10/2024,27/10/2024,0000 UTC,21:00,
28/10/2024,27/10/2024,0100 UTC,22:00,
28/10/2024,27/10/2024,0200 UTC,23:00,
28/10/2024,27/10/2024,0300 UTC,00:00,
28/10/2024,27/10/2024,0400 UTC,01:00,
28/10/2024,27/10/2024,0500 UTC,02:00,
28/10/2024,27/10/2024,0600 UTC,03:00,
28/10/2024,27/10/2024,0700 UTC,04:00,
28/10/2024,27/10/2024,0800 UTC,05:00,
28/10/2024,27/10/2024,0900 UTC,06:00,
28/10/2024,27/10/2024,1000 UTC,07:00,
28/10/2024,27/10/2024,1100 UTC,08:00,
28/10/2024,27/10/2024,1200 UTC,09:00,
28/10/2024,27/10/2024,1300 UTC,10:00,
28/10/2024,27/10/2024,1400 UTC,11:00,
28/10/2024,27/10/2024,1500 UTC,12:00,
28/10/2024,27/10/2024,1600 UTC,13:00,
28/10/2024,27/10/2024,1700 UTC,14:00,
28/10/2024,27/10/2024,1800 UTC,15:00,
28/10/2024,27/10/2024,1900 UTC,16:00,
28/10/2024,27/10/2024,2000 UTC,17:00,
28/10/2024,27/10/2024,2100 UTC,18:00,
28/10/2024,27/10/2024,2200 UTC,19:00,
28/10/2024,27/10/2024,2300 UTC,20:00,
29/10/2024,28/10/2024,0000 UTC,21:00,
29/10/2024,28/10/2024,0100 UTC,22:00,
29/10/2024,28/10/2024,0200 UTC,23:00,
29/10/2024,28/10/2024,0300 UTC,00:00,
29/10/2024,28/10/2024,0400 UTC,01:00,
29/10/2024,28/10/2024,0500 UTC,02:00,
29/10/2024,28/10/2024,0600 UTC,03:00,
29/10/2024,28/10/2024,0700 UTC,04:00,
29/10/2024,28/10/2024,0800 UTC,05:00,
29/10/2024,28/10/2024,0900 UTC,06:00,
29/10/2024,28/10/2024,1000 UTC,07:00,
29/10/2024,28/10/2024,1100 UTC,08:00,
29/10/2024,28/10/2024,1200 UTC,09:00,
29/10/2024,28/10/2024,1300 UTC,10:00,
29/10/2024,28/10/2024,1400 UTC,11:00,
29/10/2024,28/10/2024,1500 UTC,12:00,
29/10/2024,28/10/2024,1600 UTC,13:00,
29/10/2024,28/10/2024,1700 UTC,14:00,
29/10/2024,28/10/2024,1800 UTC,15:00,
29/10/2024,28/10/2024,1900 UTC,16:00,
29/10/2024,28/10/2024,2000 UTC,17:00,
29/10/2024,28/10/2024,2100 UTC,18:00,
29/10/2024,28/10/2024,2200 UTC,19:00,
29/10/2024,28/10/2024,2300 UTC,20:00,
30/10/2024,29/10/2024,0000 UTC,21:00,
30/10/2024,29/10/2024,0100 UTC,22:00,
30/10/2024,29/10/2024,0200 UTC,23:00,
30/10/2024,29/10/2024,0300 UTC,00:00,
30/10/2024,29/10/2024,0400 UTC,01:00,
30/10/2024,29/10/2024,0500 UTC,02:00,
30/10/2024,29/10/2024,0600 UTC,03:00,
30/10/2024,29/10/2024,0700 UTC,04:00,
30/10/2024,29/10/2024,0800 UTC,05:00,
30/10/2024,29/10/2024,0900 UTC,06:00,
30/10/2024,29/10/2024,1000 UTC,07:00,
30/10/2024,29/10/2024,1100 UTC,08:00,
30/10/2024,29/10/2024,1200 UTC,09:00,
30/10/2024,29/10/2024,1300 UTC,10:00,
30/10/2024,29/10/2024,1400 UTC,11:00,
30/10/2024,29/10/2024,1500 UTC,12:00,
30/10/2024,29/10/2024,1600 UTC,13:00,
30/10/2024,29/10/2024,1700 UTC,14:00,
30/10/2024,29/10/2024,1800 UTC,15:00,
30/10/2024,29/10/2024,1900 UTC,16:00,
30/10/2024,29/10/2024,2000 UTC,17:00,
30/10/2024,29/10/2024,2100 UTC,18:00,
30/10/2024,29/10/2024,2200 UTC,19:00,
30/10/2024,29/10/2024,2300 UTC,20:00,
31/10/2024,30/10/2024,0000 UTC,21:00,
31/10/2024,30/10/2024,0100 UTC,22:00,
31/10/2024,30/10/2024,0200 UTC,23:00,
31/10/2024,30/10/2024,0300 UTC,00:00,
31/10/2024,30/10/2024,0400 UTC,01:00,
31/10/2024,30/10/2024,0500 UTC,02:00,
31/10/2024,30/10/2024,0600 UTC,03:00,
31/10/2024,30/10/2024,0700 UTC,04:00,
31/10/2024,30/10/2024,0800 UTC,05:00,
31/10/2024,30/10/2024,0900 UTC,06:00,
31/10/2024,30/10/2024,1000 UTC,07:00,
31/10/2024,30/10/2024,1100 UTC,08:00,
31/10/2024,30/10/2024,1200 UTC,09:00,
31/10/2024,30/10/2024,1300 UTC,10:00,
31/10/2024,30/10/2024,1400 UTC,11:00,
31/10/2024,30/10/2024,1500 UTC,12:00,
31/10/2024,30/10/2024,1600 UTC,13:00,
31/10/2024,30/10/2024,1700 UTC,14:00,
31/10/2024,30/10/2024,1800 UTC,15:00,
31/10/2024,30/10/2024,1900 UTC,16:00,
31/10/2024,30/10/2024,2000 UTC,17:00,
31/10/2024,30/10/2024,2100 UTC,18:00,
31/10/2024,30/10/2024,2200 UTC,19:00,
31/10/2024,30/10/2024,2300 UTC,20:00,
01/11/2024,31/10/2024,0000 UTC,21:00,
01/11/2024,31/10/2024,0100 UTC,22:00,
01/11/2024,31/10/2024,0200 UTC,23:00,
01/11/2024,31/10/2024,0300 UTC,00:00,
01/11/2024,31/10/2024,0400 UTC,01:00,
01/11/2024,31/10/2024,0500 UTC,02:00,
01/11/2024,31/10/2024,0600 UTC,03:00,
01/11/2024,31/10/2024,0700 UTC,04:00,
01/11/2024,31/10/2024,0800 UTC,05:00,
01/11/2024,31/10/2024,0900 UTC,06:00,
01/11/2024,31/10/2024,1000 UTC,07:00,
01/11/2024,31/10/2024,1100 UTC,08:00,
01/11/2024,31/10/2024,1200 UTC,09:00,
01/11/2024,31/10/2024,1300 UTC,10:00,
01/11/2024,31/10/2024,1400 UTC,11:00,
01/11/2024,31/10/2024,1500 UTC,12:00,
01/11/2024,31/10/2024,1600 UTC,13:00,
01/11/2024,31/10/2024,1700 UTC,14:00,
01/11/2024,31/10/2024,1800 UTC,15:00,
01/11/2024,31/10/2024,1900 UTC,16:00,
01/11/2024,31/10/2024,2000 UTC,17:00,
01/11/2024,31/10/2024,2100 UTC,18:00,
01/11/2024,31/10/2024,2200 UTC,19:00,
01/11/2024,31/10/2024,2300 UTC,20:00,
02/11/2024,01/11/2024,0000 UTC,21:00,
02/11/2024,01/11/2024,0100 UTC,22:00,
02/11/2024,01/11/2024,0200 UTC,23:00,
02/11/2024,01/11/2024,0300 UTC,00:00,
02/11/2024,01/11/2024,0400 UTC,01:00,
02/11/2024,01/11/2024,0500 UTC,02:00,
02/11/2024,01/11/2024,0600 UTC,03:00,
02/11/2024,01/11/2024,0700 UTC,04:00,
02/11/2024,01/11/2024,0800 UTC,05:00,
02/11/2024,01/11/2024,0900 UTC,06:00,
02/11/2024,01/11/2024,1000 UTC,07:00,
02/11/2024,01/11/2024,1100 UTC,08:00,
02/11/2024,01/11/2024,1200 UTC,09:00,
02/11/2024,01/11/2024,1300 UTC,10:00,
02/11/2024,01/11/2024,1400 UTC,11:00,
02/11/2024,01/11/2024,1500 UTC,12:00,
02/11/2024,01/11/2024,1600 UTC,13:00,
02/11/2024,01/11/2024,1700 UTC,14:00,
02/11/2024,01/11/2024,1800 UTC,15:00,
02/11/2024,01/11/2024,1900 UTC,16:00,
02/11/2024,01/11/2024,2000 UTC,17:00,
02/11/2024,01/11/2024,2100 UTC,18:00,
02/11/2024,01/11/2024,2200 UTC,19:00,
02/11/2024,01/11/2024,2300 UTC,20:00,
03/11/2024,02/11/2024,0000 UTC,21:00,
03/11/2024,02/11/2024,0100 UTC,22:00,
03/11/2024,02/11/2024,0200 UTC,23:00,
03/11/2024,02/11/2024,0300 UTC,00:00,
03/11/2024,02/11/2024,0400 UTC,01:00,
03/11/2024,02/11/2024,0500 UTC,02:00,
03/11/2024,02/11/2024,0600 UTC,03:00,
03/11/2024,02/11/2024,0700 UTC,04:00,
03/11/2024,02/11/2024,0800 UTC,05:00,
03/11/2024,02/11/2024,0900 UTC,06:00,
03/11/2024,02/11/2024,1000 UTC,07:00,
03/11/2024,02/11/2024,1100 UTC,08:00,
03/11/2024,02/11/2024,1200 UTC,09:00,
03/11/2024,02/11/2024,1300 UTC,10:00,
03/11/2024,02/11/2024,1400 UTC,11:00,
03/11/2024,02/11/2024,1500 UTC,12:00,
03/11/2024,02/11/2024,1600 UTC,13:00,
03/11/2024,02/11/2024,1700 UTC,14:00,
03/11/2024,02/11/2024,1800 UTC,15:00,
03/11/2024,02/11/2024,1900 UTC,16:00,
03/11/2024,02/11/2024,2000 UTC,17:00,
03/11/2024,02/11/2024,2100 UTC,18:00,
03/11/2024,02/11/2024,2200 UTC,19:00,
03/11/2024,02/11/2024,2300 UTC,20:00,
04/11/2024,03/11/2024,0000 UTC,21:00,
04/11/2024,03/11/2024,0100 UTC,22:00,
04/11/2024,03/11/2024,0200 UTC,23:00,
04/11/2024,03/11/2024,0300 UTC,00:00,
04/11/2024,03/11/2024,0400 UTC,01:00,
04/11/2024,03/11/2024,0500 UTC,02:00,
04/11/2024,03/11/2024,0600 UTC,03:00,
04/11/2024,03/11/2024,0700 UTC,04:00,
04/11/2024,03/11/2024,0800 UTC,05:00,
04/11/2024,03/11/2024,0900 UTC,06:00,
04/11/2024,03/11/2024,1000 UTC,07:00,
04/11/2024,03/11/2024,1100 UTC,08:00,
04/11/2024,03/11/2024,1200 UTC,09:00,
04/11/2024,03/11/2024,1300 UTC,10:00,
04/11/2024,03/11/2024,1400 UTC,11:00,
04/11/2024,03/11/2024,1500 UTC,12:00,
04/11/2024,03/11/2024,1600 UTC,13:00,
04/11/2024,03/11/2024,1700 UTC,14:00,
04/11/2024,03/11/2024,1800 UTC,15:00,
04/11/2024,03/11/2024,1900 UTC,16:00,
04/11/2024,03/11/2024,2000 UTC,17:00,
04/11/2024,03/11/2024,2100 UTC,18:00,
04/11/2024,03/11/2024,2200 UTC,19:00,
04/11/2024,03/11/2024,2300 UTC,20:00,
05/11/2024,04/11/2024,0000 UTC,21:00,
05/11/2024,04/11/2024,0100 UTC,22:00,
05/11/2024,04/11/2024,0200 UTC,23:00,
05/11/2024,04/11/2024,0300 UTC,00:00,
05/11/2024,04/11/2024,0400 UTC,01:00,
05/11/2024,04/11/2024,0500 UTC,02:00,
05/11/2024,04/11/2024,0600 UTC,03:00,
05/11/2024,04/11/2024,0700 UTC,04:00,
05/11/2024,04/11/2024,0800 UTC,05:00,
05/11/2024,04/11/2024,0900 UTC,06:00,
05/11/2024,04/11/2024,1000 UTC,07:00,
05/11/2024,04/11/2024,1100 UTC,08:00,
05/11/2024,04/11/2024,1200 UTC,09:00,
05/11/2024,04/11/2024,1300 UTC,10:00,
05/11/2024,04/11/2024,1400 UTC,11:00,
05/11/2024,04/11/2024,1500 UTC,12:00,
05/11/2024,04/11/2024,1600 UTC,13:00,
05/11/2024,04/11/2024,1700 UTC,14:00,
05/11/2024,04/11/2024,1800 UTC,15:00,
05/11/2024,04/11/2024,1900 UTC,16:00,
05/11/2024,04/11/2024,2000 UTC,17:00,
05/11/2024,04/11/2024,2100 UTC,18:00,
05/11/2024,04/11/2024,2200 UTC,19:00,
05/11/2024,04/11/2024,2300 UTC,20:00,
06/11/2024,05/11/2024,0000 UTC,21:00,
06/11/2024,05/11/2024,0100 UTC,22:00,
06/11/2024,05/11/2024,0200 UTC,23:00,
06/11/2024,05/11/2024,0300 UTC,00:00,
06/11/2024,05/11/2024,0400 UTC,01:00,
06/11/2024,05/11/2024,0500 UTC,02:00,
06/11/2024,05/11/2024,0600 UTC,03:00,
06/11/2024,05/11/2024,0700 UTC,04:00,
06/11/2024,05/11/2024,0800 UTC,05:00,
06/11/2024,05/11/2024,0900 UTC,06:00,
06/11/2024,05/11/2024,1000 UTC,07:00,
06/11/2024,05/11/2024,1100 UTC,08:00,
06/11/2024,05/11/2024,1200 UTC,09:00,
06/11/2024,05/11/2024,1300 UTC,10:00,
06/11/2024,05/11/2024,1400 UTC,11:00,
06/11/2024,05/11/2024,1500 UTC,12:00,
06/11/2024,05/11/2024,1600 UTC,13:00,
06/11/2024,05/11/2024,1700 UTC,14:00,
06/11/2024,05/11/2024,1800 UTC,15:00,
06/11/2024,05/11/2024,1900 UTC,16:00,
06/11/2024,05/11/2024,2000 UTC,17:00,
06/11/2024,05/11/2024,2100 UTC,18:00,
06/11/2024,05/11/2024,2200 UTC,19:00,
06/11/2024,05/11/2024,2300 UTC,20:00,
07/11/2024,06/11/2024,0000 UTC,21:00,
07/11/2024,06/11/2024,0100 UTC,22:00,
07/11/2024,06/11/2024,0200 UTC,23:00,
07/11/2024,06/11/2024,0300 UTC,00:00,
07/11/2024,06/11/2024,0400 UTC,01:00,
07/11/2024,06/11/2024,0500 UTC,02:00,
07/11/2024,06/11/2024,0600 UTC,03:00,
07/11/2024,06/11/2024,0700 UTC,04:00,
07/11/2024,06/11/2024,0800 UTC,05:00,
07/11/2024,06/11/2024,0900 UTC,06:00,
07/11/2024,06/11/2024,1000 UTC,07:00,
07/11/2024,06/11/2024,1100 UTC,08:00,
07/11/2024,06/11/2024,1200 UTC,09:00,
07/11/2024,06/11/2024,1300 UTC,10:00,
07/11/2024,06/11/2024,1400 UTC,11:00,
07/11/2024,06/11/2024,1500 UTC,12:00,
07/11/2024,06/11/2024,1600 UTC,13:00,
07/11/2024,06/11/2024,1700 UTC,14:00,
07/11/2024,06/11/2024,1800 UTC,15:00,
07/11/2024,06/11/2024,1900 UTC,16:00,
07/11/2024,06/11/2024,2000 UTC,17:00,
07/11/2024,06/11/2024,2100 UTC,18:00,
07/11/2024,06/11/2024,2200 UTC,19:00,
07/11/2024,06/11/2024,2300 UTC,20:00,
08/11/2024,07/11/2024,0000 UTC,21:00,
08/11/2024,07/11/2024,0100 UTC,22:00,
08/11/2024,07/11/2024,0200 UTC,23:00,
08/11/2024,07/11/2024,0300 UTC,00:00,
08/11/2024,07/11/2024,0400 UTC,01:00,
08/11/2024,07/11/2024,0500 UTC,02:00,
08/11/2024,07/11/2024,0600 UTC,03:00,
08/11/2024,07/11/2024,0700 UTC,04:00,
08/11/2024,07/11/2024,0800 UTC,05:00,
08/11/2024,07/11/2024,0900 UTC,06:00,
08/11/2024,07/11/2024,1000 UTC,07:00,
08/11/2024,07/11/2024,1100 UTC,08:00,
08/11/2024,07/11/2024,1200 UTC,09:00,
08/11/2024,07/11/2024,1300 UTC,10:00,
08/11/2024,07/11/2024,1400 UTC,11:00,
08/11/2024,07/11/2024,1500 UTC,12:00,
08/11/2024,07/11/2024,1600 UTC,13:00,
08/11/2024,07/11/2024,1700 UTC,14:00,
08/11/2024,07/11/2024,1800 UTC,15:00,
08/11/2024,07/11/2024,1900 UTC,16:00,
08/11/2024,07/11/2024,2000 UTC,17:00,
08/11/2024,07/11/2024,2100 UTC,18:00,
08/11/2024,07/11/2024,2200 UTC,19:00,
08/11/2024,07/11/2024,2300 UTC,20:00,
09/11/2024,08/11/2024,0000 UTC,21:00,
09/11/2024,08/11/2024,0100 UTC,22:00,
09/11/2024,08/11/2024,0200 UTC,23:00,
09/11/2024,08/11/2024,0300 UTC,00:00,
09/11/2024,08/11/2024,0400 UTC,01:00,
09/11/2024,08/11/2024,0500 UTC,02:00,
09/11/2024,08/11/2024,0600 UTC,03:00,
09/11/2024,08/11/2024,0700 UTC,04:00,
09/11/2024,08/11/2024,0800 UTC,05:00,
09/11/2024,08/11/2024,0900 UTC,06:00,
09/11/2024,08/11/2024,1000 UTC,07:00,
09/11/2024,08/11/2024,1100 UTC,08:00,
09/11/2024,08/11/2024,1200 UTC,09:00,
09/11/2024,08/11/2024,1300 UTC,10:00,
09/11/2024,08/11/2024,1400 UTC,11:00,
09/11/2024,08/11/2024,1500 UTC,12:00,
09/11/2024,08/11/2024,1600 UTC,13:00,
09/11/2024,08/11/2024,1700 UTC,14:00,
09/11/2024,08/11/2024,1800 UTC,15:00,
09/11/2024,08/11/2024,1900 UTC,16:00,
09/11/2024,08/11/2024,2000 UTC,17:00,
09/11/2024,08/11/2024,2100 UTC,18:00,
09/11/2024,08/11/2024,2200 UTC,19:00,
09/11/2024,08/11/2024,2300 UTC,20:00,
10/11/2024,09/11/2024,0000 UTC,21:00,
10/11/2024,09/11/2024,0100 UTC,22:00,
10/11/2024,09/11/2024,0200 UTC,23:00,
10/11/2024,09/11/2024,0300 UTC,00:00,
10/11/2024,09/11/2024,0400 UTC,01:00,
10/11/2024,09/11/2024,0500 UTC,02:00,
10/11/2024,09/11/2024,0600 UTC,03:00,
10/11/2024,09/11/2024,0700 UTC,04:00,
10/11/2024,09/11/2024,0800 UTC,05:00,
10/11/2024,09/11/2024,0900 UTC,06:00,
10/11/2024,09/11/2024,1000 UTC,07:00,
10/11/2024,09/11/2024,1100 UTC,08:00,
10/11/2024,09/11/2024,1200 UTC,09:00,
10/11/2024,09/11/2024,1300 UTC,10:00,
10/11/2024,09/11/2024,1400 UTC,11:00,
10/11/2024,09/11/2024,1500 UTC,12:00,
10/11/2024,09/11/2024,1600 UTC,13:00,
10/11/2024,09/11/2024,1700 UTC,14:00,
10/11/2024,09/11/2024,1800 UTC,15:00,
10/11/2024,09/11/2024,1900 UTC,16:00,
10/11/2024,09/11/2024,2000 UTC,17:00,
10/11/2024,09/11/2024,2100 UTC,18:00,
10/11/2024,09/11/2024,2200 UTC,19:00,
10/11/2024,09/11/2024,2300 UTC,20:00,
11/11/2024,10/11/2024,0000 UTC,21:00,
11/11/2024,10/11/2024,0100 UTC,22:00,
11/11/2024,10/11/2024,0200 UTC,23:00,
11/11/2024,10/11/2024,0300 UTC,00:00,
11/11/2024,10/11/2024,0400 UTC,01:00,
11/11/2024,10/11/2024,0500 UTC,02:00,
11/11/2024,10/11/2024,0600 UTC,03:00,
11/11/2024,10/11/2024,0700 UTC,04:00,
11/11/2024,10/11/2024,0800 UTC,05:00,
11/11/2024,10/11/2024,0900 UTC,06:00,
11/11/2024,10/11/2024,1000 UTC,07:00,
11/11/2024,10/11/2024,1100 UTC,08:00,
11/11/2024,10/11/2024,1200 UTC,09:00,
11/11/2024,10/11/2024,1300 UTC,10:00,
11/11/2024,10/11/2024,1400 UTC,11:00,
11/11/2024,10/11/2024,1500 UTC,12:00,
11/11/2024,10/11/2024,1600 UTC,13:00,
11/11/2024,10/11/2024,1700 UTC,14:00,
11/11/2024,10/11/2024,1800 UTC,15:00,
11/11/2024,10/11/2024,1900 UTC,16:00,
11/11/2024,10/11/2024,2000 UTC,17:00,
11/11/2024,10/11/2024,2100 UTC,18:00,
11/11/2024,10/11/2024,2200 UTC,19:00,
11/11/2024,10/11/2024,2300 UTC,20:00,
12/11/2024,11/11/2024,0000 UTC,21:00,
12/11/2024,11/11/2024,0100 UTC,22:00,
12/11/2024,11/11/2024,0200 UTC,23:00,
12/11/2024,11/11/2024,0300 UTC,00:00,
12/11/2024,11/11/2024,0400 UTC,01:00,
12/11/2024,11/11/2024,0500 UTC,02:00,
12/11/2024,11/11/2024,0600 UTC,03:00,
12/11/2024,11/11/2024,0700 UTC,04:00,
12/11/2024,11/11/2024,0800 UTC,05:00,
12/11/2024,11/11/2024,0900 UTC,06:00,
12/11/2024,11/11/2024,1000 UTC,07:00,
12/11/2024,11/11/2024,1100 UTC,08:00,
12/11/2024,11/11/2024,1200 UTC,09:00,
12/11/2024,11/11/2024,1300 UTC,10:00,
12/11/2024,11/11/2024,1400 UTC,11:00,
12/11/2024,11/11/2024,1500 UTC,12:00,
12/11/2024,11/11/2024,1600 UTC,13:00,
12/11/2024,11/11/2024,1700 UTC,14:00,
12/11/2024,11/11/2024,1800 UTC,15:00,
12/11/2024,11/11/2024,1900 UTC,16:00,
12/11/2024,11/11/2024,2000 UTC,17:00,
12/11/2024,11/11/2024,2100 UTC,18:00,
12/11/2024,11/11/2024,2200 UTC,19:00,
12/11/2024,11/11/2024,2300 UTC,20:00,
13/11/2024,12/11/2024,0000 UTC,21:00,
13/11/2024,12/11/2024,0100 UTC,22:00,
13/11/2024,12/11/2024,0200 UTC,23:00,
13/11/2024,12/11/2024,0300 UTC,00:00,
13/11/2024,12/11/2024,0400 UTC,01:00,
13/11/2024,12/11/2024,0500 UTC,02:00,
13/11/2024,12/11/2024,0600 UTC,03:00,
13/11/2024,12/11/2024,0700 UTC,04:00,
13/11/2024,12/11/2024,0800 UTC,05:00,
13/11/2024,12/11/2024,0900 UTC,06:00,
13/11/2024,12/11/2024,1000 UTC,07:00,
13/11/2024,12/11/2024,1100 UTC,08:00,
13/11/2024,12/11/2024,1200 UTC,09:00,
13/11/2024,12/11/2024,1300 UTC,10:00,
13/11/2024,12/11/2024,1400 UTC,11:00,
13/11/2024,12/11/2024,1500 UTC,12:00,
13/11/2024,12/11/2024,1600 UTC,13:00,
13/11/2024,12/11/2024,1700 UTC,14:00,
13/11/2024,12/11/2024,1800 UTC,15:00,
13/11/2024,12/11/2024,1900 UTC,16:00,
13/11/2024,12/11/2024,2000 UTC,17:00,
13/11/2024,12/11/2024,2100 UTC,18:00,
13/11/2024,12/11/2024,2200 UTC,19:00,
13/11/2024,12/11/2024,2300 UTC,20:00,
14/11/2024,13/11/2024,0000 UTC,21:00,
14/11/2024,13/11/2024,0100 UTC,22:00,
14/11/2024,13/11/2024,0200 UTC,23:00,
14/11/2024,13/11/2024,0300 UTC,00:00,
14/11/2024,13/11/2024,0400 UTC,01:00,
14/11/2024,13/11/2024,0500 UTC,02:00,
14/11/2024,13/11/2024,0600 UTC,03:00,
14/11/2024,13/11/2024,0700 UTC,04:00,
14/11/2024,13/11/2024,0800 UTC,05:00,
14/11/2024,13/11/2024,0900 UTC,06:00,
14/11/2024,13/11/2024,1000 UTC,07:00,
14/11/2024,13/11/2024,1100 UTC,08:00,
14/11/2024,13/11/2024,1200 UTC,09:00,
14/11/2024,13/11/2024,1300 UTC,10:00,
14/11/2024,13/11/2024,1400 UTC,11:00,
14/11/2024,13/11/2024,1500 UTC,12:00,
14/11/2024,13/11/2024,1600 UTC,13:00,
14/11/2024,13/11/2024,1700 UTC,14:00,
14/11/2024,13/11/2024,1800 UTC,15:00,
14/11/2024,13/11/2024,1900 UTC,16:00,
14/11/2024,13/11/2024,2000 UTC,17:00,
14/11/2024,13/11/2024,2100 UTC,18:00,
14/11/2024,13/11/2024,2200 UTC,19:00,
14/11/2024,13/11/2024,2300 UTC,20:00,
15/11/2024,14/11/2024,0000 UTC,21:00,
15/11/2024,14/11/2024,0100 UTC,22:00,
15/11/2024,14/11/2024,0200 UTC,23:00,
15/11/2024,14/11/2024,0300 UTC,00:00,
15/11/2024,14/11/2024,0400 UTC,01:00,
15/11/2024,14/11/2024,0500 UTC,02:00,
15/11/2024,14/11/2024,0600 UTC,03:00,
15/11/2024,14/11/2024,0700 UTC,04:00,
15/11/2024,14/11/2024,0800 UTC,05:00,
15/11/2024,14/11/2024,0900 UTC,06:00,
15/11/2024,14/11/2024,1000 UTC,07:00,
15/11/2024,14/11/2024,1100 UTC,08:00,
15/11/2024,14/11/2024,1200 UTC,09:00,
15/11/2024,14/11/2024,1300 UTC,10:00,
15/11/2024,14/11/2024,1400 UTC,11:00,
15/11/2024,14/11/2024,1500 UTC,12:00,
15/11/2024,14/11/2024,1600 UTC,13:00,
15/11/2024,14/11/2024,1700 UTC,14:00,
15/11/2024,14/11/2024,1800 UTC,15:00,
15/11/2024,14/11/2024,1900 UTC,16:00,
15/11/2024,14/11/2024,2000 UTC,17:00,
15/11/2024,14/11/2024,2100 UTC,18:00,
15/11/2024,14/11/2024,2200 UTC,19:00,
15/11/2024,14/11/2024,2300 UTC,20:00,
16/11/2024,15/11/2024,0000 UTC,21:00,
16/11/2024,15/11/2024,0100 UTC,22:00,
16/11/2024,15/11/2024,0200 UTC,23:00,
16/11/2024,15/11/2024,0300 UTC,00:00,
16/11/2024,15/11/2024,0400 UTC,01:00,
16/11/2024,15/11/2024,0500 UTC,02:00,
16/11/2024,15/11/2024,0600 UTC,03:00,
16/11/2024,15/11/2024,0700 UTC,04:00,
16/11/2024,15/11/2024,0800 UTC,05:00,
16/11/2024,15/11/2024,0900 UTC,06:00,
16/11/2024,15/11/2024,1000 UTC,07:00,
16/11/2024,15/11/2024,1100 UTC,08:00,
16/11/2024,15/11/2024,1200 UTC,09:00,
16/11/2024,15/11/2024,1300 UTC,10:00,
16/11/2024,15/11/2024,1400 UTC,11:00,
16/11/2024,15/11/2024,1500 UTC,12:00,
16/11/2024,15/11/2024,1600 UTC,13:00,
16/11/2024,15/11/2024,1700 UTC,14:00,
16/11/2024,15/11/2024,1800 UTC,15:00,
16/11/2024,15/11/2024,1900 UTC,16:00,
16/11/2024,15/11/2024,2000 UTC,17:00,
16/11/2024,15/11/2024,2100 UTC,18:00,
16/11/2024,15/11/2024,2200 UTC,19:00,
16/11/2024,15/11/2024,2300 UTC,20:00,
17/11/2024,16/11/2024,0000 UTC,21:00,
17/11/2024,16/11/2024,0100 UTC,22:00,
17/11/2024,16/11/2024,0200 UTC,23:00,
17/11/2024,16/11/2024,0300 UTC,00:00,
17/11/2024,16/11/2024,0400 UTC,01:00,
17/11/2024,16/11/2024,0500 UTC,02:00,
17/11/2024,16/11/2024,0600 UTC,03:00,
17/11/2024,16/11/2024,0700 UTC,04:00,
17/11/2024,16/11/2024,0800 UTC,05:00,
17/11/2024,16/11/2024,0900 UTC,06:00,
17/11/2024,16/11/2024,1000 UTC,07:00,
17/11/2024,16/11/2024,1100 UTC,08:00,
17/11/2024,16/11/2024,1200 UTC,09:00,
17/11/2024,16/11/2024,1300 UTC,10:00,
17/11/2024,16/11/2024,1400 UTC,11:00,
17/11/2024,16/11/2024,1500 UTC,12:00,
17/11/2024,16/11/2024,1600 UTC,13:00,
17/11/2024,16/11/2024,1700 UTC,14:00,
17/11/2024,16/11/2024,1800 UTC,15:00,
17/11/2024,16/11/2024,1900 UTC,16:00,
17/11/2024,16/11/2024,2000 UTC,17:00,
17/11/2024,16/11/2024,2100 UTC,18:00,
17/11/2024,16/11/2024,2200 UTC,19:00,
17/11/2024,16/11/2024,2300 UTC,20:00,
18/11/2024,17/11/2024,0000 UTC,21:00,
18/11/2024,17/11/2024,0100 UTC,22:00,
18/11/2024,17/11/2024,0200 UTC,23:00,
18/11/2024,17/11/2024,0300 UTC,00:00,
18/11/2024,17/11/2024,0400 UTC,01:00,
18/11/2024,17/11/2024,0500 UTC,02:00,
18/11/2024,17/11/2024,0600 UTC,03:00,
18/11/2024,17/11/2024,0700 UTC,04:00,
18/11/2024,17/11/2024,0800 UTC,05:00,
18/11/2024,17/11/2024,0900 UTC,06:00,
18/11/2024,17/11/2024,1000 UTC,07:00,
18/11/2024,17/11/2024,1100 UTC,08:00,
18/11/2024,17/11/2024,1200 UTC,09:00,
18/11/2024,17/11/2024,1300 UTC,10:00,
18/11/2024,17/11/2024,1400 UTC,11:00,
18/11/2024,17/11/2024,1500 UTC,12:00,
18/11/2024,17/11/2024,1600 UTC,13:00,
18/11/2024,17/11/2024,1700 UTC,14:00,
18/11/2024,17/11/2024,1800 UTC,15:00,
18/11/2024,17/11/2024,1900 UTC,16:00,
18/11/2024,17/11/2024,2000 UTC,17:00,
18/11/2024,17/11/2024,2100 UTC,18:00,
18/11/2024,17/11/2024,2200 UTC,19:00,
18/11/2024,17/11/2024,2300 UTC,20:00,
19/11/2024,18/11/2024,0000 UTC,21:00,
19/11/2024,18/11/2024,0100 UTC,22:00,
19/11/2024,18/11/2024,0200 UTC,23:00,
19/11/2024,18/11/2024,0300 UTC,00:00,
19/11/2024,18/11/2024,0400 UTC,01:00,
19/11/2024,18/11/2024,0500 UTC,02:00,
19/11/2024,18/11/2024,0600 UTC,03:00,
19/11/2024,18/11/2024,0700 UTC,04:00,
19/11/2024,18/11/2024,0800 UTC,05:00,
19/11/2024,18/11/2024,0900 UTC,06:00,
19/11/2024,18/11/2024,1000 UTC,07:00,
19/11/2024,18/11/2024,1100 UTC,08:00,
19/11/2024,18/11/2024,1200 UTC,09:00,
19/11/2024,18/11/2024,1300 UTC,10:00,
19/11/2024,18/11/2024,1400 UTC,11:00,
19/11/2024,18/11/2024,1500 UTC,12:00,
19/11/2024,18/11/2024,1600 UTC,13:00,
19/11/2024,18/11/2024,1700 UTC,14:00,
19/11/2024,18/11/2024,1800 UTC,15:00,
19/11/2024,18/11/2024,1900 UTC,16:00,
19/11/2024,18/11/2024,2000 UTC,17:00,
19/11/2024,18/11/2024,2100 UTC,18:00,
19/11/2024,18/11/2024,2200 UTC,19:00,
19/11/2024,18/11/2024,2300 UTC,20:00,
20/11/2024,19/11/2024,0000 UTC,21:00,
20/11/2024,19/11/2024,0100 UTC,22:00,
20/11/2024,19/11/2024,0200 UTC,23:00,
20/11/2024,19/11/2024,0300 UTC,00:00,
20/11/2024,19/11/2024,0400 UTC,01:00,
20/11/2024,19/11/2024,0500 UTC,02:00,
20/11/2024,19/11/2024,0600 UTC,03:00,
20/11/2024,19/11/2024,0700 UTC,04:00,
20/11/2024,19/11/2024,0800 UTC,05:00,
20/11/2024,19/11/2024,0900 UTC,06:00,
20/11/2024,19/11/2024,1000 UTC,07:00,
20/11/2024,19/11/2024,1100 UTC,08:00,
20/11/2024,19/11/2024,1200 UTC,09:00,
20/11/2024,19/11/2024,1300 UTC,10:00,
20/11/2024,19/11/2024,1400 UTC,11:00,
20/11/2024,19/11/2024,1500 UTC,12:00,
20/11/2024,19/11/2024,1600 UTC,13:00,
20/11/2024,19/11/2024,1700 UTC,14:00,
20/11/2024,19/11/2024,1800 UTC,15:00,
20/11/2024,19/11/2024,1900 UTC,16:00,
20/11/2024,19/11/2024,2000 UTC,17:00,
20/11/2024,19/11/2024,2100 UTC,18:00,
20/11/2024,19/11/2024,2200 UTC,19:00,
20/11/2024,19/11/2024,2300 UTC,20:00,
21/11/2024,20/11/2024,0000 UTC,21:00,
21/11/2024,20/11/2024,0100 UTC,22:00,
21/11/2024,20/11/2024,0200 UTC,23:00,
21/11/2024,20/11/2024,0300 UTC,00:00,
21/11/2024,20/11/2024,0400 UTC,01:00,
21/11/2024,20/11/2024,0500 UTC,02:00,
21/11/2024,20/11/2024,0600 UTC,03:00,
21/11/2024,20/11/2024,0700 UTC,04:00,
21/11/2024,20/11/2024,0800 UTC,05:00,
21/11/2024,20/11/2024,0900 UTC,06:00,
21/11/2024,20/11/2024,1000 UTC,07:00,
21/11/2024,20/11/2024,1100 UTC,08:00,
21/11/2024,20/11/2024,1200 UTC,09:00,
21/11/2024,20/11/2024,1300 UTC,10:00,
21/11/2024,20/11/2024,1400 UTC,11:00,
21/11/2024,20/11/2024,1500 UTC,12:00,
21/11/2024,20/11/2024,1600 UTC,13:00,
21/11/2024,20/11/2024,1700 UTC,14:00,
21/11/2024,20/11/2024,1800 UTC,15:00,
21/11/2024,20/11/2024,1900 UTC,16:00,
21/11/2024,20/11/2024,2000 UTC,17:00,
21/11/2024,20/11/2024,2100 UTC,18:00,
21/11/2024,20/11/2024,2200 UTC,19:00,
21/11/2024,20/11/2024,2300 UTC,20:00,
22/11/2024,21/11/2024,0000 UTC,21:00,
22/11/2024,21/11/2024,0100 UTC,22:00,
22/11/2024,21/11/2024,0200 UTC,23:00,
22/11/2024,21/11/2024,0300 UTC,00:00,
22/11/2024,21/11/2024,0400 UTC,01:00,
22/11/2024,21/11/2024,0500 UTC,02:00,
22/11/2024,21/11/2024,0600 UTC,03:00,
22/11/2024,21/11/2024,0700 UTC,04:00,
22/11/2024,21/11/2024,0800 UTC,05:00,
22/11/2024,21/11/2024,0900 UTC,06:00,
22/11/2024,21/11/2024,1000 UTC,07:00,
22/11/2024,21/11/2024,1100 UTC,08:00,
22/11/2024,21/11/2024,1200 UTC,09:00,
22/11/2024,21/11/2024,1300 UTC,10:00,
22/11/2024,21/11/2024,1400 UTC,11:00,
22/11/2024,21/11/2024,1500 UTC,12:00,
22/11/2024,21/11/2024,1600 UTC,13:00,
22/11/2024,21/11/2024,1700 UTC,14:00,
22/11/2024,21/11/2024,1800 UTC,15:00,
22/11/2024,21/11/2024,1900 UTC,16:00,
22/11/2024,21/11/2024,2000 UTC,17:00,
22/11/2024,21/11/2024,2100 UTC,18:00,
22/11/2024,21/11/2024,2200 UTC,19:00,
22/11/2024,21/11/2024,2300 UTC,20:00,
23/11/2024,22/11/2024,0000 UTC,21:00,
23/11/2024,22/11/2024,0100 UTC,22:00,
23/11/2024,22/11/2024,0200 UTC,23:00,
23/11/2024,22/11/2024,0300 UTC,00:00,
23/11/2024,22/11/2024,0400 UTC,01:00,
23/11/2024,22/11/2024,0500 UTC,02:00,
23/11/2024,22/11/2024,0600 UTC,03:00,
23/11/2024,22/11/2024,0700 UTC,04:00,
23/11/2024,22/11/2024,0800 UTC,05:00,
23/11/2024,22/11/2024,0900 UTC,06:00,
23/11/2024,22/11/2024,1000 UTC,07:00,
23/11/2024,22/11/2024,1100 UTC,08:00,
23/11/2024,22/11/2024,1200 UTC,09:00,
23/11/2024,22/11/2024,1300 UTC,10:00,
23/11/2024,22/11/2024,1400 UTC,11:00,
23/11/2024,22/11/2024,1500 UTC,12:00,
23/11/2024,22/11/2024,1600 UTC,13:00,
23/11/2024,22/11/2024,1700 UTC,14:00,
23/11/2024,22/11/2024,1800 UTC,15:00,
23/11/2024,22/11/2024,1900 UTC,16:00,
23/11/2024,22/11/2024,2000 UTC,17:00,
23/11/2024,22/11/2024,2100 UTC,18:00,
23/11/2024,22/11/2024,2200 UTC,19:00,
23/11/2024,22/11/2024,2300 UTC,20:00,
24/11/2024,23/11/2024,0000 UTC,21:00,
24/11/2024,23/11/2024,0100 UTC,22:00,
24/11/2024,23/11/2024,0200 UTC,23:00,
24/11/2024,23/11/2024,0300 UTC,00:00,
24/11/2024,23/11/2024,0400 UTC,01:00,
24/11/2024,23/11/2024,0500 UTC,02:00,
24/11/2024,23/11/2024,0600 UTC,03:00,
24/11/2024,23/11/2024,0700 UTC,04:00,
24/11/2024,23/11/2024,0800 UTC,05:00,
24/11/2024,23/11/2024,0900 UTC,06:00,
24/11/2024,23/11/2024,1000 UTC,07:00,
24/11/2024,23/11/2024,1100 UTC,08:00,
24/11/2024,23/11/2024,1200 UTC,09:00,
24/11/2024,23/11/2024,1300 UTC,10:00,
24/11/2024,23/11/2024,1400 UTC,11:00,
24/11/2024,23/11/2024,1500 UTC,12:00,
24/11/2024,23/11/2024,1600 UTC,13:00,
24/11/2024,23/11/2024,1700 UTC,14:00,
24/11/2024,23/11/2024,1800 UTC,15:00,
24/11/2024,23/11/2024,1900 UTC,16:00,
24/11/2024,23/11/2024,2000 UTC,17:00,
24/11/2024,23/11/2024,2100 UTC,18:00,
24/11/2024,23/11/2024,2200 UTC,19:00,
24/11/2024,23/11/2024,2300 UTC,20:00,
25/11/2024,24/11/2024,0000 UTC,21:00,
25/11/2024,24/11/2024,0100 UTC,22:00,
25/11/2024,24/11/2024,0200 UTC,23:00,
25/11/2024,24/11/2024,0300 UTC,00:00,
25/11/2024,24/11/2024,0400 UTC,01:00,
25/11/2024,24/11/2024,0500 UTC,02:00,
25/11/2024,24/11/2024,0600 UTC,03:00,
25/11/2024,24/11/2024,0700 UTC,04:00,
25/11/2024,24/11/2024,0800 UTC,05:00,
25/11/2024,24/11/2024,0900 UTC,06:00,
25/11/2024,24/11/2024,1000 UTC,07:00,
25/11/2024,24/11/2024,1100 UTC,08:00,
25/11/2024,24/11/2024,1200 UTC,09:00,
25/11/2024,24/11/2024,1300 UTC,10:00,
25/11/2024,24/11/2024,1400 UTC,11:00,
25/11/2024,24/11/2024,1500 UTC,12:00,
25/11/2024,24/11/2024,1600 UTC,13:00,
25/11/2024,24/11/2024,1700 UTC,14:00,
25/11/2024,24/11/2024,1800 UTC,15:00,
25/11/2024,24/11/2024,1900 UTC,16:00,
25/11/2024,24/11/2024,2000 UTC,17:00,
25/11/2024,24/11/2024,2100 UTC,18:00,
25/11/2024,24/11/2024,2200 UTC,19:00,
25/11/2024,24/11/2024,2300 UTC,20:00,
26/11/2024,25/11/2024,0000 UTC,21:00,
26/11/2024,25/11/2024,0100 UTC,22:00,
26/11/2024,25/11/2024,0200 UTC,23:00,
26/11/2024,25/11/2024,0300 UTC,00:00,
26/11/2024,25/11/2024,0400 UTC,01:00,
26/11/2024,25/11/2024,0500 UTC,02:00,
26/11/2024,25/11/2024,0600 UTC,03:00,
26/11/2024,25/11/2024,0700 UTC,04:00,
26/11/2024,25/11/2024,0800 UTC,05:00,
26/11/2024,25/11/2024,0900 UTC,06:00,
26/11/2024,25/11/2024,1000 UTC,07:00,
26/11/2024,25/11/2024,1100 UTC,08:00,
26/11/2024,25/11/2024,1200 UTC,09:00,
26/11/2024,25/11/2024,1300 UTC,10:00,
26/11/2024,25/11/2024,1400 UTC,11:00,
26/11/2024,25/11/2024,1500 UTC,12:00,
26/11/2024,25/11/2024,1600 UTC,13:00,
26/11/2024,25/11/2024,1700 UTC,14:00,
26/11/2024,25/11/2024,1800 UTC,15:00,
26/11/2024,25/11/2024,1900 UTC,16:00,
26/11/2024,25/11/2024,2000 UTC,17:00,
26/11/2024,25/11/2024,2100 UTC,18:00,
26/11/2024,25/11/2024,2200 UTC,19:00,
26/11/2024,25/11/2024,2300 UTC,20:00,
27/11/2024,26/11/2024,0000 UTC,21:00,
27/11/2024,26/11/2024,0100 UTC,22:00,
27/11/2024,26/11/2024,0200 UTC,23:00,
27/11/2024,26/11/2024,0300 UTC,00:00,
27/11/2024,26/11/2024,0400 UTC,01:00,
27/11/2024,26/11/2024,0500 UTC,02:00,
27/11/2024,26/11/2024,0600 UTC,03:00,
27/11/2024,26/11/2024,0700 UTC,04:00,
27/11/2024,26/11/2024,0800 UTC,05:00,
27/11/2024,26/11/2024,0900 UTC,06:00,
27/11/2024,26/11/2024,1000 UTC,07:00,
27/11/2024,26/11/2024,1100 UTC,08:00,
27/11/2024,26/11/2024,1200 UTC,09:00,
27/11/2024,26/11/2024,1300 UTC,10:00,
27/11/2024,26/11/2024,1400 UTC,11:00,
27/11/2024,26/11/2024,1500 UTC,12:00,
27/11/2024,26/11/2024,1600 UTC,13:00,
27/11/2024,26/11/2024,1700 UTC,14:00,
27/11/2024,26/11/2024,1800 UTC,15:00,"33,80"
27/11/2024,26/11/2024,1900 UTC,16:00,
27/11/2024,26/11/2024,2000 UTC,17:00,"33,20"
27/11/2024,26/11/2024,2100 UTC,18:00,"31,90"
27/11/2024,26/11/2024,2200 UTC,19:00,"30,10"
27/11/2024,26/11/2024,2300 UTC,20:00,"27,70"
28/11/2024,27/11/2024,0000 UTC,21:00,"25,30"
28/11/2024,27/11/2024,0100 UTC,22:00,"23,70"
28/11/2024,27/11/2024,0200 UTC,23:00,"21,90"
28/11/2024,27/11/2024,0300 UTC,00:00,"21,70"
28/11/2024,27/11/2024,0400 UTC,01:00,"21,30"
28/11/2024,27/11/2024,0500 UTC,02:00,"20,90"
28/11/2024,27/11/2024,0600 UTC,03:00,"20,30"
28/11/2024,27/11/2024,0700 UTC,04:00,"20,30"
28/11/2024,27/11/2024,0800 UTC,05:00,"19,90"
28/11/2024,27/11/2024,0900 UTC,06:00,"19,40"
28/11/2024,27/11/2024,1000 UTC,07:00,"21,70"
28/11/2024,27/11/2024,1100 UTC,08:00,"26,70"
28/11/2024,27/11/2024,1200 UTC,09:00,"29,20"
28/11/2024,27/11/2024,1300 UTC,10:00,"30,50"
28/11/2024,27/11/2024,1400 UTC,11:00,"31,80"
28/11/2024,27/11/2024,1500 UTC,12:00,"32,90"
28/11/2024,27/11/2024,1600 UTC,13:00,"31,80"
28/11/2024,27/11/2024,1700 UTC,14:00,"23,10"
28/11/2024,27/11/2024,1800 UTC,15:00,"24,20"
28/11/2024,27/11/2024,1900 UTC,16:00,"23,90"
28/11/2024,27/11/2024,2000 UTC,17:00,"20,80"
28/11/2024,27/11/2024,2100 UTC,18:00,"20,00"
28/11/2024,27/11/2024,2200 UTC,19:00,"19,90"
28/11/2024,27/11/2024,2300 UTC,20:00,"20,20"
29/11/2024,28/11/2024,0000 UTC,21:00,"20,20"
29/11/2024,28/11/2024,0100 UTC,22:00,"20,20"
29/11/2024,28/11/2024,0200 UTC,23:00,"20,40"
29/11/2024,28/11/2024,0300 UTC,00:00,"20,20"
29/11/2024,28/11/2024,0400 UTC,01:00,"20,10"
29/11/2024,28/11/2024,0500 UTC,02:00,"20,10"
29/11/2024,28/11/2024,0600 UTC,03:00,"20,10"
29/11/2024,28/11/2024,0700 UTC,04:00,"20,00"
29/11/2024,28/11/2024,0800 UTC,05:00,"19,80"
29/11/2024,28/11/2024,0900 UTC,06:00,"20,10"
29/11/2024,28/11/2024,1000 UTC,07:00,"20,60"
29/11/2024,28/11/2024,1100 UTC,08:00,"21,30"
29/11/2024,28/11/2024,1200 UTC,09:00,"23,20"
29/11/2024,28/11/2024,1300 UTC,10:00,"24,00"
29/11/2024,28/11/2024,1400 UTC,11:00,"25,40"
29/11/2024,28/11/2024,1500 UTC,12:00,"25,80"
29/11/2024,28/11/2024,1600 UTC,13:00,"25,40"
29/11/2024,28/11/2024,1700 UTC,14:00,"27,40"
29/11/2024,28/11/2024,1800 UTC,15:00,"28,30"
29/11/2024,28/11/2024,1900 UTC,16:00,"28,00"
29/11/2024,28/11/2024,2000 UTC,17:00,"27,40"
29/11/2024,28/11/2024,2100 UTC,18:00,"23,10"
29/11/2024,28/11/2024,2200 UTC,19:00,"23,30"
29/11/2024,28/11/2024,2300 UTC,20:00,"23,30"
30/11/2024,29/11/2024,0000 UTC,21:00,"22,50"
30/11/2024,29/11/2024,0100 UTC,22:00,"21,90"
30/11/2024,29/11/2024,0200 UTC,23:00,"21,50"
30/11/2024,29/11/2024,0300 UTC,00:00,"21,60"
30/11/2024,29/11/2024,0400 UTC,01:00,"21,00"
30/11/2024,29/11/2024,0500 UTC,02:00,"21,00"
30/11/2024,29/11/2024,0600 UTC,03:00,"20,90"
30/11/2024,29/11/2024,0700 UTC,04:00,"20,50"
30/11/2024,29/11/2024,0800 UTC,05:00,"20,70"
30/11/2024,29/11/2024,0900 UTC,06:00,"20,70"
30/11/2024,29/11/2024,1000 UTC,07:00,"20,90"
30/11/2024,29/11/2024,1100 UTC,08:00,"21,10"
30/11/2024,29/11/2024,1200 UTC,09:00,"21,30"
30/11/2024,29/11/2024,1300 UTC,10:00,"22,80"
30/11/2024,29/11/2024,1400 UTC,11:00,"24,40"
30/11/2024,29/11/2024,1500 UTC,12:00,"25,50"
30/11/2024,29/11/2024,1600 UTC,13:00,"26,70"
30/11/2024,29/11/2024,1700 UTC,14:00,"27,70"
30/11/2024,29/11/2024,1800 UTC,15:00,"26,40"
30/11/2024,29/11/2024,1900 UTC,16:00,"26,00"
30/11/2024,29/11/2024,2000 UTC,17:00,"24,70"
30/11/2024,29/11/2024,2100 UTC,18:00,"23,70"
30/11/2024,29/11/2024,2200 UTC,19:00,"22,30"
30/11/2024,29/11/2024,2300 UTC,20:00,"21,00"
01/12/2024,30/11/2024,0000 UTC,21:00,"20,60"
01/12/2024,30/11/2024,0100 UTC,22:00,"20,90"
01/12/2024,30/11/2024,0200 UTC,23:00,"20,70"
01/12/2024,30/11/2024,0300 UTC,00:00,"20,70"
01/12/2024,30/11/2024,0400 UTC,01:00,"20,50"
01/12/2024,30/11/2024,0500 UTC,02:00,"20,20"
01/12/2024,30/11/2024,0600 UTC,03:00,"20,10"
01/12/2024,30/11/2024,0700 UTC,04:00,"20,10"
01/12/2024,30/11/2024,0800 UTC,05:00,"20,00"
01/12/2024,30/11/2024,0900 UTC,06:00,"20,00"
01/12/2024,30/11/2024,1000 UTC,07:00,"20,20"
01/12/2024,30/11/2024,1100 UTC,08:00,"21,70"
01/12/2024,30/11/2024,1200 UTC,09:00,"21,60"
01/12/2024,30/11/2024,1300 UTC,10:00,"22,30"
01/12/2024,30/11/2024,1400 UTC,11:00,"24,40"
01/12/2024,30/11/2024,1500 UTC,12:00,"25,40"
01/12/2024,30/11/2024,1600 UTC,13:00,"26,80"
01/12/2024,30/11/2024,1700 UTC,14:00,"27,50"
01/12/2024,30/11/2024,1800 UTC,15:00,"28,10"
01/12/2024,30/11/2024,1900 UTC,16:00,"27,00"
01/12/2024,30/11/2024,2000 UTC,17:00,"26,10"
01/12/2024,30/11/2024,2100 UTC,18:00,"24,80"
01/12/2024,30/11/2024,2200 UTC,19:00,"22,80"
01/12/2024,30/11/2024,2300 UTC,20:00,"21,70"
02/12/2024,01/12/2024,0000 UTC,21:00,"21,60"
02/12/2024,01/12/2024,0100 UTC,22:00,"21,20"
02/12/2024,01/12/2024,0200 UTC,23:00,"21,00"
02/12/2024,01/12/2024,0300 UTC,00:00,"20,80"
02/12/2024,01/12/2024,0400 UTC,01:00,"20,60"
02/12/2024,01/12/2024,0500 UTC,02:00,"20,70"
02/12/2024,01/12/2024,0600 UTC,03:00,"20,40"
02/12/2024,01/12/2024,0700 UTC,04:00,"20,40"
02/12/2024,01/12/2024,0800 UTC,05:00,"20,60"
02/12/2024,01/12/2024,0900 UTC,06:00,"21,00"
02/12/2024,01/12/2024,1000 UTC,07:00,"22,20"
02/12/2024,01/12/2024,1100 UTC,08:00,"23,30"
02/12/2024,01/12/2024,1200 UTC,09:00,"24,70"
02/12/2024,01/12/2024,1300 UTC,10:00,"26,20"
02/12/2024,01/12/2024,1400 UTC,11:00,"27,50"
02/12/2024,01/12/2024,1500 UTC,12:00,"28,50"
02/12/2024,01/12/2024,1600 UTC,13:00,"27,10"
02/12/2024,01/12/2024,1700 UTC,14:00,"22,00"
02/12/2024,01/12/2024,1800 UTC,15:00,"23,70"
02/12/2024,01/12/2024,1900 UTC,16:00,"24,20"
02/12/2024,01/12/2024,2000 UTC,17:00,"24,30"
02/12/2024,01/12/2024,2100 UTC,18:00,"23,30"
02/12/2024,01/12/2024,2200 UTC,19:00,"22,80"
02/12/2024,01/12/2024,2300 UTC,20:00,"22,10"
03/12/2024,02/12/2024,0000 UTC,21:00,"22,10"
03/12/2024,02/12/2024,0100 UTC,22:00,"22,40"
03/12/2024,02/12/2024,0200 UTC,23:00,"22,00"
03/12/2024,02/12/2024,0300 UTC,00:00,"21,90"
03/12/2024,02/12/2024,0400 UTC,01:00,"21,10"
03/12/2024,02/12/2024,0500 UTC,02:00,"21,10"
03/12/2024,02/12/2024,0600 UTC,03:00,"21,00"
03/12/2024,02/12/2024,0700 UTC,04:00,"21,10"
03/12/2024,02/12/2024,0800 UTC,05:00,"21,00"
03/12/2024,02/12/2024,0900 UTC,06:00,"20,80"
03/12/2024,02/12/2024,1000 UTC,07:00,"19,90"
03/12/2024,02/12/2024,1100 UTC,08:00,"20,40"
03/12/2024,02/12/2024,1200 UTC,09:00,"21,30"
03/12/2024,02/12/2024,1300 UTC,10:00,"22,60"
03/12/2024,02/12/2024,1400 UTC,11:00,"21,90"
03/12/2024,02/12/2024,1500 UTC,12:00,"22,00"
03/12/2024,02/12/2024,1600 UTC,13:00,"21,40"
03/12/2024,02/12/2024,1700 UTC,14:00,"22,00"
03/12/2024,02/12/2024,1800 UTC,15:00,"22,80"
03/12/2024,02/12/2024,1900 UTC,16:00,"21,30"
03/12/2024,02/12/2024,2000 UTC,17:00,"20,60"
03/12/2024,02/12/2024,2100 UTC,18:00,"20,30"
03/12/2024,02/12/2024,2200 UTC,19:00,"19,40"
03/12/2024,02/12/2024,2300 UTC,20:00,"19,00"
04/12/2024,03/12/2024,0000 UTC,21:00,"18,70"
04/12/2024,03/12/2024,0100 UTC,22:00,"18,40"
04/12/2024,03/12/2024,0200 UTC,23:00,"18,40"
04/12/2024,03/12/2024,0300 UTC,00:00,"18,30"
04/12/2024,03/12/2024,0400 UTC,01:00,"18,30"
04/12/2024,03/12/2024,0500 UTC,02:00,"18,00"
04/12/2024,03/12/2024,0600 UTC,03:00,"17,60"
04/12/2024,03/12/2024,0700 UTC,04:00,"17,10"
04/12/2024,03/12/2024,0800 UTC,05:00,"16,80"
04/12/2024,03/12/2024,0900 UTC,06:00,"17,00"
04/12/2024,03/12/2024,1000 UTC,07:00,"16,90"
04/12/2024,03/12/2024,1100 UTC,08:00,"17,70"
04/12/2024,03/12/2024,1200 UTC,09:00,"18,70"
04/12/2024,03/12/2024,1300 UTC,10:00,"18,60"
04/12/2024,03/12/2024,1400 UTC,11:00,"19,40"
04/12/2024,03/12/2024,1500 UTC,12:00,"19,10"
04/12/2024,03/12/2024,1600 UTC,13:00,"19,20"
04/12/2024,03/12/2024,1700 UTC,14:00,"20,10"
04/12/2024,03/12/2024,1800 UTC,15:00,"19,70"
04/12/2024,03/12/2024,1900 UTC,16:00,"18,60"
04/12/2024,03/12/2024,2000 UTC,17:00,"17,70"
04/12/2024,03/12/2024,2100 UTC,18:00,"18,00"
04/12/2024,03/12/2024,2200 UTC,19:00,"17,40"
04/12/2024,03/12/2024,2300 UTC,20:00,"17,20"
05/12/2024,04/12/2024,0000 UTC,21:00,"17,10"
05/12/2024,04/12/2024,0100 UTC,22:00,"16,90"
05/12/2024,04/12/2024,0200 UTC,23:00,"16,70"
05/12/2024,04/12/2024,0300 UTC,00:00,"16,80"
05/12/2024,04/12/2024,0400 UTC,01:00,"16,90"
05/12/2024,04/12/2024,0500 UTC,02:00,"16,90"
05/12/2024,04/12/2024,0600 UTC,03:00,"16,90"
05/12/2024,04/12/2024,0700 UTC,04:00,"16,60"
05/12/2024,04/12/2024,0800 UTC,05:00,"16,80"
05/12/2024,04/12/2024,0900 UTC,06:00,"16,80"
05/12/2024,04/12/2024,1000 UTC,07:00,"17,40"
05/12/2024,04/12/2024,1100 UTC,08:00,"18,20"
05/12/2024,04/12/2024,1200 UTC,09:00,"18,90"
05/12/2024,04/12/2024,1300 UTC,10:00,"20,80"
05/12/2024,04/12/2024,1400 UTC,11:00,"21,50"
05/12/2024,04/12/2024,1500 UTC,12:00,"23,10"
05/12/2024,04/12/2024,1600 UTC,13:00,"24,60"
05/12/2024,04/12/2024,1700 UTC,14:00,"24,30"
05/12/2024,04/12/2024,1800 UTC,15:00,"23,30"
05/12/2024,04/12/2024,1900 UTC,16:00,"24,10"
05/12/2024,04/12/2024,2000 UTC,17:00,"21,00"
05/12/2024,04/12/2024,2100 UTC,18:00,"19,80"
05/12/2024,04/12/2024,2200 UTC,19:00,"19,40"
05/12/2024,04/12/2024,2300 UTC,20:00,"19,50"
06/12/2024,05/12/2024,0000 UTC,21:00,"19,40"
06/12/2024,05/12/2024,0100 UTC,22:00,"19,20"
06/12/2024,05/12/2024,0200 UTC,23:00,"19,10"
06/12/2024,05/12/2024,0300 UTC,00:00,"19,00"
06/12/2024,05/12/2024,0400 UTC,01:00,"19,10"
06/12/2024,05/12/2024,0500 UTC,02:00,"18,80"
06/12/2024,05/12/2024,0600 UTC,03:00,"18,40"
06/12/2024,05/12/2024,0700 UTC,04:00,"18,40"
06/12/2024,05/12/2024,0800 UTC,05:00,"18,00"
06/12/2024,05/12/2024,0900 UTC,06:00,"18,60"
06/12/2024,05/12/2024,1000 UTC,07:00,"21,30"
06/12/2024,05/12/2024,1100 UTC,08:00,"24,30"
06/12/2024,05/12/2024,1200 UTC,09:00,"25,00"
06/12/2024,05/12/2024,1300 UTC,10:00,"26,90"
06/12/2024,05/12/2024,1400 UTC,11:00,"28,30"
06/12/2024,05/12/2024,1500 UTC,12:00,"29,10"
06/12/2024,05/12/2024,1600 UTC,13:00,"28,60"
06/12/2024,05/12/2024,1700 UTC,14:00,"21,30"
06/12/2024,05/12/2024,1800 UTC,15:00,"26,80"
06/12/2024,05/12/2024,1900 UTC,16:00,"22,00"
06/12/2024,05/12/2024,2000 UTC,17:00,"25,40"
06/12/2024,05/12/2024,2100 UTC,18:00,"24,80"
06/12/2024,05/12/2024,2200 UTC,19:00,"24,70"
06/12/2024,05/12/2024,2300 UTC,20:00,"24,00"
07/12/2024,06/12/2024,0000 UTC,21:00,"23,90"
07/12/2024,06/12/2024,0100 UTC,22:00,"23,30"
07/12/2024,06/12/2024,0200 UTC,23:00,"22,10"
07/12/2024,06/12/2024,0300 UTC,00:00,"22,00"
07/12/2024,06/12/2024,0400 UTC,01:00,"22,20"
07/12/2024,06/12/2024,0500 UTC,02:00,"22,20"
07/12/2024,06/12/2024,0600 UTC,03:00,"21,40"
07/12/2024,06/12/2024,0700 UTC,04:00,"21,80"
07/12/2024,06/12/2024,0800 UTC,05:00,"21,00"
07/12/2024,06/12/2024,0900 UTC,06:00,"21,20"
07/12/2024,06/12/2024,1000 UTC,07:00,"22,50"
07/12/2024,06/12/2024,1100 UTC,08:00,"24,30"
07/12/2024,06/12/2024,1200 UTC,09:00,"27,10"
07/12/2024,06/12/2024,1300 UTC,10:00,"29,10"
07/12/2024,06/12/2024,1400 UTC,11:00,"29,50"
07/12/2024,06/12/2024,1500 UTC,12:00,"29,60"
07/12/2024,06/12/2024,1600 UTC,13:00,"29,90"
07/12/2024,06/12/2024,1700 UTC,14:00,"29,50"
07/12/2024,06/12/2024,1800 UTC,15:00,"27,00"
07/12/2024,06/12/2024,1900 UTC,16:00,"25,00"
07/12/2024,06/12/2024,2000 UTC,17:00,"20,70"
07/12/2024,06/12/2024,2100 UTC,18:00,"19,60"
07/12/2024,06/12/2024,2200 UTC,19:00,"18,80"
07/12/2024,06/12/2024,2300 UTC,20:00,"18,80"
08/12/2024,07/12/2024,0000 UTC,21:00,"18,80"
08/12/2024,07/12/2024,0100 UTC,22:00,"18,50"
08/12/2024,07/12/2024,0200 UTC,23:00,"18,60"
08/12/2024,07/12/2024,0300 UTC,00:00,"19,00"
08/12/2024,07/12/2024,0400 UTC,01:00,"18,80"
08/12/2024,07/12/2024,0500 UTC,02:00,"18,80"
08/12/2024,07/12/2024,0600 UTC,03:00,"18,80"
08/12/2024,07/12/2024,0700 UTC,04:00,"19,00"
08/12/2024,07/12/2024,0800 UTC,05:00,"18,90"
08/12/2024,07/12/2024,0900 UTC,06:00,"19,30"
08/12/2024,07/12/2024,1000 UTC,07:00,"19,60"
08/12/2024,07/12/2024,1100 UTC,08:00,"19,50"
08/12/2024,07/12/2024,1200 UTC,09:00,"20,10"
08/12/2024,07/12/2024,1300 UTC,10:00,"21,60"
08/12/2024,07/12/2024,1400 UTC,11:00,"22,00"
08/12/2024,07/12/2024,1500 UTC,12:00,"23,30"
08/12/2024,07/12/2024,1600 UTC,13:00,"22,20"
08/12/2024,07/12/2024,1700 UTC,14:00,"21,00"
08/12/2024,07/12/2024,1800 UTC,15:00,"21,00"
08/12/2024,07/12/2024,1900 UTC,16:00,"22,10"
08/12/2024,07/12/2024,2000 UTC,17:00,"21,40"
08/12/2024,07/12/2024,2100 UTC,18:00,"20,00"
08/12/2024,07/12/2024,2200 UTC,19:00,"19,50"
08/12/2024,07/12/2024,2300 UTC,20:00,"19,40"
09/12/2024,08/12/2024,0000 UTC,21:00,"19,20"
09/12/2024,08/12/2024,0100 UTC,22:00,"18,90"
09/12/2024,08/12/2024,0200 UTC,23:00,"18,80"
09/12/2024,08/12/2024,0300 UTC,00:00,"18,60"
09/12/2024,08/12/2024,0400 UTC,01:00,"18,40"
09/12/2024,08/12/2024,0500 UTC,02:00,"18,20"
09/12/2024,08/12/2024,0600 UTC,03:00,"18,10"
09/12/2024,08/12/2024,0700 UTC,04:00,"18,10"
09/12/2024,08/12/2024,0800 UTC,05:00,"18,20"
09/12/2024,08/12/2024,0900 UTC,06:00,"18,30"
09/12/2024,08/12/2024,1000 UTC,07:00,"18,60"
09/12/2024,08/12/2024,1100 UTC,08:00,"19,10"
09/12/2024,08/12/2024,1200 UTC,09:00,"19,20"
09/12/2024,08/12/2024,1300 UTC,10:00,"19,60"
09/12/2024,08/12/2024,1400 UTC,11:00,"20,30"
09/12/2024,08/12/2024,1500 UTC,12:00,"20,90"
09/12/2024,08/12/2024,1600 UTC,13:00,"22,10"
09/12/2024,08/12/2024,1700 UTC,14:00,"21,30"
09/12/2024,08/12/2024,1800 UTC,15:00,"20,20"
09/12/2024,08/12/2024,1900 UTC,16:00,"19,90"
09/12/2024,08/12/2024,2000 UTC,17:00,"19,50"
09/12/2024,08/12/2024,2100 UTC,18:00,"19,20"
09/12/2024,08/12/2024,2200 UTC,19:00,"18,50"
09/12/2024,08/12/2024,2300 UTC,20:00,"18,30"
10/12/2024,09/12/2024,0000 UTC,21:00,"17,80"
10/12/2024,09/12/2024,0100 UTC,22:00,"17,80"
10/12/2024,09/12/2024,0200 UTC,23:00,"17,80"
10/12/2024,09/12/2024,0300 UTC,00:00,"17,60"
10/12/2024,09/12/2024,0400 UTC,01:00,"17,50"
10/12/2024,09/12/2024,0500 UTC,02:00,"17,70"
10/12/2024,09/12/2024,0600 UTC,03:00,"17,90"
10/12/2024,09/12/2024,0700 UTC,04:00,"18,40"
10/12/2024,09/12/2024,0800 UTC,05:00,"18,60"
10/12/2024,09/12/2024,0900 UTC,06:00,"18,60"
10/12/2024,09/12/2024,1000 UTC,07:00,"19,30"
10/12/2024,09/12/2024,1100 UTC,08:00,"20,80"
10/12/2024,09/12/2024,1200 UTC,09:00,"21,90"
10/12/2024,09/12/2024,1300 UTC,10:00,"23,60"
10/12/2024,09/12/2024,1400 UTC,11:00,"24,10"
10/12/2024,09/12/2024,1500 UTC,12:00,"23,20"
10/12/2024,09/12/2024,1600 UTC,13:00,"24,60"
10/12/2024,09/12/2024,1700 UTC,14:00,"20,20"
10/12/2024,09/12/2024,1800 UTC,15:00,"20,10"
10/12/2024,09/12/2024,1900 UTC,16:00,"19,60"
10/12/2024,09/12/2024,2000 UTC,17:00,"19,40"
10/12/2024,09/12/2024,2100 UTC,18:00,"19,10"
10/12/2024,09/12/2024,2200 UTC,19:00,"18,60"
10/12/2024,09/12/2024,2300 UTC,20:00,"18,20"
11/12/2024,10/12/2024,0000 UTC,21:00,"18,20"
11/12/2024,10/12/2024,0100 UTC,22:00,"18,00"
11/12/2024,10/12/2024,0200 UTC,23:00,"17,70"
11/12/2024,10/12/2024,0300 UTC,00:00,"17,70"
11/12/2024,10/12/2024,0400 UTC,01:00,"17,70"
11/12/2024,10/12/2024,0500 UTC,02:00,"17,40"
11/12/2024,10/12/2024,0600 UTC,03:00,"17,30"
11/12/2024,10/12/2024,0700 UTC,04:00,"16,90"
11/12/2024,10/12/2024,0800 UTC,05:00,"16,90"
11/12/2024,10/12/2024,0900 UTC,06:00,"17,10"
11/12/2024,10/12/2024,1000 UTC,07:00,"17,80"
11/12/2024,10/12/2024,1100 UTC,08:00,"18,30"
11/12/2024,10/12/2024,1200 UTC,09:00,"18,70"
11/12/2024,10/12/2024,1300 UTC,10:00,"20,60"
11/12/2024,10/12/2024,1400 UTC,11:00,"22,20"
11/12/2024,10/12/2024,1500 UTC,12:00,"22,20"
11/12/2024,10/12/2024,1600 UTC,13:00,"22,20"
11/12/2024,10/12/2024,1700 UTC,14:00,"23,00"
11/12/2024,10/12/2024,1800 UTC,15:00,"22,60"
11/12/2024,10/12/2024,1900 UTC,16:00,"20,40"
11/12/2024,10/12/2024,2000 UTC,17:00,"20,80"
11/12/2024,10/12/2024,2100 UTC,18:00,"19,30"
11/12/2024,10/12/2024,2200 UTC,19:00,"18,40"
11/12/2024,10/12/2024,2300 UTC,20:00,"18,30"
12/12/2024,11/12/2024,0000 UTC,21:00,"17,80"
12/12/2024,11/12/2024,0100 UTC,22:00,"17,80"
12/12/2024,11/12/2024,0200 UTC,23:00,"17,30"
12/12/2024,11/12/2024,0300 UTC,00:00,"16,60"
12/12/2024,11/12/2024,0400 UTC,01:00,"16,90"
12/12/2024,11/12/2024,0500 UTC,02:00,"15,40"
12/12/2024,11/12/2024,0600 UTC,03:00,"15,40"
12/12/2024,11/12/2024,0700 UTC,04:00,"15,60"
12/12/2024,11/12/2024,0800 UTC,05:00,"15,20"
12/12/2024,11/12/2024,0900 UTC,06:00,"15,90"
12/12/2024,11/12/2024,1000 UTC,07:00,"17,60"
12/12/2024,11/12/2024,1100 UTC,08:00,"20,00"
12/12/2024,11/12/2024,1200 UTC,09:00,"20,40"
12/12/2024,11/12/2024,1300 UTC,10:00,"21,20"
12/12/2024,11/12/2024,1400 UTC,11:00,"22,70"
12/12/2024,11/12/2024,1500 UTC,12:00,"22,70"
12/12/2024,11/12/2024,1600 UTC,13:00,"23,90"
12/12/2024,11/12/2024,1700 UTC,14:00,"24,30"
12/12/2024,11/12/2024,1800 UTC,15:00,"24,10"
12/12/2024,11/12/2024,1900 UTC,16:00,"24,50"
12/12/2024,11/12/2024,2000 UTC,17:00,"22,00"
12/12/2024,11/12/2024,2100 UTC,18:00,"20,60"
12/12/2024,11/12/2024,2200 UTC,19:00,"19,40"
12/12/2024,11/12/2024,2300 UTC,20:00,"18,50"
13/12/2024,12/12/2024,0000 UTC,21:00,"17,90"
13/12/2024,12/12/2024,0100 UTC,22:00,"17,20"
13/12/2024,12/12/2024,0200 UTC,23:00,"16,90"
13/12/2024,12/12/2024,0300 UTC,00:00,"16,60"
13/12/2024,12/12/2024,0400 UTC,01:00,"16,20"
13/12/2024,12/12/2024,0500 UTC,02:00,"16,50"
13/12/2024,12/12/2024,0600 UTC,03:00,"16,00"
13/12/2024,12/12/2024,0700 UTC,04:00,"16,10"
13/12/2024,12/12/2024,0800 UTC,05:00,"16,80"
13/12/2024,12/12/2024,0900 UTC,06:00,"17,10"
13/12/2024,12/12/2024,1000 UTC,07:00,"17,90"
13/12/2024,12/12/2024,1100 UTC,08:00,"19,00"
13/12/2024,12/12/2024,1200 UTC,09:00,"20,00"
13/12/2024,12/12/2024,1300 UTC,10:00,"21,10"
13/12/2024,12/12/2024,1400 UTC,11:00,"21,60"
13/12/2024,12/12/2024,1500 UTC,12:00,"22,70"
13/12/2024,12/12/2024,1600 UTC,13:00,"23,10"
13/12/2024,12/12/2024,1700 UTC,14:00,"24,40"
13/12/2024,12/12/2024,1800 UTC,15:00,"24,30"
13/12/2024,12/12/2024,1900 UTC,16:00,"23,80"
13/12/2024,12/12/2024,2000 UTC,17:00,"23,20"
13/12/2024,12/12/2024,2100 UTC,18:00,"22,00"
13/12/2024,12/12/2024,2200 UTC,19:00,"20,90"
13/12/2024,12/12/2024,2300 UTC,20:00,"20,40"
14/12/2024,13/12/2024,0000 UTC,21:00,"20,10"
14/12/2024,13/12/2024,0100 UTC,22:00,"19,70"
14/12/2024,13/12/2024,0200 UTC,23:00,"19,70"
14/12/2024,13/12/2024,0300 UTC,00:00,"19,60"
14/12/2024,13/12/2024,0400 UTC,01:00,"19,50"
14/12/2024,13/12/2024,0500 UTC,02:00,"19,10"
14/12/2024,13/12/2024,0600 UTC,03:00,"19,00"
14/12/2024,13/12/2024,0700 UTC,04:00,"18,80"
14/12/2024,13/12/2024,0800 UTC,05:00,"18,60"
14/12/2024,13/12/2024,0900 UTC,06:00,"18,90"
14/12/2024,13/12/2024,1000 UTC,07:00,"19,40"
14/12/2024,13/12/2024,1100 UTC,08:00,"20,60"
14/12/2024,13/12/2024,1200 UTC,09:00,"21,70"
14/12/2024,13/12/2024,1300 UTC,10:00,"22,10"
14/12/2024,13/12/2024,1400 UTC,11:00,"22,10"
14/12/2024,13/12/2024,1500 UTC,12:00,"22,90"
14/12/2024,13/12/2024,1600 UTC,13:00,"23,10"
14/12/2024,13/12/2024,1700 UTC,14:00,"22,00"
14/12/2024,13/12/2024,1800 UTC,15:00,"21,80"
14/12/2024,13/12/2024,1900 UTC,16:00,"21,40"
14/12/2024,13/12/2024,2000 UTC,17:00,"21,40"
14/12/2024,13/12/2024,2100 UTC,18:00,"21,30"
14/12/2024,13/12/2024,2200 UTC,19:00,"21,20"
14/12/2024,13/12/2024,2300 UTC,20:00,"20,60"
15/12/2024,14/12/2024,0000 UTC,21:00,"20,50"
15/12/2024,14/12/2024,0100 UTC,22:00,"20,20"
15/12/2024,14/12/2024,0200 UTC,23:00,"20,00"
15/12/2024,14/12/2024,0300 UTC,00:00,"19,90"
15/12/2024,14/12/2024,0400 UTC,01:00,"19,90"
15/12/2024,14/12/2024,0500 UTC,02:00,"20,10"
15/12/2024,14/12/2024,0600 UTC,03:00,"20,30"
15/12/2024,14/12/2024,0700 UTC,04:00,"20,30"
15/12/2024,14/12/2024,0800 UTC,05:00,"20,40"
15/12/2024,14/12/2024,0900 UTC,06:00,"20,20"
15/12/2024,14/12/2024,1000 UTC,07:00,"20,60"
15/12/2024,14/12/2024,1100 UTC,08:00,"22,20"
15/12/2024,14/12/2024,1200 UTC,09:00,"22,90"
15/12/2024,14/12/2024,1300 UTC,10:00,"25,60"
15/12/2024,14/12/2024,1400 UTC,11:00,"26,10"
15/12/2024,14/12/2024,1500 UTC,12:00,"27,30"
15/12/2024,14/12/2024,1600 UTC,13:00,"28,10"
15/12/2024,14/12/2024,1700 UTC,14:00,"28,50"
15/12/2024,14/12/2024,1800 UTC,15:00,"28,30"
15/12/2024,14/12/2024,1900 UTC,16:00,"28,60"
15/12/2024,14/12/2024,2000 UTC,17:00,"28,50"
15/12/2024,14/12/2024,2100 UTC,18:00,"27,10"
15/12/2024,14/12/2024,2200 UTC,19:00,"25,50"
15/12/2024,14/12/2024,2300 UTC,20:00,"24,20"
16/12/2024,15/12/2024,0000 UTC,21:00,"23,40"
16/12/2024,15/12/2024,0100 UTC,22:00,"22,70"
16/12/2024,15/12/2024,0200 UTC,23:00,"22,00"
16/12/2024,15/12/2024,0300 UTC,00:00,"21,00"
16/12/2024,15/12/2024,0400 UTC,01:00,"20,80"
16/12/2024,15/12/2024,0500 UTC,02:00,"20,00"
16/12/2024,15/12/2024,0600 UTC,03:00,"19,70"
16/12/2024,15/12/2024,0700 UTC,04:00,"18,80"
16/12/2024,15/12/2024,0800 UTC,05:00,"18,30"
16/12/2024,15/12/2024,0900 UTC,06:00,"18,40"
16/12/2024,15/12/2024,1000 UTC,07:00,"19,90"
16/12/2024,15/12/2024,1100 UTC,08:00,"21,70"
16/12/2024,15/12/2024,1200 UTC,09:00,"23,40"
16/12/2024,15/12/2024,1300 UTC,10:00,"24,70"
16/12/2024,15/12/2024,1400 UTC,11:00,"26,00"
16/12/2024,15/12/2024,1500 UTC,12:00,"26,80"
16/12/2024,15/12/2024,1600 UTC,13:00,"28,10"
16/12/2024,15/12/2024,1700 UTC,14:00,"28,80"
16/12/2024,15/12/2024,1800 UTC,15:00,"28,40"
16/12/2024,15/12/2024,1900 UTC,16:00,"28,10"
16/12/2024,15/12/2024,2000 UTC,17:00,"27,70"
16/12/2024,15/12/2024,2100 UTC,18:00,"26,70"
16/12/2024,15/12/2024,2200 UTC,19:00,"24,80"
16/12/2024,15/12/2024,2300 UTC,20:00,"23,70"
17/12/2024,16/12/2024,0000 UTC,21:00,"22,00"
17/12/2024,16/12/2024,0100 UTC,22:00,"19,60"
17/12/2024,16/12/2024,0200 UTC,23:00,"19,20"
17/12/2024,16/12/2024,0300 UTC,00:00,"19,00"
17/12/2024,16/12/2024,0400 UTC,01:00,"18,50"
17/12/2024,16/12/2024,0500 UTC,02:00,"17,70"
17/12/2024,16/12/2024,0600 UTC,03:00,"17,20"
17/12/2024,16/12/2024,0700 UTC,04:00,"17,00"
17/12/2024,16/12/2024,0800 UTC,05:00,"16,70"
17/12/2024,16/12/2024,0900 UTC,06:00,"17,60"
17/12/2024,16/12/2024,1000 UTC,07:00,"19,10"
17/12/2024,16/12/2024,1100 UTC,08:00,"20,10"
17/12/2024,16/12/2024,1200 UTC,09:00,"20,80"
17/12/2024,16/12/2024,1300 UTC,10:00,"23,60"
17/12/2024,16/12/2024,1400 UTC,11:00,"23,80"
17/12/2024,16/12/2024,1500 UTC,12:00,"24,00"
17/12/2024,16/12/2024,1600 UTC,13:00,"25,00"
17/12/2024,16/12/2024,1700 UTC,14:00,"26,00"
17/12/2024,16/12/2024,1800 UTC,15:00,"25,70"
17/12/2024,16/12/2024,1900 UTC,16:00,"24,70"
17/12/2024,16/12/2024,2000 UTC,17:00,"24,10"
17/12/2024,16/12/2024,2100 UTC,18:00,"21,80"
17/12/2024,16/12/2024,2200 UTC,19:00,"19,30"
17/12/2024,16/12/2024,2300 UTC,20:00,"18,30"
18/12/2024,17/12/2024,0000 UTC,21:00,"18,30"
18/12/2024,17/12/2024,0100 UTC,22:00,"18,00"
18/12/2024,17/12/2024,0200 UTC,23:00,"18,10"
18/12/2024,17/12/2024,0300 UTC,00:00,"17,90"
18/12/2024,17/12/2024,0400 UTC,01:00,"18,00"
18/12/2024,17/12/2024,0500 UTC,02:00,"17,50"
18/12/2024,17/12/2024,0600 UTC,03:00,"17,20"
18/12/2024,17/12/2024,0700 UTC,04:00,"17,50"
18/12/2024,17/12/2024,0800 UTC,05:00,"16,90"
18/12/2024,17/12/2024,0900 UTC,06:00,"17,00"
18/12/2024,17/12/2024,1000 UTC,07:00,"18,30"
18/12/2024,17/12/2024,1100 UTC,08:00,"19,00"
18/12/2024,17/12/2024,1200 UTC,09:00,"20,20"
18/12/2024,17/12/2024,1300 UTC,10:00,"21,80"
18/12/2024,17/12/2024,1400 UTC,11:00,"22,80"
18/12/2024,17/12/2024,1500 UTC,12:00,"25,30"
18/12/2024,17/12/2024,1600 UTC,13:00,"25,80"
18/12/2024,17/12/2024,1700 UTC,14:00,"26,40"
18/12/2024,17/12/2024,1800 UTC,15:00,"26,40"
18/12/2024,17/12/2024,1900 UTC,16:00,"26,50"
18/12/2024,17/12/2024,2000 UTC,17:00,"25,10"
18/12/2024,17/12/2024,2100 UTC,18:00,"23,00"
18/12/2024,17/12/2024,2200 UTC,19:00,"20,70"
18/12/2024,17/12/2024,2300 UTC,20:00,"19,70"
19/12/2024,18/12/2024,0000 UTC,21:00,"19,40"
19/12/2024,18/12/2024,0100 UTC,22:00,"19,20"
19/12/2024,18/12/2024,0200 UTC,23:00,"18,40"
19/12/2024,18/12/2024,0300 UTC,00:00,"18,30"
19/12/2024,18/12/2024,0400 UTC,01:00,"18,10"
19/12/2024,18/12/2024,0500 UTC,02:00,"18,00"
19/12/2024,18/12/2024,0600 UTC,03:00,"17,80"
19/12/2024,18/12/2024,0700 UTC,04:00,"17,50"
19/12/2024,18/12/2024,0800 UTC,05:00,"17,00"
19/12/2024,18/12/2024,0900 UTC,06:00,"17,40"
19/12/2024,18/12/2024,1000 UTC,07:00,"18,80"
19/12/2024,18/12/2024,1100 UTC,08:00,"20,30"
19/12/2024,18/12/2024,1200 UTC,09:00,"21,80"
19/12/2024,18/12/2024,1300 UTC,10:00,"24,30"
19/12/2024,18/12/2024,1400 UTC,11:00,"26,60"
19/12/2024,18/12/2024,1500 UTC,12:00,"28,30"
19/12/2024,18/12/2024,1600 UTC,13:00,"29,20"
19/12/2024,18/12/2024,1700 UTC,14:00,"30,80"
19/12/2024,18/12/2024,1800 UTC,15:00,"29,90"
19/12/2024,18/12/2024,1900 UTC,16:00,"29,50"
19/12/2024,18/12/2024,2000 UTC,17:00,"27,00"
19/12/2024,18/12/2024,2100 UTC,18:00,"25,70"
19/12/2024,18/12/2024,2200 UTC,19:00,"23,90"
19/12/2024,18/12/2024,2300 UTC,20:00,"22,90"
20/12/2024,19/12/2024,0000 UTC,21:00,"22,00"
20/12/2024,19/12/2024,0100 UTC,22:00,"21,70"
20/12/2024,19/12/2024,0200 UTC,23:00,"21,80"
20/12/2024,19/12/2024,0300 UTC,00:00,"21,40"
20/12/2024,19/12/2024,0400 UTC,01:00,"20,90"
20/12/2024,19/12/2024,0500 UTC,02:00,"21,90"
20/12/2024,19/12/2024,0600 UTC,03:00,"21,70"
20/12/2024,19/12/2024,0700 UTC,04:00,"21,60"
20/12/2024,19/12/2024,0800 UTC,05:00,"21,50"
20/12/2024,19/12/2024,0900 UTC,06:00,"21,10"
20/12/2024,19/12/2024,1000 UTC,07:00,"22,60"
20/12/2024,19/12/2024,1100 UTC,08:00,"24,40"
20/12/2024,19/12/2024,1200 UTC,09:00,"27,00"
20/12/2024,19/12/2024,1300 UTC,10:00,"28,90"
20/12/2024,19/12/2024,1400 UTC,11:00,"27,20"
20/12/2024,19/12/2024,1500 UTC,12:00,"27,50"
20/12/2024,19/12/2024,1600 UTC,13:00,"28,30"
20/12/2024,19/12/2024,1700 UTC,14:00,"28,70"
20/12/2024,19/12/2024,1800 UTC,15:00,"25,80"
20/12/2024,19/12/2024,1900 UTC,16:00,"25,20"
20/12/2024,19/12/2024,2000 UTC,17:00,"25,30"
20/12/2024,19/12/2024,2100 UTC,18:00,"23,20"
20/12/2024,19/12/2024,2200 UTC,19:00,"22,50"
20/12/2024,19/12/2024,2300 UTC,20:00,"21,90"
21/12/2024,20/12/2024,0000 UTC,21:00,"20,80"
21/12/2024,20/12/2024,0100 UTC,22:00,"21,40"
21/12/2024,20/12/2024,0200 UTC,23:00,"21,50"
21/12/2024,20/12/2024,0300 UTC,00:00,"21,40"
21/12/2024,20/12/2024,0400 UTC,01:00,"21,10"
21/12/2024,20/12/2024,0500 UTC,02:00,"20,70"
21/12/2024,20/12/2024,0600 UTC,03:00,"20,60"
21/12/2024,20/12/2024,0700 UTC,04:00,"20,60"
21/12/2024,20/12/2024,0800 UTC,05:00,"20,50"
21/12/2024,20/12/2024,0900 UTC,06:00,"20,70"
21/12/2024,20/12/2024,1000 UTC,07:00,"21,20"
21/12/2024,20/12/2024,1100 UTC,08:00,"21,80"
21/12/2024,20/12/2024,1200 UTC,09:00,"23,30"
21/12/2024,20/12/2024,1300 UTC,10:00,"24,10"
21/12/2024,20/12/2024,1400 UTC,11:00,"22,50"
21/12/2024,20/12/2024,1500 UTC,12:00,"23,70"
21/12/2024,20/12/2024,1600 UTC,13:00,"24,50"
21/12/2024,20/12/2024,1700 UTC,14:00,"22,10"
21/12/2024,20/12/2024,1800 UTC,15:00,"23,30"
21/12/2024,20/12/2024,1900 UTC,16:00,"22,80"
21/12/2024,20/12/2024,2000 UTC,17:00,"22,40"
21/12/2024,20/12/2024,2100 UTC,18:00,"21,60"
21/12/2024,20/12/2024,2200 UTC,19:00,"21,20"
21/12/2024,20/12/2024,2300 UTC,20:00,"21,10"
22/12/2024,21/12/2024,0000 UTC,21:00,"20,90"
22/12/2024,21/12/2024,0100 UTC,22:00,"20,80"
22/12/2024,21/12/2024,0200 UTC,23:00,"20,60"
22/12/2024,21/12/2024,0300 UTC,00:00,"20,70"
22/12/2024,21/12/2024,0400 UTC,01:00,"20,70"
22/12/2024,21/12/2024,0500 UTC,02:00,"20,60"
22/12/2024,21/12/2024,0600 UTC,03:00,"20,60"
22/12/2024,21/12/2024,0700 UTC,04:00,"20,60"
22/12/2024,21/12/2024,0800 UTC,05:00,"20,30"
22/12/2024,21/12/2024,0900 UTC,06:00,"20,50"
22/12/2024,21/12/2024,1000 UTC,07:00,"21,30"
22/12/2024,21/12/2024,1100 UTC,08:00,"22,50"
22/12/2024,21/12/2024,1200 UTC,09:00,"24,40"
22/12/2024,21/12/2024,1300 UTC,10:00,"24,70"
22/12/2024,21/12/2024,1400 UTC,11:00,"25,30"
22/12/2024,21/12/2024,1500 UTC,12:00,"25,20"
22/12/2024,21/12/2024,1600 UTC,13:00,"25,50"
22/12/2024,21/12/2024,1700 UTC,14:00,"26,10"
22/12/2024,21/12/2024,1800 UTC,15:00,"27,10"
22/12/2024,21/12/2024,1900 UTC,16:00,"27,00"
22/12/2024,21/12/2024,2000 UTC,17:00,"25,30"
22/12/2024,21/12/2024,2100 UTC,18:00,"23,40"
22/12/2024,21/12/2024,2200 UTC,19:00,"22,10"
22/12/2024,21/12/2024,2300 UTC,20:00,"21,70"
23/12/2024,22/12/2024,0000 UTC,21:00,"20,80"
23/12/2024,22/12/2024,0100 UTC,22:00,"19,70"
23/12/2024,22/12/2024,0200 UTC,23:00,"19,50"
23/12/2024,22/12/2024,0300 UTC,00:00,"19,20"
23/12/2024,22/12/2024,0400 UTC,01:00,"18,90"
23/12/2024,22/12/2024,0500 UTC,02:00,"18,90"
23/12/2024,22/12/2024,0600 UTC,03:00,"18,80"
23/12/2024,22/12/2024,0700 UTC,04:00,"18,80"
23/12/2024,22/12/2024,0800 UTC,05:00,"18,70"
23/12/2024,22/12/2024,0900 UTC,06:00,"18,80"
23/12/2024,22/12/2024,1000 UTC,07:00,"19,20"
23/12/2024,22/12/2024,1100 UTC,08:00,"19,90"
23/12/2024,22/12/2024,1200 UTC,09:00,"20,50"
23/12/2024,22/12/2024,1300 UTC,10:00,"21,20"
23/12/2024,22/12/2024,1400 UTC,11:00,"22,20"
23/12/2024,22/12/2024,1500 UTC,12:00,"22,80"
23/12/2024,22/12/2024,1600 UTC,13:00,"22,70"
23/12/2024,22/12/2024,1700 UTC,14:00,"23,00"
23/12/2024,22/12/2024,1800 UTC,15:00,"22,50"
23/12/2024,22/12/2024,1900 UTC,16:00,"21,60"
23/12/2024,22/12/2024,2000 UTC,17:00,"21,20"
23/12/2024,22/12/2024,2100 UTC,18:00,"19,40"
23/12/2024,22/12/2024,2200 UTC,19:00,"18,90"
23/12/2024,22/12/2024,2300 UTC,20:00,"18,20"
24/12/2024,23/12/2024,0000 UTC,21:00,"17,90"
24/12/2024,23/12/2024,0100 UTC,22:00,"18,00"
24/12/2024,23/12/2024,0200 UTC,23:00,"17,70"
24/12/2024,23/12/2024,0300 UTC,00:00,"17,50"
24/12/2024,23/12/2024,0400 UTC,01:00,"17,50"
24/12/2024,23/12/2024,0500 UTC,02:00,"17,70"
24/12/2024,23/12/2024,0600 UTC,03:00,"17,60"
24/12/2024,23/12/2024,0700 UTC,04:00,"17,80"
24/12/2024,23/12/2024,0800 UTC,05:00,"17,70"
24/12/2024,23/12/2024,0900 UTC,06:00,"17,90"
24/12/2024,23/12/2024,1000 UTC,07:00,"18,40"
24/12/2024,23/12/2024,1100 UTC,08:00,"19,50"
24/12/2024,23/12/2024,1200 UTC,09:00,"20,10"
24/12/2024,23/12/2024,1300 UTC,10:00,"20,70"
24/12/2024,23/12/2024,1400 UTC,11:00,"21,90"
24/12/2024,23/12/2024,1500 UTC,12:00,"24,10"
24/12/2024,23/12/2024,1600 UTC,13:00,"25,30"
24/12/2024,23/12/2024,1700 UTC,14:00,"24,00"
24/12/2024,23/12/2024,1800 UTC,15:00,"25,10"
24/12/2024,23/12/2024,1900 UTC,16:00,"23,60"
24/12/2024,23/12/2024,2000 UTC,17:00,"22,20"
24/12/2024,23/12/2024,2100 UTC,18:00,"20,70"
24/12/2024,23/12/2024,2200 UTC,19:00,"20,00"
24/12/2024,23/12/2024,2300 UTC,20:00,"19,30"
25/12/2024,24/12/2024,0000 UTC,21:00,"19,40"
25/12/2024,24/12/2024,0100 UTC,22:00,"19,40"
25/12/2024,24/12/2024,0200 UTC,23:00,"19,50"
25/12/2024,24/12/2024,0300 UTC,00:00,"19,60"
25/12/2024,24/12/2024,0400 UTC,01:00,"19,50"
25/12/2024,24/12/2024,0500 UTC,02:00,"19,40"
25/12/2024,24/12/2024,0600 UTC,03:00,"19,20"
25/12/2024,24/12/2024,0700 UTC,04:00,"18,40"
25/12/2024,24/12/2024,0800 UTC,05:00,"18,20"
25/12/2024,24/12/2024,0900 UTC,06:00,"18,60"
25/12/2024,24/12/2024,1000 UTC,07:00,"20,10"
25/12/2024,24/12/2024,1100 UTC,08:00,"21,80"
25/12/2024,24/12/2024,1200 UTC,09:00,"25,20"
25/12/2024,24/12/2024,1300 UTC,10:00,"25,80"
25/12/2024,24/12/2024,1400 UTC,11:00,"27,20"
25/12/2024,24/12/2024,1500 UTC,12:00,"28,40"
25/12/2024,24/12/2024,1600 UTC,13:00,"29,20"
25/12/2024,24/12/2024,1700 UTC,14:00,"30,10"
25/12/2024,24/12/2024,1800 UTC,15:00,"27,20"
25/12/2024,24/12/2024,1900 UTC,16:00,"24,40"
25/12/2024,24/12/2024,2000 UTC,17:00,"23,60"
25/12/2024,24/12/2024,2100 UTC,18:00,"23,20"
25/12/2024,24/12/2024,2200 UTC,19:00,"22,40"
25/12/2024,24/12/2024,2300 UTC,20:00,"22,40"
26/12/2024,25/12/2024,0000 UTC,21:00,"22,20"
26/12/2024,25/12/2024,0100 UTC,22:00,"21,70"
26/12/2024,25/12/2024,0200 UTC,23:00,"21,40"
26/12/2024,25/12/2024,0300 UTC,00:00,"21,30"
26/12/2024,25/12/2024,0400 UTC,01:00,"21,30"
26/12/2024,25/12/2024,0500 UTC,02:00,"21,20"
26/12/2024,25/12/2024,0600 UTC,03:00,"20,80"
26/12/2024,25/12/2024,0700 UTC,04:00,"20,40"
26/12/2024,25/12/2024,0800 UTC,05:00,"20,30"
26/12/2024,25/12/2024,0900 UTC,06:00,"20,10"
26/12/2024,25/12/2024,1000 UTC,07:00,"20,60"
26/12/2024,25/12/2024,1100 UTC,08:00,"20,90"
26/12/2024,25/12/2024,1200 UTC,09:00,"21,00"
26/12/2024,25/12/2024,1300 UTC,10:00,"21,10"
26/12/2024,25/12/2024,1400 UTC,11:00,"21,80"
26/12/2024,25/12/2024,1500 UTC,12:00,"22,90"
26/12/2024,25/12/2024,1600 UTC,13:00,"23,30"
26/12/2024,25/12/2024,1700 UTC,14:00,"24,40"
26/12/2024,25/12/2024,1800 UTC,15:00,"25,80"
26/12/2024,25/12/2024,1900 UTC,16:00,"21,20"
26/12/2024,25/12/2024,2000 UTC,17:00,"20,10"
26/12/2024,25/12/2024,2100 UTC,18:00,"20,10"
26/12/2024,25/12/2024,2200 UTC,19:00,"20,10"
26/12/2024,25/12/2024,2300 UTC,20:00,"19,90"
27/12/2024,26/12/2024,0000 UTC,21:00,"19,70"
27/12/2024,26/12/2024,0100 UTC,22:00,"19,50"
27/12/2024,26/12/2024,0200 UTC,23:00,"19,50"
27/12/2024,26/12/2024,0300 UTC,00:00,"19,50"
27/12/2024,26/12/2024,0400 UTC,01:00,"19,50"
27/12/2024,26/12/2024,0500 UTC,02:00,"19,50"
27/12/2024,26/12/2024,0600 UTC,03:00,"19,60"
27/12/2024,26/12/2024,0700 UTC,04:00,"19,60"
27/12/2024,26/12/2024,0800 UTC,05:00,"19,70"
27/12/2024,26/12/2024,0900 UTC,06:00,"19,80"
27/12/2024,26/12/2024,1000 UTC,07:00,"20,00"
27/12/2024,26/12/2024,1100 UTC,08:00,"21,10"
27/12/2024,26/12/2024,1200 UTC,09:00,"21,70"
27/12/2024,26/12/2024,1300 UTC,10:00,"23,60"
27/12/2024,26/12/2024,1400 UTC,11:00,"24,60"
27/12/2024,26/12/2024,1500 UTC,12:00,"25,40"
27/12/2024,26/12/2024,1600 UTC,13:00,"26,70"
27/12/2024,26/12/2024,1700 UTC,14:00,"27,30"
27/12/2024,26/12/2024,1800 UTC,15:00,"26,50"
27/12/2024,26/12/2024,1900 UTC,16:00,"26,40"
27/12/2024,26/12/2024,2000 UTC,17:00,"25,30"
27/12/2024,26/12/2024,2100 UTC,18:00,"23,70"
27/12/2024,26/12/2024,2200 UTC,19:00,"22,40"
27/12/2024,26/12/2024,2300 UTC,20:00,"21,70"
28/12/2024,27/12/2024,0000 UTC,21:00,"21,60"
28/12/2024,27/12/2024,0100 UTC,22:00,"21,70"
28/12/2024,27/12/2024,0200 UTC,23:00,"21,30"
28/12/2024,27/12/2024,0300 UTC,00:00,"20,90"
28/12/2024,27/12/2024,0400 UTC,01:00,"21,00"
28/12/2024,27/12/2024,0500 UTC,02:00,"20,90"
28/12/2024,27/12/2024,0600 UTC,03:00,"20,60"
28/12/2024,27/12/2024,0700 UTC,04:00,"20,20"
28/12/2024,27/12/2024,0800 UTC,05:00,"20,70"
28/12/2024,27/12/2024,0900 UTC,06:00,"21,00"
28/12/2024,27/12/2024,1000 UTC,07:00,"21,60"
28/12/2024,27/12/2024,1100 UTC,08:00,"22,10"
28/12/2024,27/12/2024,1200 UTC,09:00,"23,30"
28/12/2024,27/12/2024,1300 UTC,10:00,"25,50"
28/12/2024,27/12/2024,1400 UTC,11:00,"26,80"
28/12/2024,27/12/2024,1500 UTC,12:00,"28,30"
28/12/2024,27/12/2024,1600 UTC,13:00,"28,90"
28/12/2024,27/12/2024,1700 UTC,14:00,"27,80"
28/12/2024,27/12/2024,1800 UTC,15:00,"29,00"
28/12/2024,27/12/2024,1900 UTC,16:00,"27,40"
28/12/2024,27/12/2024,2000 UTC,17:00,"26,70"
28/12/2024,27/12/2024,2100 UTC,18:00,"24,90"
28/12/2024,27/12/2024,2200 UTC,19:00,"22,70"
28/12/2024,27/12/2024,2300 UTC,20:00,"22,10"
29/12/2024,28/12/2024,0000 UTC,21:00,"21,40"
29/12/2024,28/12/2024,0100 UTC,22:00,"21,70"
29/12/2024,28/12/2024,0200 UTC,23:00,"21,50"
29/12/2024,28/12/2024,0300 UTC,00:00,"21,20"
29/12/2024,28/12/2024,0400 UTC,01:00,"20,70"
29/12/2024,28/12/2024,0500 UTC,02:00,"19,80"
29/12/2024,28/12/2024,0600 UTC,03:00,"19,20"
29/12/2024,28/12/2024,0700 UTC,04:00,"18,90"
29/12/2024,28/12/2024,0800 UTC,05:00,"19,40"
29/12/2024,28/12/2024,0900 UTC,06:00,"19,60"
29/12/2024,28/12/2024,1000 UTC,07:00,"21,70"
29/12/2024,28/12/2024,1100 UTC,08:00,"22,40"
29/12/2024,28/12/2024,1200 UTC,09:00,"23,70"
29/12/2024,28/12/2024,1300 UTC,10:00,"25,40"
29/12/2024,28/12/2024,1400 UTC,11:00,"26,00"
29/12/2024,28/12/2024,1500 UTC,12:00,"26,60"
29/12/2024,28/12/2024,1600 UTC,13:00,"24,20"
29/12/2024,28/12/2024,1700 UTC,14:00,"25,40"
29/12/2024,28/12/2024,1800 UTC,15:00,"25,80"
29/12/2024,28/12/2024,1900 UTC,16:00,"23,70"
29/12/2024,28/12/2024,2000 UTC,17:00,"23,20"
29/12/2024,28/12/2024,2100 UTC,18:00,"22,10"
29/12/2024,28/12/2024,2200 UTC,19:00,"20,50"
29/12/2024,28/12/2024,2300 UTC,20:00,"20,50"
30/12/2024,29/12/2024,0000 UTC,21:00,"19,20"
30/12/2024,29/12/2024,0100 UTC,22:00,"19,30"
30/12/2024,29/12/2024,0200 UTC,23:00,"18,90"
30/12/2024,29/12/2024,0300 UTC,00:00,"18,10"
30/12/2024,29/12/2024,0400 UTC,01:00,"17,60"
30/12/2024,29/12/2024,0500 UTC,02:00,"17,70"
30/12/2024,29/12/2024,0600 UTC,03:00,"17,50"
30/12/2024,29/12/2024,0700 UTC,04:00,"17,50"
30/12/2024,29/12/2024,0800 UTC,05:00,"17,80"
30/12/2024,29/12/2024,0900 UTC,06:00,"18,60"
30/12/2024,29/12/2024,1000 UTC,07:00,"19,20"
30/12/2024,29/12/2024,1100 UTC,08:00,"21,10"
30/12/2024,29/12/2024,1200 UTC,09:00,"22,40"
30/12/2024,29/12/2024,1300 UTC,10:00,"23,10"
30/12/2024,29/12/2024,1400 UTC,11:00,"24,70"
30/12/2024,29/12/2024,1500 UTC,12:00,"24,50"
30/12/2024,29/12/2024,1600 UTC,13:00,"25,30"
30/12/2024,29/12/2024,1700 UTC,14:00,"26,20"
30/12/2024,29/12/2024,1800 UTC,15:00,"26,10"
30/12/2024,29/12/2024,1900 UTC,16:00,"25,80"
30/12/2024,29/12/2024,2000 UTC,17:00,"22,40"
30/12/2024,29/12/2024,2100 UTC,18:00,"21,30"
30/12/2024,29/12/2024,2200 UTC,19:00,"20,70"
30/12/2024,29/12/2024,2300 UTC,20:00,"20,50"
31/12/2024,30/12/2024,0000 UTC,21:00,"20,00"
31/12/2024,30/12/2024,0100 UTC,22:00,"20,10"
31/12/2024,30/12/2024,0200 UTC,23:00,"20,00"
31/12/2024,30/12/2024,0300 UTC,00:00,"19,80"
31/12/2024,30/12/2024,0400 UTC,01:00,"19,60"
31/12/2024,30/12/2024,0500 UTC,02:00,"19,20"
31/12/2024,30/12/2024,0600 UTC,03:00,"18,40"
31/12/2024,30/12/2024,0700 UTC,04:00,"18,30"
31/12/2024,30/12/2024,0800 UTC,05:00,"18,20"
31/12/2024,30/12/2024,0900 UTC,06:00,"18,20"
31/12/2024,30/12/2024,1000 UTC,07:00,"20,00"
31/12/2024,30/12/2024,1100 UTC,08:00,"22,10"
31/12/2024,30/12/2024,1200 UTC,09:00,"24,20"
31/12/2024,30/12/2024,1300 UTC,10:00,"25,00"
31/12/2024,30/12/2024,1400 UTC,11:00,"26,30"
31/12/2024,30/12/2024,1500 UTC,12:00,"26,40"
31/12/2024,30/12/2024,1600 UTC,13:00,"26,40"
31/12/2024,30/12/2024,1700 UTC,14:00,"27,10"
31/12/2024,30/12/2024,1800 UTC,15:00,"24,70"
31/12/2024,30/12/2024,1900 UTC,16:00,"23,50"
31/12/2024,30/12/2024,2000 UTC,17:00,"24,50"
31/12/2024,30/12/2024,2100 UTC,18:00,"24,30"
31/12/2024,30/12/2024,2200 UTC,19:00,"22,30"
31/12/2024,30/12/2024,2300 UTC,20:00,"21,30"