Data UTC,Data BRT,Hora UTC,Hora BRT,Temperatura ºC
01/01/2020,31/12/2019,0000 UTC,21:00,"22,80"
01/01/2020,31/12/2019,0100 UTC,22:00,"22,00"
01/01/2020,31/12/2019,0200 UTC,23:00,"21,20"
01/01/2020,31/12/2019,0300 UTC,00:00,"21,00"
01/01/2020,31/12/2019,0400 UTC,01:00,"20,20"
01/01/2020,31/12/2019,0500 UTC,02:00,"20,50"
01/01/2020,31/12/2019,0600 UTC,03:00,"20,60"
01/01/2020,31/12/2019,0700 UTC,04:00,"20,30"
01/01/2020,31/12/2019,0800 UTC,05:00,"20,30"
01/01/2020,31/12/2019,0900 UTC,06:00,"20,00"
01/01/2020,31/12/2019,1000 UTC,07:00,"20,90"
01/01/2020,31/12/2019,1100 UTC,08:00,"23,70"
01/01/2020,31/12/2019,1200 UTC,09:00,"26,50"
01/01/2020,31/12/2019,1300 UTC,10:00,"28,90"
01/01/2020,31/12/2019,1400 UTC,11:00,"30,50"
01/01/2020,31/12/2019,1500 UTC,12:00,"31,40"
01/01/2020,31/12/2019,1600 UTC,13:00,"32,20"
01/01/2020,31/12/2019,1700 UTC,14:00,"31,20"
01/01/2020,31/12/2019,1800 UTC,15:00,"29,90"
01/01/2020,31/12/2019,1900 UTC,16:00,"31,30"
01/01/2020,31/12/2019,2000 UTC,17:00,"27,80"
01/01/2020,31/12/2019,2100 UTC,18:00,"23,20"
01/01/2020,31/12/2019,2200 UTC,19:00,"20,70"
01/01/2020,31/12/2019,2300 UTC,20:00,"20,90"
02/01/2020,01/01/2020,0000 UTC,21:00,"21,50"
02/01/2020,01/01/2020,0100 UTC,22:00,"20,90"
02/01/2020,01/01/2020,0200 UTC,23:00,"20,60"
02/01/2020,01/01/2020,0300 UTC,00:00,"20,40"
02/01/2020,01/01/2020,0400 UTC,01:00,"20,20"
02/01/2020,01/01/2020,0500 UTC,02:00,"20,00"
02/01/2020,01/01/2020,0600 UTC,03:00,"20,20"
02/01/2020,01/01/2020,0700 UTC,04:00,"20,10"
02/01/2020,01/01/2020,0800 UTC,05:00,"20,40"
02/01/2020,01/01/2020,0900 UTC,06:00,"20,50"
02/01/2020,01/01/2020,1000 UTC,07:00,"20,70"
02/01/2020,01/01/2020,1100 UTC,08:00,"21,90"
02/01/2020,01/01/2020,1200 UTC,09:00,"24,20"
02/01/2020,01/01/2020,1300 UTC,10:00,"25,90"
02/01/2020,01/01/2020,1400 UTC,11:00,"27,70"
02/01/2020,01/01/2020,1500 UTC,12:00,"28,00"
02/01/2020,01/01/2020,1600 UTC,13:00,"28,60"
02/01/2020,01/01/2020,1700 UTC,14:00,"22,30"
02/01/2020,01/01/2020,1800 UTC,15:00,"21,40"
02/01/2020,01/01/2020,1900 UTC,16:00,"18,80"
02/01/2020,01/01/2020,2000 UTC,17:00,"19,00"
02/01/2020,01/01/2020,2100 UTC,18:00,"19,80"
02/01/2020,01/01/2020,2200 UTC,19:00,"19,70"
02/01/2020,01/01/2020,2300 UTC,20:00,"19,50"
03/01/2020,02/01/2020,0000 UTC,21:00,"18,90"
03/01/2020,02/01/2020,0100 UTC,22:00,"19,30"
03/01/2020,02/01/2020,0200 UTC,23:00,"19,50"
03/01/2020,02/01/2020,0300 UTC,00:00,"19,30"
03/01/2020,02/01/2020,0400 UTC,01:00,"19,20"
03/01/2020,02/01/2020,0500 UTC,02:00,"19,10"
03/01/2020,02/01/2020,0600 UTC,03:00,"18,70"
03/01/2020,02/01/2020,0700 UTC,04:00,"19,00"
03/01/2020,02/01/2020,0800 UTC,05:00,"18,80"
03/01/2020,02/01/2020,0900 UTC,06:00,"18,80"
03/01/2020,02/01/2020,1000 UTC,07:00,"20,40"
03/01/2020,02/01/2020,1100 UTC,08:00,"21,80"
03/01/2020,02/01/2020,1200 UTC,09:00,"21,20"
03/01/2020,02/01/2020,1300 UTC,10:00,"23,20"
03/01/2020,02/01/2020,1400 UTC,11:00,"23,10"
03/01/2020,02/01/2020,1500 UTC,12:00,"23,30"
03/01/2020,02/01/2020,1600 UTC,13:00,"20,80"
03/01/2020,02/01/2020,1700 UTC,14:00,"23,00"
03/01/2020,02/01/2020,1800 UTC,15:00,"22,90"
03/01/2020,02/01/2020,1900 UTC,16:00,"22,20"
03/01/2020,02/01/2020,2000 UTC,17:00,"22,60"
03/01/2020,02/01/2020,2100 UTC,18:00,"21,00"
03/01/2020,02/01/2020,2200 UTC,19:00,"20,10"
03/01/2020,02/01/2020,2300 UTC,20:00,"19,70"
04/01/2020,03/01/2020,0000 UTC,21:00,"19,40"
04/01/2020,03/01/2020,0100 UTC,22:00,"19,00"
04/01/2020,03/01/2020,0200 UTC,23:00,"19,20"
04/01/2020,03/01/2020,0300 UTC,00:00,"18,80"
04/01/2020,03/01/2020,0400 UTC,01:00,"18,70"
04/01/2020,03/01/2020,0500 UTC,02:00,"18,80"
04/01/2020,03/01/2020,0600 UTC,03:00,"18,70"
04/01/2020,03/01/2020,0700 UTC,04:00,"18,60"
04/01/2020,03/01/2020,0800 UTC,05:00,"18,50"
04/01/2020,03/01/2020,0900 UTC,06:00,"18,80"
04/01/2020,03/01/2020,1000 UTC,07:00,"19,10"
04/01/2020,03/01/2020,1100 UTC,08:00,"19,40"
04/01/2020,03/01/2020,1200 UTC,09:00,"20,20"
04/01/2020,03/01/2020,1300 UTC,10:00,"21,50"
04/01/2020,03/01/2020,1400 UTC,11:00,"23,40"
04/01/2020,03/01/2020,1500 UTC,12:00,"23,30"
04/01/2020,03/01/2020,1600 UTC,13:00,"25,10"
04/01/2020,03/01/2020,1700 UTC,14:00,"26,20"
04/01/2020,03/01/2020,1800 UTC,15:00,"25,80"
04/01/2020,03/01/2020,1900 UTC,16:00,"26,30"
04/01/2020,03/01/2020,2000 UTC,17:00,"25,20"
04/01/2020,03/01/2020,2100 UTC,18:00,"20,70"
04/01/2020,03/01/2020,2200 UTC,19:00,"19,90"
04/01/2020,03/01/2020,2300 UTC,20:00,"19,00"
05/01/2020,04/01/2020,0000 UTC,21:00,"18,30"
05/01/2020,04/01/2020,0100 UTC,22:00,"17,90"
05/01/2020,04/01/2020,0200 UTC,23:00,"17,90"
05/01/2020,04/01/2020,0300 UTC,00:00,"17,90"
05/01/2020,04/01/2020,0400 UTC,01:00,"17,80"
05/01/2020,04/01/2020,0500 UTC,02:00,"17,80"
05/01/2020,04/01/2020,0600 UTC,03:00,"17,70"
05/01/2020,04/01/2020,0700 UTC,04:00,"17,60"
05/01/2020,04/01/2020,0800 UTC,05:00,"17,70"
05/01/2020,04/01/2020,0900 UTC,06:00,"17,70"
05/01/2020,04/01/2020,1000 UTC,07:00,"19,20"
05/01/2020,04/01/2020,1100 UTC,08:00,"20,00"
05/01/2020,04/01/2020,1200 UTC,09:00,"21,10"
05/01/2020,04/01/2020,1300 UTC,10:00,"22,20"
05/01/2020,04/01/2020,1400 UTC,11:00,"22,60"
05/01/2020,04/01/2020,1500 UTC,12:00,"23,30"
05/01/2020,04/01/2020,1600 UTC,13:00,"24,60"
05/01/2020,04/01/2020,1700 UTC,14:00,"24,30"
05/01/2020,04/01/2020,1800 UTC,15:00,"25,70"
05/01/2020,04/01/2020,1900 UTC,16:00,"24,50"
05/01/2020,04/01/2020,2000 UTC,17:00,"22,80"
05/01/2020,04/01/2020,2100 UTC,18:00,"21,10"
05/01/2020,04/01/2020,2200 UTC,19:00,"20,30"
05/01/2020,04/01/2020,2300 UTC,20:00,"20,30"
06/01/2020,05/01/2020,0000 UTC,21:00,"20,00"
06/01/2020,05/01/2020,0100 UTC,22:00,"19,90"
06/01/2020,05/01/2020,0200 UTC,23:00,"19,50"
06/01/2020,05/01/2020,0300 UTC,00:00,"19,30"
06/01/2020,05/01/2020,0400 UTC,01:00,"18,40"
06/01/2020,05/01/2020,0500 UTC,02:00,"18,60"
06/01/2020,05/01/2020,0600 UTC,03:00,"18,70"
06/01/2020,05/01/2020,0700 UTC,04:00,"18,90"
06/01/2020,05/01/2020,0800 UTC,05:00,"19,10"
06/01/2020,05/01/2020,0900 UTC,06:00,"19,00"
06/01/2020,05/01/2020,1000 UTC,07:00,"20,30"
06/01/2020,05/01/2020,1100 UTC,08:00,"22,40"
06/01/2020,05/01/2020,1200 UTC,09:00,"22,70"
06/01/2020,05/01/2020,1300 UTC,10:00,"24,10"
06/01/2020,05/01/2020,1400 UTC,11:00,"25,90"
06/01/2020,05/01/2020,1500 UTC,12:00,"26,30"
06/01/2020,05/01/2020,1600 UTC,13:00,"27,30"
06/01/2020,05/01/2020,1700 UTC,14:00,"29,10"
06/01/2020,05/01/2020,1800 UTC,15:00,"30,50"
06/01/2020,05/01/2020,1900 UTC,16:00,"31,00"
06/01/2020,05/01/2020,2000 UTC,17:00,"29,50"
06/01/2020,05/01/2020,2100 UTC,18:00,"29,30"
06/01/2020,05/01/2020,2200 UTC,19:00,"26,90"
06/01/2020,05/01/2020,2300 UTC,20:00,"25,30"
07/01/2020,06/01/2020,0000 UTC,21:00,"22,50"
07/01/2020,06/01/2020,0100 UTC,22:00,"23,40"
07/01/2020,06/01/2020,0200 UTC,23:00,"22,80"
07/01/2020,06/01/2020,0300 UTC,00:00,"21,50"
07/01/2020,06/01/2020,0400 UTC,01:00,"20,70"
07/01/2020,06/01/2020,0500 UTC,02:00,"21,10"
07/01/2020,06/01/2020,0600 UTC,03:00,"21,00"
07/01/2020,06/01/2020,0700 UTC,04:00,"20,70"
07/01/2020,06/01/2020,0800 UTC,05:00,"20,20"
07/01/2020,06/01/2020,0900 UTC,06:00,"19,80"
07/01/2020,06/01/2020,1000 UTC,07:00,"22,50"
07/01/2020,06/01/2020,1100 UTC,08:00,"24,60"
07/01/2020,06/01/2020,1200 UTC,09:00,"26,70"
07/01/2020,06/01/2020,1300 UTC,10:00,"26,50"
07/01/2020,06/01/2020,1400 UTC,11:00,"27,70"
07/01/2020,06/01/2020,1500 UTC,12:00,"28,20"
07/01/2020,06/01/2020,1600 UTC,13:00,"30,20"
07/01/2020,06/01/2020,1700 UTC,14:00,"30,30"
07/01/2020,06/01/2020,1800 UTC,15:00,"29,50"
07/01/2020,06/01/2020,1900 UTC,16:00,"29,10"
07/01/2020,06/01/2020,2000 UTC,17:00,"27,80"
07/01/2020,06/01/2020,2100 UTC,18:00,"25,30"
07/01/2020,06/01/2020,2200 UTC,19:00,"24,40"
07/01/2020,06/01/2020,2300 UTC,20:00,"23,90"
08/01/2020,07/01/2020,0000 UTC,21:00,"20,70"
08/01/2020,07/01/2020,0100 UTC,22:00,"20,60"
08/01/2020,07/01/2020,0200 UTC,23:00,"21,00"
08/01/2020,07/01/2020,0300 UTC,00:00,"21,20"
08/01/2020,07/01/2020,0400 UTC,01:00,"21,20"
08/01/2020,07/01/2020,0500 UTC,02:00,"21,10"
08/01/2020,07/01/2020,0600 UTC,03:00,"21,20"
08/01/2020,07/01/2020,0700 UTC,04:00,"21,30"
08/01/2020,07/01/2020,0800 UTC,05:00,"21,20"
08/01/2020,07/01/2020,0900 UTC,06:00,"21,30"
08/01/2020,07/01/2020,1000 UTC,07:00,"21,80"
08/01/2020,07/01/2020,1100 UTC,08:00,"22,80"
08/01/2020,07/01/2020,1200 UTC,09:00,"24,30"
08/01/2020,07/01/2020,1300 UTC,10:00,"26,10"
08/01/2020,07/01/2020,1400 UTC,11:00,"26,40"
08/01/2020,07/01/2020,1500 UTC,12:00,"25,80"
08/01/2020,07/01/2020,1600 UTC,13:00,"27,30"
08/01/2020,07/01/2020,1700 UTC,14:00,"28,00"
08/01/2020,07/01/2020,1800 UTC,15:00,"28,80"
08/01/2020,07/01/2020,1900 UTC,16:00,"22,80"
08/01/2020,07/01/2020,2000 UTC,17:00,"24,80"
08/01/2020,07/01/2020,2100 UTC,18:00,"25,20"
08/01/2020,07/01/2020,2200 UTC,19:00,"24,60"
08/01/2020,07/01/2020,2300 UTC,20:00,"24,00"
09/01/2020,08/01/2020,0000 UTC,21:00,"23,00"
09/01/2020,08/01/2020,0100 UTC,22:00,"22,40"
09/01/2020,08/01/2020,0200 UTC,23:00,"22,00"
09/01/2020,08/01/2020,0300 UTC,00:00,"22,00"
09/01/2020,08/01/2020,0400 UTC,01:00,"22,00"
09/01/2020,08/01/2020,0500 UTC,02:00,"21,80"
09/01/2020,08/01/2020,0600 UTC,03:00,"22,10"
09/01/2020,08/01/2020,0700 UTC,04:00,"22,00"
09/01/2020,08/01/2020,0800 UTC,05:00,"22,00"
09/01/2020,08/01/2020,0900 UTC,06:00,"21,70"
09/01/2020,08/01/2020,1000 UTC,07:00,"22,20"
09/01/2020,08/01/2020,1100 UTC,08:00,"23,70"
09/01/2020,08/01/2020,1200 UTC,09:00,"25,30"
09/01/2020,08/01/2020,1300 UTC,10:00,"26,70"
09/01/2020,08/01/2020,1400 UTC,11:00,"29,40"
09/01/2020,08/01/2020,1500 UTC,12:00,"25,50"
09/01/2020,08/01/2020,1600 UTC,13:00,"26,60"
09/01/2020,08/01/2020,1700 UTC,14:00,"28,80"
09/01/2020,08/01/2020,1800 UTC,15:00,"27,30"
09/01/2020,08/01/2020,1900 UTC,16:00,"23,20"
09/01/2020,08/01/2020,2000 UTC,17:00,"23,70"
09/01/2020,08/01/2020,2100 UTC,18:00,"21,60"
09/01/2020,08/01/2020,2200 UTC,19:00,"21,70"
09/01/2020,08/01/2020,2300 UTC,20:00,"21,90"
10/01/2020,09/01/2020,0000 UTC,21:00,"21,80"
10/01/2020,09/01/2020,0100 UTC,22:00,"22,00"
10/01/2020,09/01/2020,0200 UTC,23:00,"22,10"
10/01/2020,09/01/2020,0300 UTC,00:00,"21,90"
10/01/2020,09/01/2020,0400 UTC,01:00,"21,80"
10/01/2020,09/01/2020,0500 UTC,02:00,"22,00"
10/01/2020,09/01/2020,0600 UTC,03:00,"21,90"
10/01/2020,09/01/2020,0700 UTC,04:00,"21,90"
10/01/2020,09/01/2020,0800 UTC,05:00,"21,90"
10/01/2020,09/01/2020,0900 UTC,06:00,"21,90"
10/01/2020,09/01/2020,1000 UTC,07:00,"22,20"
10/01/2020,09/01/2020,1100 UTC,08:00,"23,40"
10/01/2020,09/01/2020,1200 UTC,09:00,"24,40"
10/01/2020,09/01/2020,1300 UTC,10:00,"25,70"
10/01/2020,09/01/2020,1400 UTC,11:00,"26,90"
10/01/2020,09/01/2020,1500 UTC,12:00,"28,40"
10/01/2020,09/01/2020,1600 UTC,13:00,"27,80"
10/01/2020,09/01/2020,1700 UTC,14:00,"30,00"
10/01/2020,09/01/2020,1800 UTC,15:00,"28,10"
10/01/2020,09/01/2020,1900 UTC,16:00,"27,60"
10/01/2020,09/01/2020,2000 UTC,17:00,"27,50"
10/01/2020,09/01/2020,2100 UTC,18:00,"26,90"
10/01/2020,09/01/2020,2200 UTC,19:00,"25,80"
10/01/2020,09/01/2020,2300 UTC,20:00,"25,00"
11/01/2020,10/01/2020,0000 UTC,21:00,"24,80"
11/01/2020,10/01/2020,0100 UTC,22:00,"24,30"
11/01/2020,10/01/2020,0200 UTC,23:00,"24,10"
11/01/2020,10/01/2020,0300 UTC,00:00,"23,30"
11/01/2020,10/01/2020,0400 UTC,01:00,"23,00"
11/01/2020,10/01/2020,0500 UTC,02:00,"22,70"
11/01/2020,10/01/2020,0600 UTC,03:00,"22,60"
11/01/2020,10/01/2020,0700 UTC,04:00,"21,70"
11/01/2020,10/01/2020,0800 UTC,05:00,"21,60"
11/01/2020,10/01/2020,0900 UTC,06:00,"21,80"
11/01/2020,10/01/2020,1000 UTC,07:00,"23,90"
11/01/2020,10/01/2020,1100 UTC,08:00,"24,70"
11/01/2020,10/01/2020,1200 UTC,09:00,"26,50"
11/01/2020,10/01/2020,1300 UTC,10:00,"27,40"
11/01/2020,10/01/2020,1400 UTC,11:00,"28,70"
11/01/2020,10/01/2020,1500 UTC,12:00,"27,80"
11/01/2020,10/01/2020,1600 UTC,13:00,"26,50"
11/01/2020,10/01/2020,1700 UTC,14:00,"27,10"
11/01/2020,10/01/2020,1800 UTC,15:00,"27,30"
11/01/2020,10/01/2020,1900 UTC,16:00,"29,00"
11/01/2020,10/01/2020,2000 UTC,17:00,"28,10"
11/01/2020,10/01/2020,2100 UTC,18:00,"26,90"
11/01/2020,10/01/2020,2200 UTC,19:00,"25,30"
11/01/2020,10/01/2020,2300 UTC,20:00,"24,60"
12/01/2020,11/01/2020,0000 UTC,21:00,"24,00"
12/01/2020,11/01/2020,0100 UTC,22:00,"23,80"
12/01/2020,11/01/2020,0200 UTC,23:00,"23,40"
12/01/2020,11/01/2020,0300 UTC,00:00,"22,80"
12/01/2020,11/01/2020,0400 UTC,01:00,"22,30"
12/01/2020,11/01/2020,0500 UTC,02:00,"21,70"
12/01/2020,11/01/2020,0600 UTC,03:00,"21,50"
12/01/2020,11/01/2020,0700 UTC,04:00,"21,40"
12/01/2020,11/01/2020,0800 UTC,05:00,"21,40"
12/01/2020,11/01/2020,0900 UTC,06:00,"21,50"
12/01/2020,11/01/2020,1000 UTC,07:00,"21,30"
12/01/2020,11/01/2020,1100 UTC,08:00,"22,10"
12/01/2020,11/01/2020,1200 UTC,09:00,"22,90"
12/01/2020,11/01/2020,1300 UTC,10:00,"25,60"
12/01/2020,11/01/2020,1400 UTC,11:00,"25,20"
12/01/2020,11/01/2020,1500 UTC,12:00,"25,00"
12/01/2020,11/01/2020,1600 UTC,13:00,"27,50"
12/01/2020,11/01/2020,1700 UTC,14:00,"28,20"
12/01/2020,11/01/2020,1800 UTC,15:00,"27,50"
12/01/2020,11/01/2020,1900 UTC,16:00,"25,30"
12/01/2020,11/01/2020,2000 UTC,17:00,"24,20"
12/01/2020,11/01/2020,2100 UTC,18:00,"23,40"
12/01/2020,11/01/2020,2200 UTC,19:00,"22,70"
12/01/2020,11/01/2020,2300 UTC,20:00,"21,80"
13/01/2020,12/01/2020,0000 UTC,21:00,"21,80"
13/01/2020,12/01/2020,0100 UTC,22:00,"21,50"
13/01/2020,12/01/2020,0200 UTC,23:00,"21,30"
13/01/2020,12/01/2020,0300 UTC,00:00,"21,00"
13/01/2020,12/01/2020,0400 UTC,01:00,"20,90"
13/01/2020,12/01/2020,0500 UTC,02:00,"20,70"
13/01/2020,12/01/2020,0600 UTC,03:00,"20,10"
13/01/2020,12/01/2020,0700 UTC,04:00,"19,80"
13/01/2020,12/01/2020,0800 UTC,05:00,"19,80"
13/01/2020,12/01/2020,0900 UTC,06:00,"20,10"
13/01/2020,12/01/2020,1000 UTC,07:00,"20,90"
13/01/2020,12/01/2020,1100 UTC,08:00,"21,20"
13/01/2020,12/01/2020,1200 UTC,09:00,"22,80"
13/01/2020,12/01/2020,1300 UTC,10:00,"23,40"
13/01/2020,12/01/2020,1400 UTC,11:00,"25,00"
13/01/2020,12/01/2020,1500 UTC,12:00,"25,60"
13/01/2020,12/01/2020,1600 UTC,13:00,"25,80"
13/01/2020,12/01/2020,1700 UTC,14:00,"25,40"
13/01/2020,12/01/2020,1800 UTC,15:00,"24,60"
13/01/2020,12/01/2020,1900 UTC,16:00,"25,40"
13/01/2020,12/01/2020,2000 UTC,17:00,"24,40"
13/01/2020,12/01/2020,2100 UTC,18:00,"21,90"
13/01/2020,12/01/2020,2200 UTC,19:00,"21,00"
13/01/2020,12/01/2020,2300 UTC,20:00,"20,10"
14/01/2020,13/01/2020,0000 UTC,21:00,"19,30"
14/01/2020,13/01/2020,0100 UTC,22:00,"18,90"
14/01/2020,13/01/2020,0200 UTC,23:00,"18,80"
14/01/2020,13/01/2020,0300 UTC,00:00,"18,40"
14/01/2020,13/01/2020,0400 UTC,01:00,"18,10"
14/01/2020,13/01/2020,0500 UTC,02:00,"17,80"
14/01/2020,13/01/2020,0600 UTC,03:00,"17,60"
14/01/2020,13/01/2020,0700 UTC,04:00,"17,50"
14/01/2020,13/01/2020,0800 UTC,05:00,"18,00"
14/01/2020,13/01/2020,0900 UTC,06:00,"18,00"
14/01/2020,13/01/2020,1000 UTC,07:00,"18,40"
14/01/2020,13/01/2020,1100 UTC,08:00,"19,50"
14/01/2020,13/01/2020,1200 UTC,09:00,"20,60"
14/01/2020,13/01/2020,1300 UTC,10:00,"22,90"
14/01/2020,13/01/2020,1400 UTC,11:00,"24,40"
14/01/2020,13/01/2020,1500 UTC,12:00,"25,50"
14/01/2020,13/01/2020,1600 UTC,13:00,"25,60"
14/01/2020,13/01/2020,1700 UTC,14:00,"26,00"
14/01/2020,13/01/2020,1800 UTC,15:00,"26,40"
14/01/2020,13/01/2020,1900 UTC,16:00,"24,80"
14/01/2020,13/01/2020,2000 UTC,17:00,"24,80"
14/01/2020,13/01/2020,2100 UTC,18:00,"23,00"
14/01/2020,13/01/2020,2200 UTC,19:00,"21,50"
14/01/2020,13/01/2020,2300 UTC,20:00,"20,70"
15/01/2020,14/01/2020,0000 UTC,21:00,"20,00"
15/01/2020,14/01/2020,0100 UTC,22:00,"20,10"
15/01/2020,14/01/2020,0200 UTC,23:00,"19,60"
15/01/2020,14/01/2020,0300 UTC,00:00,"19,10"
15/01/2020,14/01/2020,0400 UTC,01:00,"18,70"
15/01/2020,14/01/2020,0500 UTC,02:00,"18,40"
15/01/2020,14/01/2020,0600 UTC,03:00,"18,00"
15/01/2020,14/01/2020,0700 UTC,04:00,"17,70"
15/01/2020,14/01/2020,0800 UTC,05:00,"17,30"
15/01/2020,14/01/2020,0900 UTC,06:00,"17,10"
15/01/2020,14/01/2020,1000 UTC,07:00,"20,30"
15/01/2020,14/01/2020,1100 UTC,08:00,"22,10"
15/01/2020,14/01/2020,1200 UTC,09:00,"24,20"
15/01/2020,14/01/2020,1300 UTC,10:00,"27,00"
15/01/2020,14/01/2020,1400 UTC,11:00,"27,70"
15/01/2020,14/01/2020,1500 UTC,12:00,"30,10"
15/01/2020,14/01/2020,1600 UTC,13:00,"29,50"
15/01/2020,14/01/2020,1700 UTC,14:00,"30,50"
15/01/2020,14/01/2020,1800 UTC,15:00,"32,70"
15/01/2020,14/01/2020,1900 UTC,16:00,"29,80"
15/01/2020,14/01/2020,2000 UTC,17:00,"30,00"
15/01/2020,14/01/2020,2100 UTC,18:00,"30,50"
15/01/2020,14/01/2020,2200 UTC,19:00,"27,60"
15/01/2020,14/01/2020,2300 UTC,20:00,"25,30"
16/01/2020,15/01/2020,0000 UTC,21:00,"24,00"
16/01/2020,15/01/2020,0100 UTC,22:00,"23,50"
16/01/2020,15/01/2020,0200 UTC,23:00,"23,00"
16/01/2020,15/01/2020,0300 UTC,00:00,"22,30"
16/01/2020,15/01/2020,0400 UTC,01:00,"21,90"
16/01/2020,15/01/2020,0500 UTC,02:00,"21,20"
16/01/2020,15/01/2020,0600 UTC,03:00,"21,00"
16/01/2020,15/01/2020,0700 UTC,04:00,"21,10"
16/01/2020,15/01/2020,0800 UTC,05:00,"21,20"
16/01/2020,15/01/2020,0900 UTC,06:00,"21,40"
16/01/2020,15/01/2020,1000 UTC,07:00,"22,70"
16/01/2020,15/01/2020,1100 UTC,08:00,"26,30"
16/01/2020,15/01/2020,1200 UTC,09:00,"29,00"
16/01/2020,15/01/2020,1300 UTC,10:00,"30,30"
16/01/2020,15/01/2020,1400 UTC,11:00,"32,00"
16/01/2020,15/01/2020,1500 UTC,12:00,"32,80"
16/01/2020,15/01/2020,1600 UTC,13:00,"32,80"
16/01/2020,15/01/2020,1700 UTC,14:00,"33,30"
16/01/2020,15/01/2020,1800 UTC,15:00,"31,60"
16/01/2020,15/01/2020,1900 UTC,16:00,"23,50"
16/01/2020,15/01/2020,2000 UTC,17:00,"22,20"
16/01/2020,15/01/2020,2100 UTC,18:00,"22,60"
16/01/2020,15/01/2020,2200 UTC,19:00,"21,90"
16/01/2020,15/01/2020,2300 UTC,20:00,"21,60"
17/01/2020,16/01/2020,0000 UTC,21:00,"21,50"
17/01/2020,16/01/2020,0100 UTC,22:00,"21,70"
17/01/2020,16/01/2020,0200 UTC,23:00,"21,40"
17/01/2020,16/01/2020,0300 UTC,00:00,"21,10"
17/01/2020,16/01/2020,0400 UTC,01:00,"20,20"
17/01/2020,16/01/2020,0500 UTC,02:00,"19,70"
17/01/2020,16/01/2020,0600 UTC,03:00,"19,30"
17/01/2020,16/01/2020,0700 UTC,04:00,"18,90"
17/01/2020,16/01/2020,0800 UTC,05:00,"18,60"
17/01/2020,16/01/2020,0900 UTC,06:00,"18,60"
17/01/2020,16/01/2020,1000 UTC,07:00,"18,50"
17/01/2020,16/01/2020,1100 UTC,08:00,"18,90"
17/01/2020,16/01/2020,1200 UTC,09:00,"20,10"
17/01/2020,16/01/2020,1300 UTC,10:00,"21,50"
17/01/2020,16/01/2020,1400 UTC,11:00,"21,00"
17/01/2020,16/01/2020,1500 UTC,12:00,"22,30"
17/01/2020,16/01/2020,1600 UTC,13:00,"22,20"
17/01/2020,16/01/2020,1700 UTC,14:00,"21,30"
17/01/2020,16/01/2020,1800 UTC,15:00,"21,00"
17/01/2020,16/01/2020,1900 UTC,16:00,"20,40"
17/01/2020,16/01/2020,2000 UTC,17:00,"19,10"
17/01/2020,16/01/2020,2100 UTC,18:00,"18,50"
17/01/2020,16/01/2020,2200 UTC,19:00,"17,90"
17/01/2020,16/01/2020,2300 UTC,20:00,"17,60"
18/01/2020,17/01/2020,0000 UTC,21:00,"17,70"
18/01/2020,17/01/2020,0100 UTC,22:00,"17,70"
18/01/2020,17/01/2020,0200 UTC,23:00,"17,30"
18/01/2020,17/01/2020,0300 UTC,00:00,"17,30"
18/01/2020,17/01/2020,0400 UTC,01:00,"17,20"
18/01/2020,17/01/2020,0500 UTC,02:00,"17,10"
18/01/2020,17/01/2020,0600 UTC,03:00,"17,30"
18/01/2020,17/01/2020,0700 UTC,04:00,"17,10"
18/01/2020,17/01/2020,0800 UTC,05:00,"17,10"
18/01/2020,17/01/2020,0900 UTC,06:00,"17,20"
18/01/2020,17/01/2020,1000 UTC,07:00,"17,90"
18/01/2020,17/01/2020,1100 UTC,08:00,"18,80"
18/01/2020,17/01/2020,1200 UTC,09:00,"19,50"
18/01/2020,17/01/2020,1300 UTC,10:00,"20,30"
18/01/2020,17/01/2020,1400 UTC,11:00,"20,60"
18/01/2020,17/01/2020,1500 UTC,12:00,"22,30"
18/01/2020,17/01/2020,1600 UTC,13:00,"23,00"
18/01/2020,17/01/2020,1700 UTC,14:00,"24,00"
18/01/2020,17/01/2020,1800 UTC,15:00,"22,90"
18/01/2020,17/01/2020,1900 UTC,16:00,"23,00"
18/01/2020,17/01/2020,2000 UTC,17:00,"22,00"
18/01/2020,17/01/2020,2100 UTC,18:00,"20,10"
18/01/2020,17/01/2020,2200 UTC,19:00,"19,20"
18/01/2020,17/01/2020,2300 UTC,20:00,"18,70"
19/01/2020,18/01/2020,0000 UTC,21:00,"18,60"
19/01/2020,18/01/2020,0100 UTC,22:00,"18,50"
19/01/2020,18/01/2020,0200 UTC,23:00,"18,20"
19/01/2020,18/01/2020,0300 UTC,00:00,"18,00"
19/01/2020,18/01/2020,0400 UTC,01:00,"18,10"
19/01/2020,18/01/2020,0500 UTC,02:00,"18,20"
19/01/2020,18/01/2020,0600 UTC,03:00,"18,20"
19/01/2020,18/01/2020,0700 UTC,04:00,"18,30"
19/01/2020,18/01/2020,0800 UTC,05:00,"18,40"
19/01/2020,18/01/2020,0900 UTC,06:00,"18,60"
19/01/2020,18/01/2020,1000 UTC,07:00,"19,30"
19/01/2020,18/01/2020,1100 UTC,08:00,"20,50"
19/01/2020,18/01/2020,1200 UTC,09:00,"22,20"
19/01/2020,18/01/2020,1300 UTC,10:00,"22,70"
19/01/2020,18/01/2020,1400 UTC,11:00,"23,50"
19/01/2020,18/01/2020,1500 UTC,12:00,"23,70"
19/01/2020,18/01/2020,1600 UTC,13:00,"24,80"
19/01/2020,18/01/2020,1700 UTC,14:00,"24,50"
19/01/2020,18/01/2020,1800 UTC,15:00,"26,10"
19/01/2020,18/01/2020,1900 UTC,16:00,"24,40"
19/01/2020,18/01/2020,2000 UTC,17:00,"23,50"
19/01/2020,18/01/2020,2100 UTC,18:00,"22,40"
19/01/2020,18/01/2020,2200 UTC,19:00,"21,70"
19/01/2020,18/01/2020,2300 UTC,20:00,"21,20"
20/01/2020,19/01/2020,0000 UTC,21:00,"20,50"
20/01/2020,19/01/2020,0100 UTC,22:00,"20,50"
20/01/2020,19/01/2020,0200 UTC,23:00,"20,30"
20/01/2020,19/01/2020,0300 UTC,00:00,"19,80"
20/01/2020,19/01/2020,0400 UTC,01:00,"19,70"
20/01/2020,19/01/2020,0500 UTC,02:00,"19,50"
20/01/2020,19/01/2020,0600 UTC,03:00,"19,20"
20/01/2020,19/01/2020,0700 UTC,04:00,"18,70"
20/01/2020,19/01/2020,0800 UTC,05:00,"19,00"
20/01/2020,19/01/2020,0900 UTC,06:00,"18,70"
20/01/2020,19/01/2020,1000 UTC,07:00,"19,50"
20/01/2020,19/01/2020,1100 UTC,08:00,"21,40"
20/01/2020,19/01/2020,1200 UTC,09:00,"22,20"
20/01/2020,19/01/2020,1300 UTC,10:00,"22,50"
20/01/2020,19/01/2020,1400 UTC,11:00,"24,50"
20/01/2020,19/01/2020,1500 UTC,12:00,"25,10"
20/01/2020,19/01/2020,1600 UTC,13:00,"26,20"
20/01/2020,19/01/2020,1700 UTC,14:00,"25,60"
20/01/2020,19/01/2020,1800 UTC,15:00,"26,50"
20/01/2020,19/01/2020,1900 UTC,16:00,"26,60"
20/01/2020,19/01/2020,2000 UTC,17:00,"25,20"
20/01/2020,19/01/2020,2100 UTC,18:00,"23,20"
20/01/2020,19/01/2020,2200 UTC,19:00,"21,60"
20/01/2020,19/01/2020,2300 UTC,20:00,"20,70"
21/01/2020,20/01/2020,0000 UTC,21:00,"20,10"
21/01/2020,20/01/2020,0100 UTC,22:00,"20,00"
21/01/2020,20/01/2020,0200 UTC,23:00,"19,60"
21/01/2020,20/01/2020,0300 UTC,00:00,"19,00"
21/01/2020,20/01/2020,0400 UTC,01:00,"18,20"
21/01/2020,20/01/2020,0500 UTC,02:00,"17,20"
21/01/2020,20/01/2020,0600 UTC,03:00,"17,00"
21/01/2020,20/01/2020,0700 UTC,04:00,"16,50"
21/01/2020,20/01/2020,0800 UTC,05:00,"15,90"
21/01/2020,20/01/2020,0900 UTC,06:00,"16,30"
21/01/2020,20/01/2020,1000 UTC,07:00,"18,10"
21/01/2020,20/01/2020,1100 UTC,08:00,"19,40"
21/01/2020,20/01/2020,1200 UTC,09:00,"21,70"
21/01/2020,20/01/2020,1300 UTC,10:00,"22,80"
21/01/2020,20/01/2020,1400 UTC,11:00,"24,90"
21/01/2020,20/01/2020,1500 UTC,12:00,"25,70"
21/01/2020,20/01/2020,1600 UTC,13:00,"25,40"
21/01/2020,20/01/2020,1700 UTC,14:00,"26,40"
21/01/2020,20/01/2020,1800 UTC,15:00,"26,00"
21/01/2020,20/01/2020,1900 UTC,16:00,"25,50"
21/01/2020,20/01/2020,2000 UTC,17:00,"24,10"
21/01/2020,20/01/2020,2100 UTC,18:00,"22,10"
21/01/2020,20/01/2020,2200 UTC,19:00,"20,90"
21/01/2020,20/01/2020,2300 UTC,20:00,"19,60"
22/01/2020,21/01/2020,0000 UTC,21:00,"19,20"
22/01/2020,21/01/2020,0100 UTC,22:00,"19,10"
22/01/2020,21/01/2020,0200 UTC,23:00,"18,90"
22/01/2020,21/01/2020,0300 UTC,00:00,"18,60"
22/01/2020,21/01/2020,0400 UTC,01:00,"18,00"
22/01/2020,21/01/2020,0500 UTC,02:00,"17,50"
22/01/2020,21/01/2020,0600 UTC,03:00,"17,60"
22/01/2020,21/01/2020,0700 UTC,04:00,"17,70"
22/01/2020,21/01/2020,0800 UTC,05:00,"17,20"
22/01/2020,21/01/2020,0900 UTC,06:00,"17,40"
22/01/2020,21/01/2020,1000 UTC,07:00,"18,70"
22/01/2020,21/01/2020,1100 UTC,08:00,"20,30"
22/01/2020,21/01/2020,1200 UTC,09:00,"21,50"
22/01/2020,21/01/2020,1300 UTC,10:00,"21,40"
22/01/2020,21/01/2020,1400 UTC,11:00,"22,40"
22/01/2020,21/01/2020,1500 UTC,12:00,"22,10"
22/01/2020,21/01/2020,1600 UTC,13:00,"22,50"
22/01/2020,21/01/2020,1700 UTC,14:00,"22,10"
22/01/2020,21/01/2020,1800 UTC,15:00,"20,70"
22/01/2020,21/01/2020,1900 UTC,16:00,"20,80"
22/01/2020,21/01/2020,2000 UTC,17:00,"20,00"
22/01/2020,21/01/2020,2100 UTC,18:00,"19,30"
22/01/2020,21/01/2020,2200 UTC,19:00,"19,40"
22/01/2020,21/01/2020,2300 UTC,20:00,"18,90"
23/01/2020,22/01/2020,0000 UTC,21:00,"18,80"
23/01/2020,22/01/2020,0100 UTC,22:00,"18,80"
23/01/2020,22/01/2020,0200 UTC,23:00,"18,90"
23/01/2020,22/01/2020,0300 UTC,00:00,"18,20"
23/01/2020,22/01/2020,0400 UTC,01:00,"18,20"
23/01/2020,22/01/2020,0500 UTC,02:00,"18,10"
23/01/2020,22/01/2020,0600 UTC,03:00,"18,20"
23/01/2020,22/01/2020,0700 UTC,04:00,"18,20"
23/01/2020,22/01/2020,0800 UTC,05:00,"18,10"
23/01/2020,22/01/2020,0900 UTC,06:00,"18,10"
23/01/2020,22/01/2020,1000 UTC,07:00,"18,30"
23/01/2020,22/01/2020,1100 UTC,08:00,"18,90"
23/01/2020,22/01/2020,1200 UTC,09:00,"19,40"
23/01/2020,22/01/2020,1300 UTC,10:00,"20,00"
23/01/2020,22/01/2020,1400 UTC,11:00,"19,90"
23/01/2020,22/01/2020,1500 UTC,12:00,"20,30"
23/01/2020,22/01/2020,1600 UTC,13:00,"20,70"
23/01/2020,22/01/2020,1700 UTC,14:00,"22,20"
23/01/2020,22/01/2020,1800 UTC,15:00,"21,80"
23/01/2020,22/01/2020,1900 UTC,16:00,"21,00"
23/01/2020,22/01/2020,2000 UTC,17:00,"20,70"
23/01/2020,22/01/2020,2100 UTC,18:00,"19,50"
23/01/2020,22/01/2020,2200 UTC,19:00,"19,30"
23/01/2020,22/01/2020,2300 UTC,20:00,"18,70"
24/01/2020,23/01/2020,0000 UTC,21:00,"18,70"
24/01/2020,23/01/2020,0100 UTC,22:00,"18,50"
24/01/2020,23/01/2020,0200 UTC,23:00,"18,40"
24/01/2020,23/01/2020,0300 UTC,00:00,"18,30"
24/01/2020,23/01/2020,0400 UTC,01:00,"18,10"
24/01/2020,23/01/2020,0500 UTC,02:00,"18,10"
24/01/2020,23/01/2020,0600 UTC,03:00,"17,90"
24/01/2020,23/01/2020,0700 UTC,04:00,"17,80"
24/01/2020,23/01/2020,0800 UTC,05:00,"17,60"
24/01/2020,23/01/2020,0900 UTC,06:00,"17,70"
24/01/2020,23/01/2020,1000 UTC,07:00,"18,50"
24/01/2020,23/01/2020,1100 UTC,08:00,"20,20"
24/01/2020,23/01/2020,1200 UTC,09:00,"21,70"
24/01/2020,23/01/2020,1300 UTC,10:00,"23,00"
24/01/2020,23/01/2020,1400 UTC,11:00,"22,80"
24/01/2020,23/01/2020,1500 UTC,12:00,"22,80"
24/01/2020,23/01/2020,1600 UTC,13:00,"23,00"
24/01/2020,23/01/2020,1700 UTC,14:00,"24,70"
24/01/2020,23/01/2020,1800 UTC,15:00,"23,20"
24/01/2020,23/01/2020,1900 UTC,16:00,"23,20"
24/01/2020,23/01/2020,2000 UTC,17:00,"20,40"
24/01/2020,23/01/2020,2100 UTC,18:00,"19,90"
24/01/2020,23/01/2020,2200 UTC,19:00,"19,20"
24/01/2020,23/01/2020,2300 UTC,20:00,"18,50"
25/01/2020,24/01/2020,0000 UTC,21:00,"18,20"
25/01/2020,24/01/2020,0100 UTC,22:00,"17,80"
25/01/2020,24/01/2020,0200 UTC,23:00,"17,40"
25/01/2020,24/01/2020,0300 UTC,00:00,"17,00"
25/01/2020,24/01/2020,0400 UTC,01:00,"16,70"
25/01/2020,24/01/2020,0500 UTC,02:00,"16,60"
25/01/2020,24/01/2020,0600 UTC,03:00,"16,10"
25/01/2020,24/01/2020,0700 UTC,04:00,"16,20"
25/01/2020,24/01/2020,0800 UTC,05:00,"15,00"
25/01/2020,24/01/2020,0900 UTC,06:00,"14,90"
25/01/2020,24/01/2020,1000 UTC,07:00,"16,90"
25/01/2020,24/01/2020,1100 UTC,08:00,"19,60"
25/01/2020,24/01/2020,1200 UTC,09:00,"21,40"
25/01/2020,24/01/2020,1300 UTC,10:00,"23,70"
25/01/2020,24/01/2020,1400 UTC,11:00,"25,10"
25/01/2020,24/01/2020,1500 UTC,12:00,"25,70"
25/01/2020,24/01/2020,1600 UTC,13:00,"25,70"
25/01/2020,24/01/2020,1700 UTC,14:00,"26,50"
25/01/2020,24/01/2020,1800 UTC,15:00,"27,60"
25/01/2020,24/01/2020,1900 UTC,16:00,"28,10"
25/01/2020,24/01/2020,2000 UTC,17:00,"27,80"
25/01/2020,24/01/2020,2100 UTC,18:00,"25,60"
25/01/2020,24/01/2020,2200 UTC,19:00,"23,30"
25/01/2020,24/01/2020,2300 UTC,20:00,"21,90"
26/01/2020,25/01/2020,0000 UTC,21:00,"20,90"
26/01/2020,25/01/2020,0100 UTC,22:00,"19,50"
26/01/2020,25/01/2020,0200 UTC,23:00,"18,10"
26/01/2020,25/01/2020,0300 UTC,00:00,"17,90"
26/01/2020,25/01/2020,0400 UTC,01:00,"16,90"
26/01/2020,25/01/2020,0500 UTC,02:00,"16,40"
26/01/2020,25/01/2020,0600 UTC,03:00,"16,60"
26/01/2020,25/01/2020,0700 UTC,04:00,"15,20"
26/01/2020,25/01/2020,0800 UTC,05:00,"14,00"
26/01/2020,25/01/2020,0900 UTC,06:00,"13,60"
26/01/2020,25/01/2020,1000 UTC,07:00,"14,80"
26/01/2020,25/01/2020,1100 UTC,08:00,"18,20"
26/01/2020,25/01/2020,1200 UTC,09:00,"23,00"
26/01/2020,25/01/2020,1300 UTC,10:00,"26,30"
26/01/2020,25/01/2020,1400 UTC,11:00,"27,80"
26/01/2020,25/01/2020,1500 UTC,12:00,"29,60"
26/01/2020,25/01/2020,1600 UTC,13:00,"30,40"
26/01/2020,25/01/2020,1700 UTC,14:00,"31,00"
26/01/2020,25/01/2020,1800 UTC,15:00,"31,60"
26/01/2020,25/01/2020,1900 UTC,16:00,"31,10"
26/01/2020,25/01/2020,2000 UTC,17:00,"30,80"
26/01/2020,25/01/2020,2100 UTC,18:00,"29,80"
26/01/2020,25/01/2020,2200 UTC,19:00,"26,10"
26/01/2020,25/01/2020,2300 UTC,20:00,"24,50"
27/01/2020,26/01/2020,0000 UTC,21:00,"23,50"
27/01/2020,26/01/2020,0100 UTC,22:00,"21,50"
27/01/2020,26/01/2020,0200 UTC,23:00,"19,10"
27/01/2020,26/01/2020,0300 UTC,00:00,"19,00"
27/01/2020,26/01/2020,0400 UTC,01:00,"18,10"
27/01/2020,26/01/2020,0500 UTC,02:00,"17,80"
27/01/2020,26/01/2020,0600 UTC,03:00,"15,80"
27/01/2020,26/01/2020,0700 UTC,04:00,"14,80"
27/01/2020,26/01/2020,0800 UTC,05:00,"14,90"
27/01/2020,26/01/2020,0900 UTC,06:00,"14,70"
27/01/2020,26/01/2020,1000 UTC,07:00,"17,90"
27/01/2020,26/01/2020,1100 UTC,08:00,"19,80"
27/01/2020,26/01/2020,1200 UTC,09:00,"24,00"
27/01/2020,26/01/2020,1300 UTC,10:00,"27,60"
27/01/2020,26/01/2020,1400 UTC,11:00,"30,40"
27/01/2020,26/01/2020,1500 UTC,12:00,"30,60"
27/01/2020,26/01/2020,1600 UTC,13:00,"31,10"
27/01/2020,26/01/2020,1700 UTC,14:00,"33,40"
27/01/2020,26/01/2020,1800 UTC,15:00,"32,30"
27/01/2020,26/01/2020,1900 UTC,16:00,"32,60"
27/01/2020,26/01/2020,2000 UTC,17:00,"32,00"
27/01/2020,26/01/2020,2100 UTC,18:00,"31,60"
27/01/2020,26/01/2020,2200 UTC,19:00,"27,00"
27/01/2020,26/01/2020,2300 UTC,20:00,"25,60"
28/01/2020,27/01/2020,0000 UTC,21:00,"22,40"
28/01/2020,27/01/2020,0100 UTC,22:00,"22,20"
28/01/2020,27/01/2020,0200 UTC,23:00,"21,50"
28/01/2020,27/01/2020,0300 UTC,00:00,"19,50"
28/01/2020,27/01/2020,0400 UTC,01:00,"18,20"
28/01/2020,27/01/2020,0500 UTC,02:00,"18,90"
28/01/2020,27/01/2020,0600 UTC,03:00,"19,00"
28/01/2020,27/01/2020,0700 UTC,04:00,"18,60"
28/01/2020,27/01/2020,0800 UTC,05:00,"18,00"
28/01/2020,27/01/2020,0900 UTC,06:00,"16,90"
28/01/2020,27/01/2020,1000 UTC,07:00,"20,10"
28/01/2020,27/01/2020,1100 UTC,08:00,"22,20"
28/01/2020,27/01/2020,1200 UTC,09:00,"25,10"
28/01/2020,27/01/2020,1300 UTC,10:00,"27,80"
28/01/2020,27/01/2020,1400 UTC,11:00,"29,60"
28/01/2020,27/01/2020,1500 UTC,12:00,"30,70"
28/01/2020,27/01/2020,1600 UTC,13:00,"31,80"
28/01/2020,27/01/2020,1700 UTC,14:00,"32,20"
28/01/2020,27/01/2020,1800 UTC,15:00,"30,00"
28/01/2020,27/01/2020,1900 UTC,16:00,"29,60"
28/01/2020,27/01/2020,2000 UTC,17:00,"28,40"
28/01/2020,27/01/2020,2100 UTC,18:00,"25,80"
28/01/2020,27/01/2020,2200 UTC,19:00,"22,80"
28/01/2020,27/01/2020,2300 UTC,20:00,"21,60"
29/01/2020,28/01/2020,0000 UTC,21:00,"21,40"
29/01/2020,28/01/2020,0100 UTC,22:00,"21,50"
29/01/2020,28/01/2020,0200 UTC,23:00,"20,70"
29/01/2020,28/01/2020,0300 UTC,00:00,"20,20"
29/01/2020,28/01/2020,0400 UTC,01:00,"19,60"
29/01/2020,28/01/2020,0500 UTC,02:00,"18,90"
29/01/2020,28/01/2020,0600 UTC,03:00,"18,60"
29/01/2020,28/01/2020,0700 UTC,04:00,"18,10"
29/01/2020,28/01/2020,0800 UTC,05:00,"18,20"
29/01/2020,28/01/2020,0900 UTC,06:00,"17,80"
29/01/2020,28/01/2020,1000 UTC,07:00,"19,70"
29/01/2020,28/01/2020,1100 UTC,08:00,"22,80"
29/01/2020,28/01/2020,1200 UTC,09:00,"25,60"
29/01/2020,28/01/2020,1300 UTC,10:00,"26,50"
29/01/2020,28/01/2020,1400 UTC,11:00,"28,20"
29/01/2020,28/01/2020,1500 UTC,12:00,"28,70"
29/01/2020,28/01/2020,1600 UTC,13:00,"30,60"
29/01/2020,28/01/2020,1700 UTC,14:00,"31,40"
29/01/2020,28/01/2020,1800 UTC,15:00,"30,60"
29/01/2020,28/01/2020,1900 UTC,16:00,"31,70"
29/01/2020,28/01/2020,2000 UTC,17:00,"29,50"
29/01/2020,28/01/2020,2100 UTC,18:00,"25,70"
29/01/2020,28/01/2020,2200 UTC,19:00,"25,20"
29/01/2020,28/01/2020,2300 UTC,20:00,"23,20"
30/01/2020,29/01/2020,0000 UTC,21:00,"22,60"
30/01/2020,29/01/2020,0100 UTC,22:00,"22,10"
30/01/2020,29/01/2020,0200 UTC,23:00,"21,20"
30/01/2020,29/01/2020,0300 UTC,00:00,"21,00"
30/01/2020,29/01/2020,0400 UTC,01:00,"21,00"
30/01/2020,29/01/2020,0500 UTC,02:00,"21,00"
30/01/2020,29/01/2020,0600 UTC,03:00,"20,80"
30/01/2020,29/01/2020,0700 UTC,04:00,"20,90"
30/01/2020,29/01/2020,0800 UTC,05:00,"21,20"
30/01/2020,29/01/2020,0900 UTC,06:00,"21,20"
30/01/2020,29/01/2020,1000 UTC,07:00,"22,30"
30/01/2020,29/01/2020,1100 UTC,08:00,"23,40"
30/01/2020,29/01/2020,1200 UTC,09:00,"24,80"
30/01/2020,29/01/2020,1300 UTC,10:00,"26,50"
30/01/2020,29/01/2020,1400 UTC,11:00,"27,90"
30/01/2020,29/01/2020,1500 UTC,12:00,"30,20"
30/01/2020,29/01/2020,1600 UTC,13:00,"26,50"
30/01/2020,29/01/2020,1700 UTC,14:00,"25,60"
30/01/2020,29/01/2020,1800 UTC,15:00,"28,40"
30/01/2020,29/01/2020,1900 UTC,16:00,"20,20"
30/01/2020,29/01/2020,2000 UTC,17:00,"20,70"
30/01/2020,29/01/2020,2100 UTC,18:00,"21,00"
30/01/2020,29/01/2020,2200 UTC,19:00,"21,10"
30/01/2020,29/01/2020,2300 UTC,20:00,"21,00"
31/01/2020,30/01/2020,0000 UTC,21:00,"21,30"
31/01/2020,30/01/2020,0100 UTC,22:00,"21,60"
31/01/2020,30/01/2020,0200 UTC,23:00,"21,90"
31/01/2020,30/01/2020,0300 UTC,00:00,"21,70"
31/01/2020,30/01/2020,0400 UTC,01:00,"21,80"
31/01/2020,30/01/2020,0500 UTC,02:00,"21,50"
31/01/2020,30/01/2020,0600 UTC,03:00,"21,60"
31/01/2020,30/01/2020,0700 UTC,04:00,"21,80"
31/01/2020,30/01/2020,0800 UTC,05:00,"21,80"
31/01/2020,30/01/2020,0900 UTC,06:00,"21,80"
31/01/2020,30/01/2020,1000 UTC,07:00,"21,90"
31/01/2020,30/01/2020,1100 UTC,08:00,"22,20"
31/01/2020,30/01/2020,1200 UTC,09:00,"22,50"
31/01/2020,30/01/2020,1300 UTC,10:00,"24,40"
31/01/2020,30/01/2020,1400 UTC,11:00,"26,70"
31/01/2020,30/01/2020,1500 UTC,12:00,"27,10"
31/01/2020,30/01/2020,1600 UTC,13:00,"27,70"
31/01/2020,30/01/2020,1700 UTC,14:00,"27,50"
31/01/2020,30/01/2020,1800 UTC,15:00,"28,40"
31/01/2020,30/01/2020,1900 UTC,16:00,"29,30"
31/01/2020,30/01/2020,2000 UTC,17:00,"27,80"
31/01/2020,30/01/2020,2100 UTC,18:00,"27,10"
31/01/2020,30/01/2020,2200 UTC,19:00,"25,70"
31/01/2020,30/01/2020,2300 UTC,20:00,"24,30"
01/02/2020,31/01/2020,0000 UTC,21:00,"24,00"
01/02/2020,31/01/2020,0100 UTC,22:00,"23,90"
01/02/2020,31/01/2020,0200 UTC,23:00,"23,20"
01/02/2020,31/01/2020,0300 UTC,00:00,"22,50"
01/02/2020,31/01/2020,0400 UTC,01:00,"22,60"
01/02/2020,31/01/2020,0500 UTC,02:00,"22,40"
01/02/2020,31/01/2020,0600 UTC,03:00,"21,90"
01/02/2020,31/01/2020,0700 UTC,04:00,"22,10"
01/02/2020,31/01/2020,0800 UTC,05:00,"22,00"
01/02/2020,31/01/2020,0900 UTC,06:00,"22,00"
01/02/2020,31/01/2020,1000 UTC,07:00,"22,60"
01/02/2020,31/01/2020,1100 UTC,08:00,"22,90"
01/02/2020,31/01/2020,1200 UTC,09:00,"23,80"
01/02/2020,31/01/2020,1300 UTC,10:00,"25,80"
01/02/2020,31/01/2020,1400 UTC,11:00,"27,10"
01/02/2020,31/01/2020,1500 UTC,12:00,"28,60"
01/02/2020,31/01/2020,1600 UTC,13:00,"28,10"
01/02/2020,31/01/2020,1700 UTC,14:00,"28,50"
01/02/2020,31/01/2020,1800 UTC,15:00,"27,30"
01/02/2020,31/01/2020,1900 UTC,16:00,"21,60"
01/02/2020,31/01/2020,2000 UTC,17:00,"21,00"
01/02/2020,31/01/2020,2100 UTC,18:00,"21,40"
01/02/2020,31/01/2020,2200 UTC,19:00,"21,70"
01/02/2020,31/01/2020,2300 UTC,20:00,"21,30"
02/02/2020,01/02/2020,0000 UTC,21:00,"21,00"
02/02/2020,01/02/2020,0100 UTC,22:00,"21,00"
02/02/2020,01/02/2020,0200 UTC,23:00,"20,80"
02/02/2020,01/02/2020,0300 UTC,00:00,"20,90"
02/02/2020,01/02/2020,0400 UTC,01:00,"21,00"
02/02/2020,01/02/2020,0500 UTC,02:00,"20,90"
02/02/2020,01/02/2020,0600 UTC,03:00,"20,80"
02/02/2020,01/02/2020,0700 UTC,04:00,"20,80"
02/02/2020,01/02/2020,0800 UTC,05:00,"20,80"
02/02/2020,01/02/2020,0900 UTC,06:00,"20,80"
02/02/2020,01/02/2020,1000 UTC,07:00,"21,00"
02/02/2020,01/02/2020,1100 UTC,08:00,"21,90"
02/02/2020,01/02/2020,1200 UTC,09:00,"23,00"
02/02/2020,01/02/2020,1300 UTC,10:00,"23,00"
02/02/2020,01/02/2020,1400 UTC,11:00,"23,20"
02/02/2020,01/02/2020,1500 UTC,12:00,"22,00"
02/02/2020,01/02/2020,1600 UTC,13:00,"22,30"
02/02/2020,01/02/2020,1700 UTC,14:00,"21,90"
02/02/2020,01/02/2020,1800 UTC,15:00,"23,60"
02/02/2020,01/02/2020,1900 UTC,16:00,"22,90"
02/02/2020,01/02/2020,2000 UTC,17:00,"22,30"
02/02/2020,01/02/2020,2100 UTC,18:00,"19,40"
02/02/2020,01/02/2020,2200 UTC,19:00,"19,10"
02/02/2020,01/02/2020,2300 UTC,20:00,"18,70"
03/02/2020,02/02/2020,0000 UTC,21:00,"18,70"
03/02/2020,02/02/2020,0100 UTC,22:00,"18,90"
03/02/2020,02/02/2020,0200 UTC,23:00,"19,00"
03/02/2020,02/02/2020,0300 UTC,00:00,"19,20"
03/02/2020,02/02/2020,0400 UTC,01:00,"19,30"
03/02/2020,02/02/2020,0500 UTC,02:00,"19,30"
03/02/2020,02/02/2020,0600 UTC,03:00,"19,40"
03/02/2020,02/02/2020,0700 UTC,04:00,"19,20"
03/02/2020,02/02/2020,0800 UTC,05:00,"19,20"
03/02/2020,02/02/2020,0900 UTC,06:00,"19,10"
03/02/2020,02/02/2020,1000 UTC,07:00,"19,50"
03/02/2020,02/02/2020,1100 UTC,08:00,"20,40"
03/02/2020,02/02/2020,1200 UTC,09:00,"20,70"
03/02/2020,02/02/2020,1300 UTC,10:00,"20,90"
03/02/2020,02/02/2020,1400 UTC,11:00,"21,30"
03/02/2020,02/02/2020,1500 UTC,12:00,"20,80"
03/02/2020,02/02/2020,1600 UTC,13:00,"20,40"
03/02/2020,02/02/2020,1700 UTC,14:00,"21,00"
03/02/2020,02/02/2020,1800 UTC,15:00,"22,10"
03/02/2020,02/02/2020,1900 UTC,16:00,"20,80"
03/02/2020,02/02/2020,2000 UTC,17:00,"19,40"
03/02/2020,02/02/2020,2100 UTC,18:00,"19,30"
03/02/2020,02/02/2020,2200 UTC,19:00,"18,50"
03/02/2020,02/02/2020,2300 UTC,20:00,"18,30"
04/02/2020,03/02/2020,0000 UTC,21:00,"18,20"
04/02/2020,03/02/2020,0100 UTC,22:00,"18,20"
04/02/2020,03/02/2020,0200 UTC,23:00,"18,10"
04/02/2020,03/02/2020,0300 UTC,00:00,"17,90"
04/02/2020,03/02/2020,0400 UTC,01:00,"17,80"
04/02/2020,03/02/2020,0500 UTC,02:00,"18,00"
04/02/2020,03/02/2020,0600 UTC,03:00,"18,20"
04/02/2020,03/02/2020,0700 UTC,04:00,"18,60"
04/02/2020,03/02/2020,0800 UTC,05:00,"18,60"
04/02/2020,03/02/2020,0900 UTC,06:00,"18,90"
04/02/2020,03/02/2020,1000 UTC,07:00,"19,40"
04/02/2020,03/02/2020,1100 UTC,08:00,"20,40"
04/02/2020,03/02/2020,1200 UTC,09:00,"21,70"
04/02/2020,03/02/2020,1300 UTC,10:00,"21,90"
04/02/2020,03/02/2020,1400 UTC,11:00,"22,20"
04/02/2020,03/02/2020,1500 UTC,12:00,"21,60"
04/02/2020,03/02/2020,1600 UTC,13:00,"22,30"
04/02/2020,03/02/2020,1700 UTC,14:00,"21,80"
04/02/2020,03/02/2020,1800 UTC,15:00,"23,10"
04/02/2020,03/02/2020,1900 UTC,16:00,"23,10"
04/02/2020,03/02/2020,2000 UTC,17:00,"22,60"
04/02/2020,03/02/2020,2100 UTC,18:00,"22,20"
04/02/2020,03/02/2020,2200 UTC,19:00,"20,90"
04/02/2020,03/02/2020,2300 UTC,20:00,"20,60"
05/02/2020,04/02/2020,0000 UTC,21:00,"20,70"
05/02/2020,04/02/2020,0100 UTC,22:00,"20,40"
05/02/2020,04/02/2020,0200 UTC,23:00,"20,50"
05/02/2020,04/02/2020,0300 UTC,00:00,"20,20"
05/02/2020,04/02/2020,0400 UTC,01:00,"19,90"
05/02/2020,04/02/2020,0500 UTC,02:00,"19,60"
05/02/2020,04/02/2020,0600 UTC,03:00,"19,90"
05/02/2020,04/02/2020,0700 UTC,04:00,"19,80"
05/02/2020,04/02/2020,0800 UTC,05:00,"20,00"
05/02/2020,04/02/2020,0900 UTC,06:00,"20,20"
05/02/2020,04/02/2020,1000 UTC,07:00,"20,70"
05/02/2020,04/02/2020,1100 UTC,08:00,"21,30"
05/02/2020,04/02/2020,1200 UTC,09:00,"22,00"
05/02/2020,04/02/2020,1300 UTC,10:00,"22,70"
05/02/2020,04/02/2020,1400 UTC,11:00,"23,60"
05/02/2020,04/02/2020,1500 UTC,12:00,"26,60"
05/02/2020,04/02/2020,1600 UTC,13:00,"28,40"
05/02/2020,04/02/2020,1700 UTC,14:00,"29,10"
05/02/2020,04/02/2020,1800 UTC,15:00,"26,40"
05/02/2020,04/02/2020,1900 UTC,16:00,"26,50"
05/02/2020,04/02/2020,2000 UTC,17:00,"25,50"
05/02/2020,04/02/2020,2100 UTC,18:00,"23,40"
05/02/2020,04/02/2020,2200 UTC,19:00,"22,50"
05/02/2020,04/02/2020,2300 UTC,20:00,"21,90"
06/02/2020,05/02/2020,0000 UTC,21:00,"21,80"
06/02/2020,05/02/2020,0100 UTC,22:00,"21,10"
06/02/2020,05/02/2020,0200 UTC,23:00,"20,80"
06/02/2020,05/02/2020,0300 UTC,00:00,"20,30"
06/02/2020,05/02/2020,0400 UTC,01:00,"20,70"
06/02/2020,05/02/2020,0500 UTC,02:00,"20,50"
06/02/2020,05/02/2020,0600 UTC,03:00,"20,00"
06/02/2020,05/02/2020,0700 UTC,04:00,"19,70"
06/02/2020,05/02/2020,0800 UTC,05:00,"19,60"
06/02/2020,05/02/2020,0900 UTC,06:00,"20,00"
06/02/2020,05/02/2020,1000 UTC,07:00,"20,10"
06/02/2020,05/02/2020,1100 UTC,08:00,"21,00"
06/02/2020,05/02/2020,1200 UTC,09:00,"22,90"
06/02/2020,05/02/2020,1300 UTC,10:00,"23,50"
06/02/2020,05/02/2020,1400 UTC,11:00,"25,80"
06/02/2020,05/02/2020,1500 UTC,12:00,"25,80"
06/02/2020,05/02/2020,1600 UTC,13:00,"27,30"
06/02/2020,05/02/2020,1700 UTC,14:00,"28,50"
06/02/2020,05/02/2020,1800 UTC,15:00,"27,40"
06/02/2020,05/02/2020,1900 UTC,16:00,"29,30"
06/02/2020,05/02/2020,2000 UTC,17:00,"25,10"
06/02/2020,05/02/2020,2100 UTC,18:00,"23,80"
06/02/2020,05/02/2020,2200 UTC,19:00,"22,80"
06/02/2020,05/02/2020,2300 UTC,20:00,"21,80"
07/02/2020,06/02/2020,0000 UTC,21:00,"21,10"
07/02/2020,06/02/2020,0100 UTC,22:00,"20,90"
07/02/2020,06/02/2020,0200 UTC,23:00,"20,70"
07/02/2020,06/02/2020,0300 UTC,00:00,"20,70"
07/02/2020,06/02/2020,0400 UTC,01:00,"20,40"
07/02/2020,06/02/2020,0500 UTC,02:00,"20,20"
07/02/2020,06/02/2020,0600 UTC,03:00,"19,90"
07/02/2020,06/02/2020,0700 UTC,04:00,"20,60"
07/02/2020,06/02/2020,0800 UTC,05:00,"20,60"
07/02/2020,06/02/2020,0900 UTC,06:00,"20,70"
07/02/2020,06/02/2020,1000 UTC,07:00,"21,10"
07/02/2020,06/02/2020,1100 UTC,08:00,"21,00"
07/02/2020,06/02/2020,1200 UTC,09:00,"21,50"
07/02/2020,06/02/2020,1300 UTC,10:00,"22,70"
07/02/2020,06/02/2020,1400 UTC,11:00,"22,20"
07/02/2020,06/02/2020,1500 UTC,12:00,"21,90"
07/02/2020,06/02/2020,1600 UTC,13:00,"24,70"
07/02/2020,06/02/2020,1700 UTC,14:00,"26,50"
07/02/2020,06/02/2020,1800 UTC,15:00,"28,00"
07/02/2020,06/02/2020,1900 UTC,16:00,"26,20"
07/02/2020,06/02/2020,2000 UTC,17:00,"26,20"
07/02/2020,06/02/2020,2100 UTC,18:00,"25,10"
07/02/2020,06/02/2020,2200 UTC,19:00,"24,10"
07/02/2020,06/02/2020,2300 UTC,20:00,"22,40"
08/02/2020,07/02/2020,0000 UTC,21:00,"22,20"
08/02/2020,07/02/2020,0100 UTC,22:00,"21,20"
08/02/2020,07/02/2020,0200 UTC,23:00,"20,60"
08/02/2020,07/02/2020,0300 UTC,00:00,"20,30"
08/02/2020,07/02/2020,0400 UTC,01:00,"20,50"
08/02/2020,07/02/2020,0500 UTC,02:00,"20,50"
08/02/2020,07/02/2020,0600 UTC,03:00,"20,30"
08/02/2020,07/02/2020,0700 UTC,04:00,"19,30"
08/02/2020,07/02/2020,0800 UTC,05:00,"19,30"
08/02/2020,07/02/2020,0900 UTC,06:00,"19,30"
08/02/2020,07/02/2020,1000 UTC,07:00,"19,70"
08/02/2020,07/02/2020,1100 UTC,08:00,"20,40"
08/02/2020,07/02/2020,1200 UTC,09:00,"25,60"
08/02/2020,07/02/2020,1300 UTC,10:00,"25,50"
08/02/2020,07/02/2020,1400 UTC,11:00,"28,50"
08/02/2020,07/02/2020,1500 UTC,12:00,"27,90"
08/02/2020,07/02/2020,1600 UTC,13:00,"29,60"
08/02/2020,07/02/2020,1700 UTC,14:00,"28,10"
08/02/2020,07/02/2020,1800 UTC,15:00,"29,60"
08/02/2020,07/02/2020,1900 UTC,16:00,"29,40"
08/02/2020,07/02/2020,2000 UTC,17:00,"28,00"
08/02/2020,07/02/2020,2100 UTC,18:00,"28,00"
08/02/2020,07/02/2020,2200 UTC,19:00,"25,70"
08/02/2020,07/02/2020,2300 UTC,20:00,"24,80"
09/02/2020,08/02/2020,0000 UTC,21:00,"22,20"
09/02/2020,08/02/2020,0100 UTC,22:00,"21,20"
09/02/2020,08/02/2020,0200 UTC,23:00,"20,80"
09/02/2020,08/02/2020,0300 UTC,00:00,"21,60"
09/02/2020,08/02/2020,0400 UTC,01:00,"20,60"
09/02/2020,08/02/2020,0500 UTC,02:00,"20,30"
09/02/2020,08/02/2020,0600 UTC,03:00,"20,60"
09/02/2020,08/02/2020,0700 UTC,04:00,"20,70"
09/02/2020,08/02/2020,0800 UTC,05:00,"20,70"
09/02/2020,08/02/2020,0900 UTC,06:00,"20,80"
09/02/2020,08/02/2020,1000 UTC,07:00,"21,60"
09/02/2020,08/02/2020,1100 UTC,08:00,"23,80"
09/02/2020,08/02/2020,1200 UTC,09:00,"24,60"
09/02/2020,08/02/2020,1300 UTC,10:00,"25,00"
09/02/2020,08/02/2020,1400 UTC,11:00,"26,20"
09/02/2020,08/02/2020,1500 UTC,12:00,"26,90"
09/02/2020,08/02/2020,1600 UTC,13:00,"27,70"
09/02/2020,08/02/2020,1700 UTC,14:00,"29,10"
09/02/2020,08/02/2020,1800 UTC,15:00,"28,80"
09/02/2020,08/02/2020,1900 UTC,16:00,"29,10"
09/02/2020,08/02/2020,2000 UTC,17:00,"27,90"
09/02/2020,08/02/2020,2100 UTC,18:00,"24,70"
09/02/2020,08/02/2020,2200 UTC,19:00,"23,30"
09/02/2020,08/02/2020,2300 UTC,20:00,"22,70"
10/02/2020,09/02/2020,0000 UTC,21:00,"22,60"
10/02/2020,09/02/2020,0100 UTC,22:00,"22,70"
10/02/2020,09/02/2020,0200 UTC,23:00,"20,80"
10/02/2020,09/02/2020,0300 UTC,00:00,"20,50"
10/02/2020,09/02/2020,0400 UTC,01:00,"20,20"
10/02/2020,09/02/2020,0500 UTC,02:00,"18,30"
10/02/2020,09/02/2020,0600 UTC,03:00,"18,20"
10/02/2020,09/02/2020,0700 UTC,04:00,"18,60"
10/02/2020,09/02/2020,0800 UTC,05:00,"18,60"
10/02/2020,09/02/2020,0900 UTC,06:00,"18,50"
10/02/2020,09/02/2020,1000 UTC,07:00,"18,90"
10/02/2020,09/02/2020,1100 UTC,08:00,"19,90"
10/02/2020,09/02/2020,1200 UTC,09:00,"20,30"
10/02/2020,09/02/2020,1300 UTC,10:00,"20,70"
10/02/2020,09/02/2020,1400 UTC,11:00,"21,00"
10/02/2020,09/02/2020,1500 UTC,12:00,"21,40"
10/02/2020,09/02/2020,1600 UTC,13:00,"21,60"
10/02/2020,09/02/2020,1700 UTC,14:00,"20,80"
10/02/2020,09/02/2020,1800 UTC,15:00,"22,10"
10/02/2020,09/02/2020,1900 UTC,16:00,"21,40"
10/02/2020,09/02/2020,2000 UTC,17:00,"20,90"
10/02/2020,09/02/2020,2100 UTC,18:00,"19,60"
10/02/2020,09/02/2020,2200 UTC,19:00,"19,20"
10/02/2020,09/02/2020,2300 UTC,20:00,"18,50"
11/02/2020,10/02/2020,0000 UTC,21:00,"17,50"
11/02/2020,10/02/2020,0100 UTC,22:00,"17,10"
11/02/2020,10/02/2020,0200 UTC,23:00,"17,00"
11/02/2020,10/02/2020,0300 UTC,00:00,"17,10"
11/02/2020,10/02/2020,0400 UTC,01:00,"17,30"
11/02/2020,10/02/2020,0500 UTC,02:00,"17,20"
11/02/2020,10/02/2020,0600 UTC,03:00,"17,10"
11/02/2020,10/02/2020,0700 UTC,04:00,"16,80"
11/02/2020,10/02/2020,0800 UTC,05:00,"16,90"
11/02/2020,10/02/2020,0900 UTC,06:00,"17,00"
11/02/2020,10/02/2020,1000 UTC,07:00,"16,30"
11/02/2020,10/02/2020,1100 UTC,08:00,"17,70"
11/02/2020,10/02/2020,1200 UTC,09:00,"18,90"
11/02/2020,10/02/2020,1300 UTC,10:00,"20,20"
11/02/2020,10/02/2020,1400 UTC,11:00,"21,20"
11/02/2020,10/02/2020,1500 UTC,12:00,"22,70"
11/02/2020,10/02/2020,1600 UTC,13:00,"21,00"
11/02/2020,10/02/2020,1700 UTC,14:00,"21,90"
11/02/2020,10/02/2020,1800 UTC,15:00,"21,60"
11/02/2020,10/02/2020,1900 UTC,16:00,"21,20"
11/02/2020,10/02/2020,2000 UTC,17:00,"20,00"
11/02/2020,10/02/2020,2100 UTC,18:00,"18,90"
11/02/2020,10/02/2020,2200 UTC,19:00,"18,40"
11/02/2020,10/02/2020,2300 UTC,20:00,"17,40"
12/02/2020,11/02/2020,0000 UTC,21:00,"17,00"
12/02/2020,11/02/2020,0100 UTC,22:00,"17,40"
12/02/2020,11/02/2020,0200 UTC,23:00,"17,30"
12/02/2020,11/02/2020,0300 UTC,00:00,"17,30"
12/02/2020,11/02/2020,0400 UTC,01:00,"17,10"
12/02/2020,11/02/2020,0500 UTC,02:00,"17,30"
12/02/2020,11/02/2020,0600 UTC,03:00,"17,60"
12/02/2020,11/02/2020,0700 UTC,04:00,"17,50"
12/02/2020,11/02/2020,0800 UTC,05:00,"17,60"
12/02/2020,11/02/2020,0900 UTC,06:00,"17,80"
12/02/2020,11/02/2020,1000 UTC,07:00,"18,30"
12/02/2020,11/02/2020,1100 UTC,08:00,"18,90"
12/02/2020,11/02/2020,1200 UTC,09:00,"20,30"
12/02/2020,11/02/2020,1300 UTC,10:00,"20,80"
12/02/2020,11/02/2020,1400 UTC,11:00,"23,10"
12/02/2020,11/02/2020,1500 UTC,12:00,"22,00"
12/02/2020,11/02/2020,1600 UTC,13:00,"23,50"
12/02/2020,11/02/2020,1700 UTC,14:00,"23,80"
12/02/2020,11/02/2020,1800 UTC,15:00,"21,50"
12/02/2020,11/02/2020,1900 UTC,16:00,"22,10"
12/02/2020,11/02/2020,2000 UTC,17:00,"21,00"
12/02/2020,11/02/2020,2100 UTC,18:00,"19,30"
12/02/2020,11/02/2020,2200 UTC,19:00,"18,80"
12/02/2020,11/02/2020,2300 UTC,20:00,"17,90"
13/02/2020,12/02/2020,0000 UTC,21:00,"18,40"
13/02/2020,12/02/2020,0100 UTC,22:00,"17,20"
13/02/2020,12/02/2020,0200 UTC,23:00,"16,80"
13/02/2020,12/02/2020,0300 UTC,00:00,"16,20"
13/02/2020,12/02/2020,0400 UTC,01:00,"16,50"
13/02/2020,12/02/2020,0500 UTC,02:00,"15,70"
13/02/2020,12/02/2020,0600 UTC,03:00,"16,50"
13/02/2020,12/02/2020,0700 UTC,04:00,"16,20"
13/02/2020,12/02/2020,0800 UTC,05:00,"16,40"
13/02/2020,12/02/2020,0900 UTC,06:00,"16,70"
13/02/2020,12/02/2020,1000 UTC,07:00,"17,60"
13/02/2020,12/02/2020,1100 UTC,08:00,"19,20"
13/02/2020,12/02/2020,1200 UTC,09:00,"21,00"
13/02/2020,12/02/2020,1300 UTC,10:00,"22,30"
13/02/2020,12/02/2020,1400 UTC,11:00,"23,00"
13/02/2020,12/02/2020,1500 UTC,12:00,"23,50"
13/02/2020,12/02/2020,1600 UTC,13:00,"24,20"
13/02/2020,12/02/2020,1700 UTC,14:00,"24,70"
13/02/2020,12/02/2020,1800 UTC,15:00,"25,00"
13/02/2020,12/02/2020,1900 UTC,16:00,"22,30"
13/02/2020,12/02/2020,2000 UTC,17:00,"21,90"
13/02/2020,12/02/2020,2100 UTC,18:00,"19,70"
13/02/2020,12/02/2020,2200 UTC,19:00,"19,00"
13/02/2020,12/02/2020,2300 UTC,20:00,"18,70"
14/02/2020,13/02/2020,0000 UTC,21:00,"18,80"
14/02/2020,13/02/2020,0100 UTC,22:00,"18,60"
14/02/2020,13/02/2020,0200 UTC,23:00,"18,40"
14/02/2020,13/02/2020,0300 UTC,00:00,"18,30"
14/02/2020,13/02/2020,0400 UTC,01:00,"18,20"
14/02/2020,13/02/2020,0500 UTC,02:00,"17,90"
14/02/2020,13/02/2020,0600 UTC,03:00,"17,10"
14/02/2020,13/02/2020,0700 UTC,04:00,"16,70"
14/02/2020,13/02/2020,0800 UTC,05:00,"16,10"
14/02/2020,13/02/2020,0900 UTC,06:00,"15,80"
14/02/2020,13/02/2020,1000 UTC,07:00,"17,60"
14/02/2020,13/02/2020,1100 UTC,08:00,"20,10"
14/02/2020,13/02/2020,1200 UTC,09:00,"21,70"
14/02/2020,13/02/2020,1300 UTC,10:00,"23,70"
14/02/2020,13/02/2020,1400 UTC,11:00,"24,80"
14/02/2020,13/02/2020,1500 UTC,12:00,"26,70"
14/02/2020,13/02/2020,1600 UTC,13:00,"26,50"
14/02/2020,13/02/2020,1700 UTC,14:00,"28,30"
14/02/2020,13/02/2020,1800 UTC,15:00,"27,80"
14/02/2020,13/02/2020,1900 UTC,16:00,"26,90"
14/02/2020,13/02/2020,2000 UTC,17:00,"24,70"
14/02/2020,13/02/2020,2100 UTC,18:00,"22,70"
14/02/2020,13/02/2020,2200 UTC,19:00,"21,00"
14/02/2020,13/02/2020,2300 UTC,20:00,"20,00"
15/02/2020,14/02/2020,0000 UTC,21:00,"19,70"
15/02/2020,14/02/2020,0100 UTC,22:00,"20,20"
15/02/2020,14/02/2020,0200 UTC,23:00,"19,60"
15/02/2020,14/02/2020,0300 UTC,00:00,"18,60"
15/02/2020,14/02/2020,0400 UTC,01:00,"17,90"
15/02/2020,14/02/2020,0500 UTC,02:00,"17,50"
15/02/2020,14/02/2020,0600 UTC,03:00,"17,30"
15/02/2020,14/02/2020,0700 UTC,04:00,"16,10"
15/02/2020,14/02/2020,0800 UTC,05:00,"16,60"
15/02/2020,14/02/2020,0900 UTC,06:00,"16,30"
15/02/2020,14/02/2020,1000 UTC,07:00,"16,40"
15/02/2020,14/02/2020,1100 UTC,08:00,"17,80"
15/02/2020,14/02/2020,1200 UTC,09:00,"21,10"
15/02/2020,14/02/2020,1300 UTC,10:00,"24,90"
15/02/2020,14/02/2020,1400 UTC,11:00,"27,70"
15/02/2020,14/02/2020,1500 UTC,12:00,"29,10"
15/02/2020,14/02/2020,1600 UTC,13:00,"31,00"
15/02/2020,14/02/2020,1700 UTC,14:00,"31,50"
15/02/2020,14/02/2020,1800 UTC,15:00,"31,10"
15/02/2020,14/02/2020,1900 UTC,16:00,"31,10"
15/02/2020,14/02/2020,2000 UTC,17:00,"29,20"
15/02/2020,14/02/2020,2100 UTC,18:00,"27,40"
15/02/2020,14/02/2020,2200 UTC,19:00,"24,70"
15/02/2020,14/02/2020,2300 UTC,20:00,"23,50"
16/02/2020,15/02/2020,0000 UTC,21:00,"22,60"
16/02/2020,15/02/2020,0100 UTC,22:00,"22,10"
16/02/2020,15/02/2020,0200 UTC,23:00,"21,70"
16/02/2020,15/02/2020,0300 UTC,00:00,"21,20"
16/02/2020,15/02/2020,0400 UTC,01:00,"21,30"
16/02/2020,15/02/2020,0500 UTC,02:00,"21,00"
16/02/2020,15/02/2020,0600 UTC,03:00,"19,90"
16/02/2020,15/02/2020,0700 UTC,04:00,"19,30"
16/02/2020,15/02/2020,0800 UTC,05:00,"18,80"
16/02/2020,15/02/2020,0900 UTC,06:00,"19,10"
16/02/2020,15/02/2020,1000 UTC,07:00,"19,30"
16/02/2020,15/02/2020,1100 UTC,08:00,"22,30"
16/02/2020,15/02/2020,1200 UTC,09:00,"26,00"
16/02/2020,15/02/2020,1300 UTC,10:00,"27,50"
16/02/2020,15/02/2020,1400 UTC,11:00,"29,80"
16/02/2020,15/02/2020,1500 UTC,12:00,"30,60"
16/02/2020,15/02/2020,1600 UTC,13:00,"31,30"
16/02/2020,15/02/2020,1700 UTC,14:00,"32,10"
16/02/2020,15/02/2020,1800 UTC,15:00,"33,30"
16/02/2020,15/02/2020,1900 UTC,16:00,"32,80"
16/02/2020,15/02/2020,2000 UTC,17:00,"29,30"
16/02/2020,15/02/2020,2100 UTC,18:00,"27,40"
16/02/2020,15/02/2020,2200 UTC,19:00,"24,90"
16/02/2020,15/02/2020,2300 UTC,20:00,"23,50"
17/02/2020,16/02/2020,0000 UTC,21:00,"22,60"
17/02/2020,16/02/2020,0100 UTC,22:00,"22,30"
17/02/2020,16/02/2020,0200 UTC,23:00,"22,40"
17/02/2020,16/02/2020,0300 UTC,00:00,"21,40"
17/02/2020,16/02/2020,0400 UTC,01:00,"20,40"
17/02/2020,16/02/2020,0500 UTC,02:00,"19,70"
17/02/2020,16/02/2020,0600 UTC,03:00,"19,20"
17/02/2020,16/02/2020,0700 UTC,04:00,"18,70"
17/02/2020,16/02/2020,0800 UTC,05:00,"19,10"
17/02/2020,16/02/2020,0900 UTC,06:00,"18,40"
17/02/2020,16/02/2020,1000 UTC,07:00,"18,70"
17/02/2020,16/02/2020,1100 UTC,08:00,"22,20"
17/02/2020,16/02/2020,1200 UTC,09:00,"24,50"
17/02/2020,16/02/2020,1300 UTC,10:00,"27,90"
17/02/2020,16/02/2020,1400 UTC,11:00,"29,00"
17/02/2020,16/02/2020,1500 UTC,12:00,"30,10"
17/02/2020,16/02/2020,1600 UTC,13:00,"31,20"
17/02/2020,16/02/2020,1700 UTC,14:00,"31,60"
17/02/2020,16/02/2020,1800 UTC,15:00,"32,40"
17/02/2020,16/02/2020,1900 UTC,16:00,"28,80"
17/02/2020,16/02/2020,2000 UTC,17:00,"27,60"
17/02/2020,16/02/2020,2100 UTC,18:00,"26,90"
17/02/2020,16/02/2020,2200 UTC,19:00,"25,50"
17/02/2020,16/02/2020,2300 UTC,20:00,"23,80"
18/02/2020,17/02/2020,0000 UTC,21:00,"23,60"
18/02/2020,17/02/2020,0100 UTC,22:00,"23,00"
18/02/2020,17/02/2020,0200 UTC,23:00,"22,80"
18/02/2020,17/02/2020,0300 UTC,00:00,"22,70"
18/02/2020,17/02/2020,0400 UTC,01:00,"22,40"
18/02/2020,17/02/2020,0500 UTC,02:00,"22,10"
18/02/2020,17/02/2020,0600 UTC,03:00,"22,10"
18/02/2020,17/02/2020,0700 UTC,04:00,"21,60"
18/02/2020,17/02/2020,0800 UTC,05:00,"21,30"
18/02/2020,17/02/2020,0900 UTC,06:00,"21,90"
18/02/2020,17/02/2020,1000 UTC,07:00,"22,30"
18/02/2020,17/02/2020,1100 UTC,08:00,"23,40"
18/02/2020,17/02/2020,1200 UTC,09:00,"25,40"
18/02/2020,17/02/2020,1300 UTC,10:00,"26,50"
18/02/2020,17/02/2020,1400 UTC,11:00,"28,90"
18/02/2020,17/02/2020,1500 UTC,12:00,"30,30"
18/02/2020,17/02/2020,1600 UTC,13:00,"30,40"
18/02/2020,17/02/2020,1700 UTC,14:00,"31,40"
18/02/2020,17/02/2020,1800 UTC,15:00,"31,10"
18/02/2020,17/02/2020,1900 UTC,16:00,"32,50"
18/02/2020,17/02/2020,2000 UTC,17:00,"32,10"
18/02/2020,17/02/2020,2100 UTC,18:00,"30,50"
18/02/2020,17/02/2020,2200 UTC,19:00,"28,30"
18/02/2020,17/02/2020,2300 UTC,20:00,"27,60"
19/02/2020,18/02/2020,0000 UTC,21:00,"26,70"
19/02/2020,18/02/2020,0100 UTC,22:00,"26,30"
19/02/2020,18/02/2020,0200 UTC,23:00,"25,10"
19/02/2020,18/02/2020,0300 UTC,00:00,"24,80"
19/02/2020,18/02/2020,0400 UTC,01:00,"24,50"
19/02/2020,18/02/2020,0500 UTC,02:00,"24,10"
19/02/2020,18/02/2020,0600 UTC,03:00,"23,60"
19/02/2020,18/02/2020,0700 UTC,04:00,"23,40"
19/02/2020,18/02/2020,0800 UTC,05:00,"22,80"
19/02/2020,18/02/2020,0900 UTC,06:00,"22,50"
19/02/2020,18/02/2020,1000 UTC,07:00,"23,30"
19/02/2020,18/02/2020,1100 UTC,08:00,"25,00"
19/02/2020,18/02/2020,1200 UTC,09:00,"24,30"
19/02/2020,18/02/2020,1300 UTC,10:00,"23,30"
19/02/2020,18/02/2020,1400 UTC,11:00,"23,00"
19/02/2020,18/02/2020,1500 UTC,12:00,"23,90"
19/02/2020,18/02/2020,1600 UTC,13:00,"23,90"
19/02/2020,18/02/2020,1700 UTC,14:00,"24,30"
19/02/2020,18/02/2020,1800 UTC,15:00,"22,00"
19/02/2020,18/02/2020,1900 UTC,16:00,"21,40"
19/02/2020,18/02/2020,2000 UTC,17:00,"21,60"
19/02/2020,18/02/2020,2100 UTC,18:00,"21,60"
19/02/2020,18/02/2020,2200 UTC,19:00,"21,70"
19/02/2020,18/02/2020,2300 UTC,20:00,"21,50"
20/02/2020,19/02/2020,0000 UTC,21:00,"21,30"
20/02/2020,19/02/2020,0100 UTC,22:00,"21,10"
20/02/2020,19/02/2020,0200 UTC,23:00,"20,80"
20/02/2020,19/02/2020,0300 UTC,00:00,"20,90"
20/02/2020,19/02/2020,0400 UTC,01:00,"20,90"
20/02/2020,19/02/2020,0500 UTC,02:00,"20,80"
20/02/2020,19/02/2020,0600 UTC,03:00,"20,50"
20/02/2020,19/02/2020,0700 UTC,04:00,"20,30"
20/02/2020,19/02/2020,0800 UTC,05:00,"20,10"
20/02/2020,19/02/2020,0900 UTC,06:00,"20,20"
20/02/2020,19/02/2020,1000 UTC,07:00,"20,50"
20/02/2020,19/02/2020,1100 UTC,08:00,"21,40"
20/02/2020,19/02/2020,1200 UTC,09:00,"22,50"
20/02/2020,19/02/2020,1300 UTC,10:00,"24,10"
20/02/2020,19/02/2020,1400 UTC,11:00,"25,60"
20/02/2020,19/02/2020,1500 UTC,12:00,"28,00"
20/02/2020,19/02/2020,1600 UTC,13:00,"29,30"
20/02/2020,19/02/2020,1700 UTC,14:00,"30,10"
20/02/2020,19/02/2020,1800 UTC,15:00,"30,70"
20/02/2020,19/02/2020,1900 UTC,16:00,"30,20"
20/02/2020,19/02/2020,2000 UTC,17:00,"25,40"
20/02/2020,19/02/2020,2100 UTC,18:00,"21,40"
20/02/2020,19/02/2020,2200 UTC,19:00,"22,20"
20/02/2020,19/02/2020,2300 UTC,20:00,"21,90"
21/02/2020,20/02/2020,0000 UTC,21:00,"21,80"
21/02/2020,20/02/2020,0100 UTC,22:00,"22,00"
21/02/2020,20/02/2020,0200 UTC,23:00,"21,80"
21/02/2020,20/02/2020,0300 UTC,00:00,"22,10"
21/02/2020,20/02/2020,0400 UTC,01:00,"21,90"
21/02/2020,20/02/2020,0500 UTC,02:00,"21,50"
21/02/2020,20/02/2020,0600 UTC,03:00,"21,70"
21/02/2020,20/02/2020,0700 UTC,04:00,"21,60"
21/02/2020,20/02/2020,0800 UTC,05:00,"21,30"
21/02/2020,20/02/2020,0900 UTC,06:00,"21,30"
21/02/2020,20/02/2020,1000 UTC,07:00,"21,60"
21/02/2020,20/02/2020,1100 UTC,08:00,"22,70"
21/02/2020,20/02/2020,1200 UTC,09:00,"24,10"
21/02/2020,20/02/2020,1300 UTC,10:00,"25,30"
21/02/2020,20/02/2020,1400 UTC,11:00,"27,20"
21/02/2020,20/02/2020,1500 UTC,12:00,"26,00"
21/02/2020,20/02/2020,1600 UTC,13:00,"26,80"
21/02/2020,20/02/2020,1700 UTC,14:00,"28,30"
21/02/2020,20/02/2020,1800 UTC,15:00,"28,60"
21/02/2020,20/02/2020,1900 UTC,16:00,"27,90"
21/02/2020,20/02/2020,2000 UTC,17:00,"26,70"
21/02/2020,20/02/2020,2100 UTC,18:00,"24,10"
21/02/2020,20/02/2020,2200 UTC,19:00,"22,70"
21/02/2020,20/02/2020,2300 UTC,20:00,"21,80"
22/02/2020,21/02/2020,0000 UTC,21:00,"21,30"
22/02/2020,21/02/2020,0100 UTC,22:00,"21,00"
22/02/2020,21/02/2020,0200 UTC,23:00,"20,60"
22/02/2020,21/02/2020,0300 UTC,00:00,"20,40"
22/02/2020,21/02/2020,0400 UTC,01:00,"20,40"
22/02/2020,21/02/2020,0500 UTC,02:00,"20,60"
22/02/2020,21/02/2020,0600 UTC,03:00,"20,50"
22/02/2020,21/02/2020,0700 UTC,04:00,"20,00"
22/02/2020,21/02/2020,0800 UTC,05:00,"19,10"
22/02/2020,21/02/2020,0900 UTC,06:00,"18,10"
22/02/2020,21/02/2020,1000 UTC,07:00,"17,40"
22/02/2020,21/02/2020,1100 UTC,08:00,"17,70"
22/02/2020,21/02/2020,1200 UTC,09:00,"18,20"
22/02/2020,21/02/2020,1300 UTC,10:00,"19,60"
22/02/2020,21/02/2020,1400 UTC,11:00,"20,40"
22/02/2020,21/02/2020,1500 UTC,12:00,"20,20"
22/02/2020,21/02/2020,1600 UTC,13:00,"20,80"
22/02/2020,21/02/2020,1700 UTC,14:00,"20,70"
22/02/2020,21/02/2020,1800 UTC,15:00,"20,30"
22/02/2020,21/02/2020,1900 UTC,16:00,"19,40"
22/02/2020,21/02/2020,2000 UTC,17:00,"18,10"
22/02/2020,21/02/2020,2100 UTC,18:00,"17,60"
22/02/2020,21/02/2020,2200 UTC,19:00,"17,20"
22/02/2020,21/02/2020,2300 UTC,20:00,"17,00"
23/02/2020,22/02/2020,0000 UTC,21:00,"16,90"
23/02/2020,22/02/2020,0100 UTC,22:00,"16,30"
23/02/2020,22/02/2020,0200 UTC,23:00,"16,40"
23/02/2020,22/02/2020,0300 UTC,00:00,"16,30"
23/02/2020,22/02/2020,0400 UTC,01:00,"16,00"
23/02/2020,22/02/2020,0500 UTC,02:00,"15,10"
23/02/2020,22/02/2020,0600 UTC,03:00,"14,90"
23/02/2020,22/02/2020,0700 UTC,04:00,"15,40"
23/02/2020,22/02/2020,0800 UTC,05:00,"15,10"
23/02/2020,22/02/2020,0900 UTC,06:00,"15,00"
23/02/2020,22/02/2020,1000 UTC,07:00,"15,70"
23/02/2020,22/02/2020,1100 UTC,08:00,"17,20"
23/02/2020,22/02/2020,1200 UTC,09:00,"20,00"
23/02/2020,22/02/2020,1300 UTC,10:00,"21,80"
23/02/2020,22/02/2020,1400 UTC,11:00,"22,30"
23/02/2020,22/02/2020,1500 UTC,12:00,"23,70"
23/02/2020,22/02/2020,1600 UTC,13:00,"23,70"
23/02/2020,22/02/2020,1700 UTC,14:00,"23,30"
23/02/2020,22/02/2020,1800 UTC,15:00,"23,00"
23/02/2020,22/02/2020,1900 UTC,16:00,"23,30"
23/02/2020,22/02/2020,2000 UTC,17:00,"22,10"
23/02/2020,22/02/2020,2100 UTC,18:00,"19,90"
23/02/2020,22/02/2020,2200 UTC,19:00,"18,90"
23/02/2020,22/02/2020,2300 UTC,20:00,"18,60"
24/02/2020,23/02/2020,0000 UTC,21:00,"18,10"
24/02/2020,23/02/2020,0100 UTC,22:00,"17,10"
24/02/2020,23/02/2020,0200 UTC,23:00,"16,30"
24/02/2020,23/02/2020,0300 UTC,00:00,"15,70"
24/02/2020,23/02/2020,0400 UTC,01:00,"15,50"
24/02/2020,23/02/2020,0500 UTC,02:00,"15,50"
24/02/2020,23/02/2020,0600 UTC,03:00,"15,90"
24/02/2020,23/02/2020,0700 UTC,04:00,"16,30"
24/02/2020,23/02/2020,0800 UTC,05:00,"16,10"
24/02/2020,23/02/2020,0900 UTC,06:00,"15,90"
24/02/2020,23/02/2020,1000 UTC,07:00,"16,40"
24/02/2020,23/02/2020,1100 UTC,08:00,"18,50"
24/02/2020,23/02/2020,1200 UTC,09:00,"21,20"
24/02/2020,23/02/2020,1300 UTC,10:00,"24,10"
24/02/2020,23/02/2020,1400 UTC,11:00,"23,30"
24/02/2020,23/02/2020,1500 UTC,12:00,"23,60"
24/02/2020,23/02/2020,1600 UTC,13:00,"24,60"
24/02/2020,23/02/2020,1700 UTC,14:00,"25,50"
24/02/2020,23/02/2020,1800 UTC,15:00,"24,90"
24/02/2020,23/02/2020,1900 UTC,16:00,"23,90"
24/02/2020,23/02/2020,2000 UTC,17:00,"23,50"
24/02/2020,23/02/2020,2100 UTC,18:00,"21,70"
24/02/2020,23/02/2020,2200 UTC,19:00,"20,50"
24/02/2020,23/02/2020,2300 UTC,20:00,"20,30"
25/02/2020,24/02/2020,0000 UTC,21:00,"20,20"
25/02/2020,24/02/2020,0100 UTC,22:00,"20,00"
25/02/2020,24/02/2020,0200 UTC,23:00,"19,50"
25/02/2020,24/02/2020,0300 UTC,00:00,"19,50"
25/02/2020,24/02/2020,0400 UTC,01:00,"19,40"
25/02/2020,24/02/2020,0500 UTC,02:00,"19,70"
25/02/2020,24/02/2020,0600 UTC,03:00,"19,80"
25/02/2020,24/02/2020,0700 UTC,04:00,"20,30"
25/02/2020,24/02/2020,0800 UTC,05:00,"20,50"
25/02/2020,24/02/2020,0900 UTC,06:00,"20,50"
25/02/2020,24/02/2020,1000 UTC,07:00,"20,90"
25/02/2020,24/02/2020,1100 UTC,08:00,"22,60"
25/02/2020,24/02/2020,1200 UTC,09:00,"23,80"
25/02/2020,24/02/2020,1300 UTC,10:00,"25,20"
25/02/2020,24/02/2020,1400 UTC,11:00,"26,00"
25/02/2020,24/02/2020,1500 UTC,12:00,"27,00"
25/02/2020,24/02/2020,1600 UTC,13:00,"27,60"
25/02/2020,24/02/2020,1700 UTC,14:00,"24,30"
25/02/2020,24/02/2020,1800 UTC,15:00,"26,80"
25/02/2020,24/02/2020,1900 UTC,16:00,"23,00"
25/02/2020,24/02/2020,2000 UTC,17:00,"23,80"
25/02/2020,24/02/2020,2100 UTC,18:00,"23,10"
25/02/2020,24/02/2020,2200 UTC,19:00,"22,90"
25/02/2020,24/02/2020,2300 UTC,20:00,"22,10"
26/02/2020,25/02/2020,0000 UTC,21:00,"21,60"
26/02/2020,25/02/2020,0100 UTC,22:00,"21,30"
26/02/2020,25/02/2020,0200 UTC,23:00,"21,20"
26/02/2020,25/02/2020,0300 UTC,00:00,"20,80"
26/02/2020,25/02/2020,0400 UTC,01:00,"21,10"
26/02/2020,25/02/2020,0500 UTC,02:00,"21,20"
26/02/2020,25/02/2020,0600 UTC,03:00,"21,00"
26/02/2020,25/02/2020,0700 UTC,04:00,"20,90"
26/02/2020,25/02/2020,0800 UTC,05:00,"21,00"
26/02/2020,25/02/2020,0900 UTC,06:00,"21,00"
26/02/2020,25/02/2020,1000 UTC,07:00,"21,50"
26/02/2020,25/02/2020,1100 UTC,08:00,"22,00"
26/02/2020,25/02/2020,1200 UTC,09:00,"23,00"
26/02/2020,25/02/2020,1300 UTC,10:00,"24,80"
26/02/2020,25/02/2020,1400 UTC,11:00,"24,50"
26/02/2020,25/02/2020,1500 UTC,12:00,"23,20"
26/02/2020,25/02/2020,1600 UTC,13:00,"25,80"
26/02/2020,25/02/2020,1700 UTC,14:00,"24,70"
26/02/2020,25/02/2020,1800 UTC,15:00,"23,60"
26/02/2020,25/02/2020,1900 UTC,16:00,"24,70"
26/02/2020,25/02/2020,2000 UTC,17:00,"24,30"
26/02/2020,25/02/2020,2100 UTC,18:00,"21,20"
26/02/2020,25/02/2020,2200 UTC,19:00,"20,80"
26/02/2020,25/02/2020,2300 UTC,20:00,"20,40"
27/02/2020,26/02/2020,0000 UTC,21:00,"20,20"
27/02/2020,26/02/2020,0100 UTC,22:00,"19,20"
27/02/2020,26/02/2020,0200 UTC,23:00,"17,80"
27/02/2020,26/02/2020,0300 UTC,00:00,"16,90"
27/02/2020,26/02/2020,0400 UTC,01:00,"16,10"
27/02/2020,26/02/2020,0500 UTC,02:00,"16,00"
27/02/2020,26/02/2020,0600 UTC,03:00,"15,80"
27/02/2020,26/02/2020,0700 UTC,04:00,"15,70"
27/02/2020,26/02/2020,0800 UTC,05:00,"15,80"
27/02/2020,26/02/2020,0900 UTC,06:00,"16,00"
27/02/2020,26/02/2020,1000 UTC,07:00,"16,50"
27/02/2020,26/02/2020,1100 UTC,08:00,"17,00"
27/02/2020,26/02/2020,1200 UTC,09:00,"17,50"
27/02/2020,26/02/2020,1300 UTC,10:00,"18,40"
27/02/2020,26/02/2020,1400 UTC,11:00,"18,90"
27/02/2020,26/02/2020,1500 UTC,12:00,"19,60"
27/02/2020,26/02/2020,1600 UTC,13:00,"19,90"
27/02/2020,26/02/2020,1700 UTC,14:00,"20,30"
27/02/2020,26/02/2020,1800 UTC,15:00,"20,30"
27/02/2020,26/02/2020,1900 UTC,16:00,"19,70"
27/02/2020,26/02/2020,2000 UTC,17:00,"18,90"
27/02/2020,26/02/2020,2100 UTC,18:00,"18,20"
27/02/2020,26/02/2020,2200 UTC,19:00,"17,60"
27/02/2020,26/02/2020,2300 UTC,20:00,"17,50"
28/02/2020,27/02/2020,0000 UTC,21:00,"17,40"
28/02/2020,27/02/2020,0100 UTC,22:00,"17,50"
28/02/2020,27/02/2020,0200 UTC,23:00,"17,50"
28/02/2020,27/02/2020,0300 UTC,00:00,"17,50"
28/02/2020,27/02/2020,0400 UTC,01:00,"17,50"
28/02/2020,27/02/2020,0500 UTC,02:00,"17,30"
28/02/2020,27/02/2020,0600 UTC,03:00,"17,00"
28/02/2020,27/02/2020,0700 UTC,04:00,"17,30"
28/02/2020,27/02/2020,0800 UTC,05:00,"17,00"
28/02/2020,27/02/2020,0900 UTC,06:00,"16,80"
28/02/2020,27/02/2020,1000 UTC,07:00,"17,40"
28/02/2020,27/02/2020,1100 UTC,08:00,"19,20"
28/02/2020,27/02/2020,1200 UTC,09:00,"19,60"
28/02/2020,27/02/2020,1300 UTC,10:00,"21,20"
28/02/2020,27/02/2020,1400 UTC,11:00,"21,70"
28/02/2020,27/02/2020,1500 UTC,12:00,"21,80"
28/02/2020,27/02/2020,1600 UTC,13:00,"23,00"
28/02/2020,27/02/2020,1700 UTC,14:00,"20,20"
28/02/2020,27/02/2020,1800 UTC,15:00,"20,20"
28/02/2020,27/02/2020,1900 UTC,16:00,"20,60"
28/02/2020,27/02/2020,2000 UTC,17:00,"19,80"
28/02/2020,27/02/2020,2100 UTC,18:00,"18,60"
28/02/2020,27/02/2020,2200 UTC,19:00,"18,10"
28/02/2020,27/02/2020,2300 UTC,20:00,"17,90"
29/02/2020,28/02/2020,0000 UTC,21:00,"17,80"
29/02/2020,28/02/2020,0100 UTC,22:00,"17,70"
29/02/2020,28/02/2020,0200 UTC,23:00,"17,70"
29/02/2020,28/02/2020,0300 UTC,00:00,"17,80"
29/02/2020,28/02/2020,0400 UTC,01:00,"17,60"
29/02/2020,28/02/2020,0500 UTC,02:00,"17,40"
29/02/2020,28/02/2020,0600 UTC,03:00,"17,30"
29/02/2020,28/02/2020,0700 UTC,04:00,"17,30"
29/02/2020,28/02/2020,0800 UTC,05:00,"16,90"
29/02/2020,28/02/2020,0900 UTC,06:00,"16,40"
29/02/2020,28/02/2020,1000 UTC,07:00,"16,70"
29/02/2020,28/02/2020,1100 UTC,08:00,"17,20"
29/02/2020,28/02/2020,1200 UTC,09:00,"18,70"
29/02/2020,28/02/2020,1300 UTC,10:00,"20,30"
29/02/2020,28/02/2020,1400 UTC,11:00,"22,40"
29/02/2020,28/02/2020,1500 UTC,12:00,"22,10"
29/02/2020,28/02/2020,1600 UTC,13:00,"21,80"
29/02/2020,28/02/2020,1700 UTC,14:00,"21,30"
29/02/2020,28/02/2020,1800 UTC,15:00,"22,10"
29/02/2020,28/02/2020,1900 UTC,16:00,"21,30"
29/02/2020,28/02/2020,2000 UTC,17:00,"21,30"
29/02/2020,28/02/2020,2100 UTC,18:00,"19,30"
29/02/2020,28/02/2020,2200 UTC,19:00,"18,60"
29/02/2020,28/02/2020,2300 UTC,20:00,"18,10"
01/03/2020,29/02/2020,0000 UTC,21:00,"18,00"
01/03/2020,29/02/2020,0100 UTC,22:00,"16,50"
01/03/2020,29/02/2020,0200 UTC,23:00,"16,20"
01/03/2020,29/02/2020,0300 UTC,00:00,"16,40"
01/03/2020,29/02/2020,0400 UTC,01:00,"16,30"
01/03/2020,29/02/2020,0500 UTC,02:00,"15,50"
01/03/2020,29/02/2020,0600 UTC,03:00,"15,40"
01/03/2020,29/02/2020,0700 UTC,04:00,"16,40"
01/03/2020,29/02/2020,0800 UTC,05:00,"16,70"
01/03/2020,29/02/2020,0900 UTC,06:00,"16,50"
01/03/2020,29/02/2020,1000 UTC,07:00,"17,00"
01/03/2020,29/02/2020,1100 UTC,08:00,"18,20"
01/03/2020,29/02/2020,1200 UTC,09:00,"19,00"
01/03/2020,29/02/2020,1300 UTC,10:00,"20,20"
01/03/2020,29/02/2020,1400 UTC,11:00,"19,60"
01/03/2020,29/02/2020,1500 UTC,12:00,"21,40"
01/03/2020,29/02/2020,1600 UTC,13:00,"21,20"
01/03/2020,29/02/2020,1700 UTC,14:00,"21,20"
01/03/2020,29/02/2020,1800 UTC,15:00,"20,70"
01/03/2020,29/02/2020,1900 UTC,16:00,"20,60"
01/03/2020,29/02/2020,2000 UTC,17:00,"19,20"
01/03/2020,29/02/2020,2100 UTC,18:00,"18,70"
01/03/2020,29/02/2020,2200 UTC,19:00,"17,80"
01/03/2020,29/02/2020,2300 UTC,20:00,"17,90"
02/03/2020,01/03/2020,0000 UTC,21:00,"18,00"
02/03/2020,01/03/2020,0100 UTC,22:00,"17,70"
02/03/2020,01/03/2020,0200 UTC,23:00,"17,30"
02/03/2020,01/03/2020,0300 UTC,00:00,"16,90"
02/03/2020,01/03/2020,0400 UTC,01:00,"16,90"
02/03/2020,01/03/2020,0500 UTC,02:00,"17,20"
02/03/2020,01/03/2020,0600 UTC,03:00,"16,90"
02/03/2020,01/03/2020,0700 UTC,04:00,"17,20"
02/03/2020,01/03/2020,0800 UTC,05:00,"17,40"
02/03/2020,01/03/2020,0900 UTC,06:00,"17,40"
02/03/2020,01/03/2020,1000 UTC,07:00,"17,70"
02/03/2020,01/03/2020,1100 UTC,08:00,"19,60"
02/03/2020,01/03/2020,1200 UTC,09:00,"20,80"
02/03/2020,01/03/2020,1300 UTC,10:00,"20,80"
02/03/2020,01/03/2020,1400 UTC,11:00,"21,70"
02/03/2020,01/03/2020,1500 UTC,12:00,"22,50"
02/03/2020,01/03/2020,1600 UTC,13:00,"22,40"
02/03/2020,01/03/2020,1700 UTC,14:00,"23,40"
02/03/2020,01/03/2020,1800 UTC,15:00,"21,30"
02/03/2020,01/03/2020,1900 UTC,16:00,"20,60"
02/03/2020,01/03/2020,2000 UTC,17:00,"19,70"
02/03/2020,01/03/2020,2100 UTC,18:00,"18,90"
02/03/2020,01/03/2020,2200 UTC,19:00,"17,60"
02/03/2020,01/03/2020,2300 UTC,20:00,"17,20"
03/03/2020,02/03/2020,0000 UTC,21:00,"17,30"
03/03/2020,02/03/2020,0100 UTC,22:00,"17,40"
03/03/2020,02/03/2020,0200 UTC,23:00,"17,40"
03/03/2020,02/03/2020,0300 UTC,00:00,"17,50"
03/03/2020,02/03/2020,0400 UTC,01:00,"17,20"
03/03/2020,02/03/2020,0500 UTC,02:00,"17,30"
03/03/2020,02/03/2020,0600 UTC,03:00,"17,10"
03/03/2020,02/03/2020,0700 UTC,04:00,"17,40"
03/03/2020,02/03/2020,0800 UTC,05:00,"17,10"
03/03/2020,02/03/2020,0900 UTC,06:00,"17,30"
03/03/2020,02/03/2020,1000 UTC,07:00,"17,40"
03/03/2020,02/03/2020,1100 UTC,08:00,"18,50"
03/03/2020,02/03/2020,1200 UTC,09:00,"19,70"
03/03/2020,02/03/2020,1300 UTC,10:00,"20,30"
03/03/2020,02/03/2020,1400 UTC,11:00,"20,10"
03/03/2020,02/03/2020,1500 UTC,12:00,"22,60"
03/03/2020,02/03/2020,1600 UTC,13:00,"22,60"
03/03/2020,02/03/2020,1700 UTC,14:00,"22,90"
03/03/2020,02/03/2020,1800 UTC,15:00,"21,90"
03/03/2020,02/03/2020,1900 UTC,16:00,"20,20"
03/03/2020,02/03/2020,2000 UTC,17:00,"21,10"
03/03/2020,02/03/2020,2100 UTC,18:00,"19,70"
03/03/2020,02/03/2020,2200 UTC,19:00,"18,00"
03/03/2020,02/03/2020,2300 UTC,20:00,"17,50"
04/03/2020,03/03/2020,0000 UTC,21:00,"17,80"
04/03/2020,03/03/2020,0100 UTC,22:00,"17,40"
04/03/2020,03/03/2020,0200 UTC,23:00,"16,40"
04/03/2020,03/03/2020,0300 UTC,00:00,"16,60"
04/03/2020,03/03/2020,0400 UTC,01:00,"16,50"
04/03/2020,03/03/2020,0500 UTC,02:00,"16,40"
04/03/2020,03/03/2020,0600 UTC,03:00,"16,40"
04/03/2020,03/03/2020,0700 UTC,04:00,"16,40"
04/03/2020,03/03/2020,0800 UTC,05:00,"15,60"
04/03/2020,03/03/2020,0900 UTC,06:00,"15,60"
04/03/2020,03/03/2020,1000 UTC,07:00,"16,30"
04/03/2020,03/03/2020,1100 UTC,08:00,"18,10"
04/03/2020,03/03/2020,1200 UTC,09:00,"20,10"
04/03/2020,03/03/2020,1300 UTC,10:00,"21,70"
04/03/2020,03/03/2020,1400 UTC,11:00,"22,30"
04/03/2020,03/03/2020,1500 UTC,12:00,"24,30"
04/03/2020,03/03/2020,1600 UTC,13:00,"24,60"
04/03/2020,03/03/2020,1700 UTC,14:00,"26,10"
04/03/2020,03/03/2020,1800 UTC,15:00,"26,80"
04/03/2020,03/03/2020,1900 UTC,16:00,"24,70"
04/03/2020,03/03/2020,2000 UTC,17:00,"24,50"
04/03/2020,03/03/2020,2100 UTC,18:00,"22,20"
04/03/2020,03/03/2020,2200 UTC,19:00,"20,40"
04/03/2020,03/03/2020,2300 UTC,20:00,"19,10"
05/03/2020,04/03/2020,0000 UTC,21:00,"18,70"
05/03/2020,04/03/2020,0100 UTC,22:00,"18,60"
05/03/2020,04/03/2020,0200 UTC,23:00,"18,00"
05/03/2020,04/03/2020,0300 UTC,00:00,"18,10"
05/03/2020,04/03/2020,0400 UTC,01:00,"17,30"
05/03/2020,04/03/2020,0500 UTC,02:00,"16,70"
05/03/2020,04/03/2020,0600 UTC,03:00,"16,00"
05/03/2020,04/03/2020,0700 UTC,04:00,"16,30"
05/03/2020,04/03/2020,0800 UTC,05:00,"15,60"
05/03/2020,04/03/2020,0900 UTC,06:00,"15,60"
05/03/2020,04/03/2020,1000 UTC,07:00,"16,20"
05/03/2020,04/03/2020,1100 UTC,08:00,"18,90"
05/03/2020,04/03/2020,1200 UTC,09:00,"20,80"
05/03/2020,04/03/2020,1300 UTC,10:00,"22,50"
05/03/2020,04/03/2020,1400 UTC,11:00,"23,90"
05/03/2020,04/03/2020,1500 UTC,12:00,"24,00"
05/03/2020,04/03/2020,1600 UTC,13:00,"23,80"
05/03/2020,04/03/2020,1700 UTC,14:00,"25,70"
05/03/2020,04/03/2020,1800 UTC,15:00,"23,90"
05/03/2020,04/03/2020,1900 UTC,16:00,"23,80"
05/03/2020,04/03/2020,2000 UTC,17:00,"22,20"
05/03/2020,04/03/2020,2100 UTC,18:00,"19,80"
05/03/2020,04/03/2020,2200 UTC,19:00,"18,40"
05/03/2020,04/03/2020,2300 UTC,20:00,"17,80"
06/03/2020,05/03/2020,0000 UTC,21:00,"17,30"
06/03/2020,05/03/2020,0100 UTC,22:00,"18,20"
06/03/2020,05/03/2020,0200 UTC,23:00,"17,20"
06/03/2020,05/03/2020,0300 UTC,00:00,"16,50"
06/03/2020,05/03/2020,0400 UTC,01:00,"16,50"
06/03/2020,05/03/2020,0500 UTC,02:00,"16,20"
06/03/2020,05/03/2020,0600 UTC,03:00,"15,40"
06/03/2020,05/03/2020,0700 UTC,04:00,"14,70"
06/03/2020,05/03/2020,0800 UTC,05:00,"14,40"
06/03/2020,05/03/2020,0900 UTC,06:00,"14,10"
06/03/2020,05/03/2020,1000 UTC,07:00,"14,00"
06/03/2020,05/03/2020,1100 UTC,08:00,"18,20"
06/03/2020,05/03/2020,1200 UTC,09:00,"20,30"
06/03/2020,05/03/2020,1300 UTC,10:00,"21,90"
06/03/2020,05/03/2020,1400 UTC,11:00,"23,70"
06/03/2020,05/03/2020,1500 UTC,12:00,"23,80"
06/03/2020,05/03/2020,1600 UTC,13:00,"24,40"
06/03/2020,05/03/2020,1700 UTC,14:00,"24,80"
06/03/2020,05/03/2020,1800 UTC,15:00,"25,30"
06/03/2020,05/03/2020,1900 UTC,16:00,"25,50"
06/03/2020,05/03/2020,2000 UTC,17:00,"24,80"
06/03/2020,05/03/2020,2100 UTC,18:00,"21,90"
06/03/2020,05/03/2020,2200 UTC,19:00,"19,60"
06/03/2020,05/03/2020,2300 UTC,20:00,"18,50"
07/03/2020,06/03/2020,0000 UTC,21:00,"17,80"
07/03/2020,06/03/2020,0100 UTC,22:00,"17,20"
07/03/2020,06/03/2020,0200 UTC,23:00,"16,90"
07/03/2020,06/03/2020,0300 UTC,00:00,"16,60"
07/03/2020,06/03/2020,0400 UTC,01:00,"16,10"
07/03/2020,06/03/2020,0500 UTC,02:00,"15,80"
07/03/2020,06/03/2020,0600 UTC,03:00,"15,40"
07/03/2020,06/03/2020,0700 UTC,04:00,"15,40"
07/03/2020,06/03/2020,0800 UTC,05:00,"15,30"
07/03/2020,06/03/2020,0900 UTC,06:00,"15,00"
07/03/2020,06/03/2020,1000 UTC,07:00,"15,70"
07/03/2020,06/03/2020,1100 UTC,08:00,"18,30"
07/03/2020,06/03/2020,1200 UTC,09:00,"20,50"
07/03/2020,06/03/2020,1300 UTC,10:00,"22,10"
07/03/2020,06/03/2020,1400 UTC,11:00,"24,10"
07/03/2020,06/03/2020,1500 UTC,12:00,"24,40"
07/03/2020,06/03/2020,1600 UTC,13:00,"25,20"
07/03/2020,06/03/2020,1700 UTC,14:00,"26,60"
07/03/2020,06/03/2020,1800 UTC,15:00,"26,00"
07/03/2020,06/03/2020,1900 UTC,16:00,"24,40"
07/03/2020,06/03/2020,2000 UTC,17:00,"24,40"
07/03/2020,06/03/2020,2100 UTC,18:00,"21,90"
07/03/2020,06/03/2020,2200 UTC,19:00,"19,80"
07/03/2020,06/03/2020,2300 UTC,20:00,"18,50"
08/03/2020,07/03/2020,0000 UTC,21:00,"17,80"
08/03/2020,07/03/2020,0100 UTC,22:00,"17,30"
08/03/2020,07/03/2020,0200 UTC,23:00,"16,70"
08/03/2020,07/03/2020,0300 UTC,00:00,"15,70"
08/03/2020,07/03/2020,0400 UTC,01:00,"15,20"
08/03/2020,07/03/2020,0500 UTC,02:00,"14,90"
08/03/2020,07/03/2020,0600 UTC,03:00,"13,90"
08/03/2020,07/03/2020,0700 UTC,04:00,"13,30"
08/03/2020,07/03/2020,0800 UTC,05:00,"13,60"
08/03/2020,07/03/2020,0900 UTC,06:00,"13,90"
08/03/2020,07/03/2020,1000 UTC,07:00,"14,40"
08/03/2020,07/03/2020,1100 UTC,08:00,"18,00"
08/03/2020,07/03/2020,1200 UTC,09:00,"20,20"
08/03/2020,07/03/2020,1300 UTC,10:00,"22,50"
08/03/2020,07/03/2020,1400 UTC,11:00,"25,00"
08/03/2020,07/03/2020,1500 UTC,12:00,"24,80"
08/03/2020,07/03/2020,1600 UTC,13:00,"25,50"
08/03/2020,07/03/2020,1700 UTC,14:00,"25,10"
08/03/2020,07/03/2020,1800 UTC,15:00,"26,20"
08/03/2020,07/03/2020,1900 UTC,16:00,"24,90"
08/03/2020,07/03/2020,2000 UTC,17:00,"24,00"
08/03/2020,07/03/2020,2100 UTC,18:00,"22,40"
08/03/2020,07/03/2020,2200 UTC,19:00,"20,50"
08/03/2020,07/03/2020,2300 UTC,20:00,"19,30"
09/03/2020,08/03/2020,0000 UTC,21:00,"19,10"
09/03/2020,08/03/2020,0100 UTC,22:00,"18,70"
09/03/2020,08/03/2020,0200 UTC,23:00,"18,60"
09/03/2020,08/03/2020,0300 UTC,00:00,"18,50"
09/03/2020,08/03/2020,0400 UTC,01:00,"17,80"
09/03/2020,08/03/2020,0500 UTC,02:00,"16,60"
09/03/2020,08/03/2020,0600 UTC,03:00,"16,50"
09/03/2020,08/03/2020,0700 UTC,04:00,"16,30"
09/03/2020,08/03/2020,0800 UTC,05:00,"16,10"
09/03/2020,08/03/2020,0900 UTC,06:00,"16,00"
09/03/2020,08/03/2020,1000 UTC,07:00,"17,10"
09/03/2020,08/03/2020,1100 UTC,08:00,"19,50"
09/03/2020,08/03/2020,1200 UTC,09:00,"21,20"
09/03/2020,08/03/2020,1300 UTC,10:00,"24,30"
09/03/2020,08/03/2020,1400 UTC,11:00,"25,80"
09/03/2020,08/03/2020,1500 UTC,12:00,"26,90"
09/03/2020,08/03/2020,1600 UTC,13:00,"27,00"
09/03/2020,08/03/2020,1700 UTC,14:00,"27,20"
09/03/2020,08/03/2020,1800 UTC,15:00,"27,60"
09/03/2020,08/03/2020,1900 UTC,16:00,"27,20"
09/03/2020,08/03/2020,2000 UTC,17:00,"25,80"
09/03/2020,08/03/2020,2100 UTC,18:00,"23,80"
09/03/2020,08/03/2020,2200 UTC,19:00,"21,60"
09/03/2020,08/03/2020,2300 UTC,20:00,"20,50"
10/03/2020,09/03/2020,0000 UTC,21:00,"19,80"
10/03/2020,09/03/2020,0100 UTC,22:00,"20,20"
10/03/2020,09/03/2020,0200 UTC,23:00,"20,00"
10/03/2020,09/03/2020,0300 UTC,00:00,"19,40"
10/03/2020,09/03/2020,0400 UTC,01:00,"19,00"
10/03/2020,09/03/2020,0500 UTC,02:00,"18,60"
10/03/2020,09/03/2020,0600 UTC,03:00,"17,60"
10/03/2020,09/03/2020,0700 UTC,04:00,"17,50"
10/03/2020,09/03/2020,0800 UTC,05:00,"16,70"
10/03/2020,09/03/2020,0900 UTC,06:00,"16,20"
10/03/2020,09/03/2020,1000 UTC,07:00,"17,80"
10/03/2020,09/03/2020,1100 UTC,08:00,"20,40"
10/03/2020,09/03/2020,1200 UTC,09:00,"22,70"
10/03/2020,09/03/2020,1300 UTC,10:00,"24,40"
10/03/2020,09/03/2020,1400 UTC,11:00,"26,30"
10/03/2020,09/03/2020,1500 UTC,12:00,"27,50"
10/03/2020,09/03/2020,1600 UTC,13:00,"28,70"
10/03/2020,09/03/2020,1700 UTC,14:00,"30,10"
10/03/2020,09/03/2020,1800 UTC,15:00,"29,40"
10/03/2020,09/03/2020,1900 UTC,16:00,"28,60"
10/03/2020,09/03/2020,2000 UTC,17:00,"26,50"
10/03/2020,09/03/2020,2100 UTC,18:00,"23,70"
10/03/2020,09/03/2020,2200 UTC,19:00,"22,20"
10/03/2020,09/03/2020,2300 UTC,20:00,"21,20"
11/03/2020,10/03/2020,0000 UTC,21:00,"20,50"
11/03/2020,10/03/2020,0100 UTC,22:00,"20,10"
11/03/2020,10/03/2020,0200 UTC,23:00,"20,30"
11/03/2020,10/03/2020,0300 UTC,00:00,"20,30"
11/03/2020,10/03/2020,0400 UTC,01:00,"19,60"
11/03/2020,10/03/2020,0500 UTC,02:00,"19,00"
11/03/2020,10/03/2020,0600 UTC,03:00,"18,40"
11/03/2020,10/03/2020,0700 UTC,04:00,"17,20"
11/03/2020,10/03/2020,0800 UTC,05:00,"17,00"
11/03/2020,10/03/2020,0900 UTC,06:00,"17,00"
11/03/2020,10/03/2020,1000 UTC,07:00,"18,40"
11/03/2020,10/03/2020,1100 UTC,08:00,"19,60"
11/03/2020,10/03/2020,1200 UTC,09:00,"22,50"
11/03/2020,10/03/2020,1300 UTC,10:00,"24,30"
11/03/2020,10/03/2020,1400 UTC,11:00,"25,90"
11/03/2020,10/03/2020,1500 UTC,12:00,"27,50"
11/03/2020,10/03/2020,1600 UTC,13:00,"27,90"
11/03/2020,10/03/2020,1700 UTC,14:00,"27,90"
11/03/2020,10/03/2020,1800 UTC,15:00,"28,20"
11/03/2020,10/03/2020,1900 UTC,16:00,"27,10"
11/03/2020,10/03/2020,2000 UTC,17:00,"25,40"
11/03/2020,10/03/2020,2100 UTC,18:00,"23,50"
11/03/2020,10/03/2020,2200 UTC,19:00,"21,70"
11/03/2020,10/03/2020,2300 UTC,20:00,"20,80"
12/03/2020,11/03/2020,0000 UTC,21:00,"20,20"
12/03/2020,11/03/2020,0100 UTC,22:00,"20,30"
12/03/2020,11/03/2020,0200 UTC,23:00,"19,20"
12/03/2020,11/03/2020,0300 UTC,00:00,"18,80"
12/03/2020,11/03/2020,0400 UTC,01:00,"18,10"
12/03/2020,11/03/2020,0500 UTC,02:00,"17,90"
12/03/2020,11/03/2020,0600 UTC,03:00,"17,70"
12/03/2020,11/03/2020,0700 UTC,04:00,"17,80"
12/03/2020,11/03/2020,0800 UTC,05:00,"16,80"
12/03/2020,11/03/2020,0900 UTC,06:00,"16,80"
12/03/2020,11/03/2020,1000 UTC,07:00,"17,70"
12/03/2020,11/03/2020,1100 UTC,08:00,"19,80"
12/03/2020,11/03/2020,1200 UTC,09:00,"22,30"
12/03/2020,11/03/2020,1300 UTC,10:00,"24,30"
12/03/2020,11/03/2020,1400 UTC,11:00,"26,60"
12/03/2020,11/03/2020,1500 UTC,12:00,"27,10"
12/03/2020,11/03/2020,1600 UTC,13:00,"28,30"
12/03/2020,11/03/2020,1700 UTC,14:00,"28,50"
12/03/2020,11/03/2020,1800 UTC,15:00,"29,20"
12/03/2020,11/03/2020,1900 UTC,16:00,"27,80"
12/03/2020,11/03/2020,2000 UTC,17:00,"26,20"
12/03/2020,11/03/2020,2100 UTC,18:00,"24,00"
12/03/2020,11/03/2020,2200 UTC,19:00,"22,00"
12/03/2020,11/03/2020,2300 UTC,20:00,"20,80"
13/03/2020,12/03/2020,0000 UTC,21:00,"19,80"
13/03/2020,12/03/2020,0100 UTC,22:00,"20,60"
13/03/2020,12/03/2020,0200 UTC,23:00,"20,30"
13/03/2020,12/03/2020,0300 UTC,00:00,"19,50"
13/03/2020,12/03/2020,0400 UTC,01:00,"18,80"
13/03/2020,12/03/2020,0500 UTC,02:00,"18,50"
13/03/2020,12/03/2020,0600 UTC,03:00,"17,40"
13/03/2020,12/03/2020,0700 UTC,04:00,"17,30"
13/03/2020,12/03/2020,0800 UTC,05:00,"16,60"
13/03/2020,12/03/2020,0900 UTC,06:00,"14,60"
13/03/2020,12/03/2020,1000 UTC,07:00,"15,70"
13/03/2020,12/03/2020,1100 UTC,08:00,"18,10"
13/03/2020,12/03/2020,1200 UTC,09:00,"21,40"
13/03/2020,12/03/2020,1300 UTC,10:00,"23,90"
13/03/2020,12/03/2020,1400 UTC,11:00,"26,50"
13/03/2020,12/03/2020,1500 UTC,12:00,"26,80"
13/03/2020,12/03/2020,1600 UTC,13:00,"28,80"
13/03/2020,12/03/2020,1700 UTC,14:00,"29,00"
13/03/2020,12/03/2020,1800 UTC,15:00,"30,60"
13/03/2020,12/03/2020,1900 UTC,16:00,"29,00"
13/03/2020,12/03/2020,2000 UTC,17:00,"27,00"
13/03/2020,12/03/2020,2100 UTC,18:00,"24,30"
13/03/2020,12/03/2020,2200 UTC,19:00,"21,60"
13/03/2020,12/03/2020,2300 UTC,20:00,"20,40"
14/03/2020,13/03/2020,0000 UTC,21:00,"19,80"
14/03/2020,13/03/2020,0100 UTC,22:00,"19,50"
14/03/2020,13/03/2020,0200 UTC,23:00,"18,60"
14/03/2020,13/03/2020,0300 UTC,00:00,"19,50"
14/03/2020,13/03/2020,0400 UTC,01:00,"18,20"
14/03/2020,13/03/2020,0500 UTC,02:00,"17,90"
14/03/2020,13/03/2020,0600 UTC,03:00,"17,30"
14/03/2020,13/03/2020,0700 UTC,04:00,"16,40"
14/03/2020,13/03/2020,0800 UTC,05:00,"17,00"
14/03/2020,13/03/2020,0900 UTC,06:00,"17,40"
14/03/2020,13/03/2020,1000 UTC,07:00,"18,10"
14/03/2020,13/03/2020,1100 UTC,08:00,"20,70"
14/03/2020,13/03/2020,1200 UTC,09:00,"23,20"
14/03/2020,13/03/2020,1300 UTC,10:00,"24,80"
14/03/2020,13/03/2020,1400 UTC,11:00,"26,70"
14/03/2020,13/03/2020,1500 UTC,12:00,"28,40"
14/03/2020,13/03/2020,1600 UTC,13:00,"30,50"
14/03/2020,13/03/2020,1700 UTC,14:00,"31,70"
14/03/2020,13/03/2020,1800 UTC,15:00,"31,30"
14/03/2020,13/03/2020,1900 UTC,16:00,"30,30"
14/03/2020,13/03/2020,2000 UTC,17:00,"28,40"
14/03/2020,13/03/2020,2100 UTC,18:00,"24,60"
14/03/2020,13/03/2020,2200 UTC,19:00,"22,20"
14/03/2020,13/03/2020,2300 UTC,20:00,"21,70"
15/03/2020,14/03/2020,0000 UTC,21:00,"20,90"
15/03/2020,14/03/2020,0100 UTC,22:00,"21,00"
15/03/2020,14/03/2020,0200 UTC,23:00,"20,80"
15/03/2020,14/03/2020,0300 UTC,00:00,"20,70"
15/03/2020,14/03/2020,0400 UTC,01:00,"19,90"
15/03/2020,14/03/2020,0500 UTC,02:00,"19,30"
15/03/2020,14/03/2020,0600 UTC,03:00,"18,80"
15/03/2020,14/03/2020,0700 UTC,04:00,"18,20"
15/03/2020,14/03/2020,0800 UTC,05:00,"18,30"
15/03/2020,14/03/2020,0900 UTC,06:00,"16,90"
15/03/2020,14/03/2020,1000 UTC,07:00,"17,90"
15/03/2020,14/03/2020,1100 UTC,08:00,"20,10"
15/03/2020,14/03/2020,1200 UTC,09:00,"24,20"
15/03/2020,14/03/2020,1300 UTC,10:00,"28,30"
15/03/2020,14/03/2020,1400 UTC,11:00,"30,20"
15/03/2020,14/03/2020,1500 UTC,12:00,"31,00"
15/03/2020,14/03/2020,1600 UTC,13:00,"30,60"
15/03/2020,14/03/2020,1700 UTC,14:00,"32,40"
15/03/2020,14/03/2020,1800 UTC,15:00,"33,30"
15/03/2020,14/03/2020,1900 UTC,16:00,"31,40"
15/03/2020,14/03/2020,2000 UTC,17:00,"32,20"
15/03/2020,14/03/2020,2100 UTC,18:00,"29,80"
15/03/2020,14/03/2020,2200 UTC,19:00,"26,90"
15/03/2020,14/03/2020,2300 UTC,20:00,"25,40"
16/03/2020,15/03/2020,0000 UTC,21:00,"23,70"
16/03/2020,15/03/2020,0100 UTC,22:00,"23,30"
16/03/2020,15/03/2020,0200 UTC,23:00,"22,50"
16/03/2020,15/03/2020,0300 UTC,00:00,"22,80"
16/03/2020,15/03/2020,0400 UTC,01:00,"22,90"
16/03/2020,15/03/2020,0500 UTC,02:00,"21,30"
16/03/2020,15/03/2020,0600 UTC,03:00,"21,40"
16/03/2020,15/03/2020,0700 UTC,04:00,"20,20"
16/03/2020,15/03/2020,0800 UTC,05:00,"19,30"
16/03/2020,15/03/2020,0900 UTC,06:00,"19,70"
16/03/2020,15/03/2020,1000 UTC,07:00,"20,00"
16/03/2020,15/03/2020,1100 UTC,08:00,"23,50"
16/03/2020,15/03/2020,1200 UTC,09:00,"25,10"
16/03/2020,15/03/2020,1300 UTC,10:00,"26,40"
16/03/2020,15/03/2020,1400 UTC,11:00,"28,60"
16/03/2020,15/03/2020,1500 UTC,12:00,"30,90"
16/03/2020,15/03/2020,1600 UTC,13:00,"31,30"
16/03/2020,15/03/2020,1700 UTC,14:00,"31,10"
16/03/2020,15/03/2020,1800 UTC,15:00,"30,80"
16/03/2020,15/03/2020,1900 UTC,16:00,"29,70"
16/03/2020,15/03/2020,2000 UTC,17:00,"26,30"
16/03/2020,15/03/2020,2100 UTC,18:00,"26,60"
16/03/2020,15/03/2020,2200 UTC,19:00,"24,90"
16/03/2020,15/03/2020,2300 UTC,20:00,"24,60"
17/03/2020,16/03/2020,0000 UTC,21:00,"23,50"
17/03/2020,16/03/2020,0100 UTC,22:00,"23,10"
17/03/2020,16/03/2020,0200 UTC,23:00,"20,40"
17/03/2020,16/03/2020,0300 UTC,00:00,"19,90"
17/03/2020,16/03/2020,0400 UTC,01:00,"19,40"
17/03/2020,16/03/2020,0500 UTC,02:00,"19,50"
17/03/2020,16/03/2020,0600 UTC,03:00,"19,70"
17/03/2020,16/03/2020,0700 UTC,04:00,"19,10"
17/03/2020,16/03/2020,0800 UTC,05:00,"19,00"
17/03/2020,16/03/2020,0900 UTC,06:00,"18,90"
17/03/2020,16/03/2020,1000 UTC,07:00,"19,40"
17/03/2020,16/03/2020,1100 UTC,08:00,"21,90"
17/03/2020,16/03/2020,1200 UTC,09:00,"23,20"
17/03/2020,16/03/2020,1300 UTC,10:00,"25,30"
17/03/2020,16/03/2020,1400 UTC,11:00,"25,80"
17/03/2020,16/03/2020,1500 UTC,12:00,"27,70"
17/03/2020,16/03/2020,1600 UTC,13:00,"29,30"
17/03/2020,16/03/2020,1700 UTC,14:00,"29,20"
17/03/2020,16/03/2020,1800 UTC,15:00,"27,50"
17/03/2020,16/03/2020,1900 UTC,16:00,"26,70"
17/03/2020,16/03/2020,2000 UTC,17:00,"25,80"
17/03/2020,16/03/2020,2100 UTC,18:00,"23,00"
17/03/2020,16/03/2020,2200 UTC,19:00,"21,70"
17/03/2020,16/03/2020,2300 UTC,20:00,"21,20"
18/03/2020,17/03/2020,0000 UTC,21:00,"20,60"
18/03/2020,17/03/2020,0100 UTC,22:00,"20,30"
18/03/2020,17/03/2020,0200 UTC,23:00,"20,40"
18/03/2020,17/03/2020,0300 UTC,00:00,"20,30"
18/03/2020,17/03/2020,0400 UTC,01:00,"19,70"
18/03/2020,17/03/2020,0500 UTC,02:00,"19,30"
18/03/2020,17/03/2020,0600 UTC,03:00,"18,90"
18/03/2020,17/03/2020,0700 UTC,04:00,"17,90"
18/03/2020,17/03/2020,0800 UTC,05:00,"18,60"
18/03/2020,17/03/2020,0900 UTC,06:00,"18,50"
18/03/2020,17/03/2020,1000 UTC,07:00,"19,00"
18/03/2020,17/03/2020,1100 UTC,08:00,"21,20"
18/03/2020,17/03/2020,1200 UTC,09:00,"24,70"
18/03/2020,17/03/2020,1300 UTC,10:00,"26,70"
18/03/2020,17/03/2020,1400 UTC,11:00,"28,30"
18/03/2020,17/03/2020,1500 UTC,12:00,"29,30"
18/03/2020,17/03/2020,1600 UTC,13:00,"30,80"
18/03/2020,17/03/2020,1700 UTC,14:00,"29,70"
18/03/2020,17/03/2020,1800 UTC,15:00,"31,20"
18/03/2020,17/03/2020,1900 UTC,16:00,"29,50"
18/03/2020,17/03/2020,2000 UTC,17:00,"21,40"
18/03/2020,17/03/2020,2100 UTC,18:00,"19,80"
18/03/2020,17/03/2020,2200 UTC,19:00,"20,10"
18/03/2020,17/03/2020,2300 UTC,20:00,"20,20"
19/03/2020,18/03/2020,0000 UTC,21:00,"20,20"
19/03/2020,18/03/2020,0100 UTC,22:00,"20,20"
19/03/2020,18/03/2020,0200 UTC,23:00,"20,40"
19/03/2020,18/03/2020,0300 UTC,00:00,"20,30"
19/03/2020,18/03/2020,0400 UTC,01:00,"20,50"
19/03/2020,18/03/2020,0500 UTC,02:00,"20,40"
19/03/2020,18/03/2020,0600 UTC,03:00,"20,20"
19/03/2020,18/03/2020,0700 UTC,04:00,"20,10"
19/03/2020,18/03/2020,0800 UTC,05:00,"20,20"
19/03/2020,18/03/2020,0900 UTC,06:00,"20,10"
19/03/2020,18/03/2020,1000 UTC,07:00,"20,20"
19/03/2020,18/03/2020,1100 UTC,08:00,"20,70"
19/03/2020,18/03/2020,1200 UTC,09:00,"21,80"
19/03/2020,18/03/2020,1300 UTC,10:00,"22,90"
19/03/2020,18/03/2020,1400 UTC,11:00,"26,40"
19/03/2020,18/03/2020,1500 UTC,12:00,"28,90"
19/03/2020,18/03/2020,1600 UTC,13:00,"29,30"
19/03/2020,18/03/2020,1700 UTC,14:00,"27,50"
19/03/2020,18/03/2020,1800 UTC,15:00,"30,30"
19/03/2020,18/03/2020,1900 UTC,16:00,"30,30"
19/03/2020,18/03/2020,2000 UTC,17:00,"21,60"
19/03/2020,18/03/2020,2100 UTC,18:00,"21,70"
19/03/2020,18/03/2020,2200 UTC,19:00,"22,00"
19/03/2020,18/03/2020,2300 UTC,20:00,"21,00"
20/03/2020,19/03/2020,0000 UTC,21:00,"20,50"
20/03/2020,19/03/2020,0100 UTC,22:00,"20,40"
20/03/2020,19/03/2020,0200 UTC,23:00,"20,50"
20/03/2020,19/03/2020,0300 UTC,00:00,"20,20"
20/03/2020,19/03/2020,0400 UTC,01:00,"19,90"
20/03/2020,19/03/2020,0500 UTC,02:00,"20,00"
20/03/2020,19/03/2020,0600 UTC,03:00,"19,60"
20/03/2020,19/03/2020,0700 UTC,04:00,"19,40"
20/03/2020,19/03/2020,0800 UTC,05:00,"19,40"
20/03/2020,19/03/2020,0900 UTC,06:00,"19,20"
20/03/2020,19/03/2020,1000 UTC,07:00,"19,40"
20/03/2020,19/03/2020,1100 UTC,08:00,"20,20"
20/03/2020,19/03/2020,1200 UTC,09:00,"21,70"
20/03/2020,19/03/2020,1300 UTC,10:00,"24,40"
20/03/2020,19/03/2020,1400 UTC,11:00,"26,70"
20/03/2020,19/03/2020,1500 UTC,12:00,"27,70"
20/03/2020,19/03/2020,1600 UTC,13:00,"28,00"
20/03/2020,19/03/2020,1700 UTC,14:00,"21,00"
20/03/2020,19/03/2020,1800 UTC,15:00,"21,20"
20/03/2020,19/03/2020,1900 UTC,16:00,"22,00"
20/03/2020,19/03/2020,2000 UTC,17:00,"20,80"
20/03/2020,19/03/2020,2100 UTC,18:00,"20,90"
20/03/2020,19/03/2020,2200 UTC,19:00,"21,00"
20/03/2020,19/03/2020,2300 UTC,20:00,"20,80"
21/03/2020,20/03/2020,0000 UTC,21:00,"20,70"
21/03/2020,20/03/2020,0100 UTC,22:00,"20,40"
21/03/2020,20/03/2020,0200 UTC,23:00,"20,30"
21/03/2020,20/03/2020,0300 UTC,00:00,"20,40"
21/03/2020,20/03/2020,0400 UTC,01:00,"20,30"
21/03/2020,20/03/2020,0500 UTC,02:00,"20,10"
21/03/2020,20/03/2020,0600 UTC,03:00,"19,90"
21/03/2020,20/03/2020,0700 UTC,04:00,"19,50"
21/03/2020,20/03/2020,0800 UTC,05:00,"19,20"
21/03/2020,20/03/2020,0900 UTC,06:00,"18,70"
21/03/2020,20/03/2020,1000 UTC,07:00,"18,00"
21/03/2020,20/03/2020,1100 UTC,08:00,"18,80"
21/03/2020,20/03/2020,1200 UTC,09:00,"19,90"
21/03/2020,20/03/2020,1300 UTC,10:00,"21,10"
21/03/2020,20/03/2020,1400 UTC,11:00,"21,90"
21/03/2020,20/03/2020,1500 UTC,12:00,"21,00"
21/03/2020,20/03/2020,1600 UTC,13:00,"21,60"
21/03/2020,20/03/2020,1700 UTC,14:00,"21,60"
21/03/2020,20/03/2020,1800 UTC,15:00,"22,10"
21/03/2020,20/03/2020,1900 UTC,16:00,"22,10"
21/03/2020,20/03/2020,2000 UTC,17:00,"21,20"
21/03/2020,20/03/2020,2100 UTC,18:00,"19,90"
21/03/2020,20/03/2020,2200 UTC,19:00,"19,10"
21/03/2020,20/03/2020,2300 UTC,20:00,"18,90"
22/03/2020,21/03/2020,0000 UTC,21:00,"18,40"
22/03/2020,21/03/2020,0100 UTC,22:00,"18,40"
22/03/2020,21/03/2020,0200 UTC,23:00,"18,00"
22/03/2020,21/03/2020,0300 UTC,00:00,"17,10"
22/03/2020,21/03/2020,0400 UTC,01:00,"16,80"
22/03/2020,21/03/2020,0500 UTC,02:00,"16,70"
22/03/2020,21/03/2020,0600 UTC,03:00,"16,50"
22/03/2020,21/03/2020,0700 UTC,04:00,"16,30"
22/03/2020,21/03/2020,0800 UTC,05:00,"16,20"
22/03/2020,21/03/2020,0900 UTC,06:00,"16,40"
22/03/2020,21/03/2020,1000 UTC,07:00,"17,70"
22/03/2020,21/03/2020,1100 UTC,08:00,"19,50"
22/03/2020,21/03/2020,1200 UTC,09:00,"19,60"
22/03/2020,21/03/2020,1300 UTC,10:00,"22,80"
22/03/2020,21/03/2020,1400 UTC,11:00,"24,50"
22/03/2020,21/03/2020,1500 UTC,12:00,"23,90"
22/03/2020,21/03/2020,1600 UTC,13:00,"25,10"
22/03/2020,21/03/2020,1700 UTC,14:00,"24,80"
22/03/2020,21/03/2020,1800 UTC,15:00,"25,60"
22/03/2020,21/03/2020,1900 UTC,16:00,"24,10"
22/03/2020,21/03/2020,2000 UTC,17:00,"22,90"
22/03/2020,21/03/2020,2100 UTC,18:00,"20,70"
22/03/2020,21/03/2020,2200 UTC,19:00,"19,10"
22/03/2020,21/03/2020,2300 UTC,20:00,"18,30"
23/03/2020,22/03/2020,0000 UTC,21:00,"17,80"
23/03/2020,22/03/2020,0100 UTC,22:00,"17,10"
23/03/2020,22/03/2020,0200 UTC,23:00,"16,60"
23/03/2020,22/03/2020,0300 UTC,00:00,"16,30"
23/03/2020,22/03/2020,0400 UTC,01:00,"16,80"
23/03/2020,22/03/2020,0500 UTC,02:00,"16,30"
23/03/2020,22/03/2020,0600 UTC,03:00,"15,50"
23/03/2020,22/03/2020,0700 UTC,04:00,"15,50"
23/03/2020,22/03/2020,0800 UTC,05:00,"16,10"
23/03/2020,22/03/2020,0900 UTC,06:00,"16,20"
23/03/2020,22/03/2020,1000 UTC,07:00,"17,20"
23/03/2020,22/03/2020,1100 UTC,08:00,"18,90"
23/03/2020,22/03/2020,1200 UTC,09:00,"20,20"
23/03/2020,22/03/2020,1300 UTC,10:00,"21,50"
23/03/2020,22/03/2020,1400 UTC,11:00,"23,10"
23/03/2020,22/03/2020,1500 UTC,12:00,"23,70"
23/03/2020,22/03/2020,1600 UTC,13:00,"24,30"
23/03/2020,22/03/2020,1700 UTC,14:00,"25,20"
23/03/2020,22/03/2020,1800 UTC,15:00,"24,50"
23/03/2020,22/03/2020,1900 UTC,16:00,"23,80"
23/03/2020,22/03/2020,2000 UTC,17:00,"21,70"
23/03/2020,22/03/2020,2100 UTC,18:00,"19,90"
23/03/2020,22/03/2020,2200 UTC,19:00,"18,70"
23/03/2020,22/03/2020,2300 UTC,20:00,"18,10"
24/03/2020,23/03/2020,0000 UTC,21:00,"17,20"
24/03/2020,23/03/2020,0100 UTC,22:00,"16,70"
24/03/2020,23/03/2020,0200 UTC,23:00,"16,80"
24/03/2020,23/03/2020,0300 UTC,00:00,"16,40"
24/03/2020,23/03/2020,0400 UTC,01:00,"16,50"
24/03/2020,23/03/2020,0500 UTC,02:00,"16,00"
24/03/2020,23/03/2020,0600 UTC,03:00,"15,90"
24/03/2020,23/03/2020,0700 UTC,04:00,"15,70"
24/03/2020,23/03/2020,0800 UTC,05:00,"16,00"
24/03/2020,23/03/2020,0900 UTC,06:00,"15,50"
24/03/2020,23/03/2020,1000 UTC,07:00,"16,20"
24/03/2020,23/03/2020,1100 UTC,08:00,"18,80"
24/03/2020,23/03/2020,1200 UTC,09:00,"20,40"
24/03/2020,23/03/2020,1300 UTC,10:00,"22,50"
24/03/2020,23/03/2020,1400 UTC,11:00,"23,70"
24/03/2020,23/03/2020,1500 UTC,12:00,"24,70"
24/03/2020,23/03/2020,1600 UTC,13:00,"24,30"
24/03/2020,23/03/2020,1700 UTC,14:00,"24,40"
24/03/2020,23/03/2020,1800 UTC,15:00,"25,20"
24/03/2020,23/03/2020,1900 UTC,16:00,"24,70"
24/03/2020,23/03/2020,2000 UTC,17:00,"23,20"
24/03/2020,23/03/2020,2100 UTC,18:00,"21,00"
24/03/2020,23/03/2020,2200 UTC,19:00,"19,20"
24/03/2020,23/03/2020,2300 UTC,20:00,"19,10"
25/03/2020,24/03/2020,0000 UTC,21:00,"18,20"
25/03/2020,24/03/2020,0100 UTC,22:00,"17,10"
25/03/2020,24/03/2020,0200 UTC,23:00,"16,60"
25/03/2020,24/03/2020,0300 UTC,00:00,"16,60"
25/03/2020,24/03/2020,0400 UTC,01:00,"16,30"
25/03/2020,24/03/2020,0500 UTC,02:00,"15,80"
25/03/2020,24/03/2020,0600 UTC,03:00,"15,70"
25/03/2020,24/03/2020,0700 UTC,04:00,"15,30"
25/03/2020,24/03/2020,0800 UTC,05:00,"15,20"
25/03/2020,24/03/2020,0900 UTC,06:00,"14,70"
25/03/2020,24/03/2020,1000 UTC,07:00,"15,60"
25/03/2020,24/03/2020,1100 UTC,08:00,"17,70"
25/03/2020,24/03/2020,1200 UTC,09:00,"20,00"
25/03/2020,24/03/2020,1300 UTC,10:00,"22,60"
25/03/2020,24/03/2020,1400 UTC,11:00,"24,30"
25/03/2020,24/03/2020,1500 UTC,12:00,"24,90"
25/03/2020,24/03/2020,1600 UTC,13:00,"24,40"
25/03/2020,24/03/2020,1700 UTC,14:00,"26,40"
25/03/2020,24/03/2020,1800 UTC,15:00,"25,40"
25/03/2020,24/03/2020,1900 UTC,16:00,"24,90"
25/03/2020,24/03/2020,2000 UTC,17:00,"23,60"
25/03/2020,24/03/2020,2100 UTC,18:00,"20,50"
25/03/2020,24/03/2020,2200 UTC,19:00,"18,40"
25/03/2020,24/03/2020,2300 UTC,20:00,"17,30"
26/03/2020,25/03/2020,0000 UTC,21:00,"16,90"
26/03/2020,25/03/2020,0100 UTC,22:00,"16,40"
26/03/2020,25/03/2020,0200 UTC,23:00,"15,90"
26/03/2020,25/03/2020,0300 UTC,00:00,"15,30"
26/03/2020,25/03/2020,0400 UTC,01:00,"15,10"
26/03/2020,25/03/2020,0500 UTC,02:00,"14,60"
26/03/2020,25/03/2020,0600 UTC,03:00,"14,20"
26/03/2020,25/03/2020,0700 UTC,04:00,"13,90"
26/03/2020,25/03/2020,0800 UTC,05:00,"13,90"
26/03/2020,25/03/2020,0900 UTC,06:00,"12,20"
26/03/2020,25/03/2020,1000 UTC,07:00,"12,70"
26/03/2020,25/03/2020,1100 UTC,08:00,"16,30"
26/03/2020,25/03/2020,1200 UTC,09:00,"19,50"
26/03/2020,25/03/2020,1300 UTC,10:00,"21,90"
26/03/2020,25/03/2020,1400 UTC,11:00,"24,10"
26/03/2020,25/03/2020,1500 UTC,12:00,"25,90"
26/03/2020,25/03/2020,1600 UTC,13:00,"26,10"
26/03/2020,25/03/2020,1700 UTC,14:00,"27,00"
26/03/2020,25/03/2020,1800 UTC,15:00,"26,90"
26/03/2020,25/03/2020,1900 UTC,16:00,"25,20"
26/03/2020,25/03/2020,2000 UTC,17:00,"23,70"
26/03/2020,25/03/2020,2100 UTC,18:00,"21,20"
26/03/2020,25/03/2020,2200 UTC,19:00,"19,30"
26/03/2020,25/03/2020,2300 UTC,20:00,"18,40"
27/03/2020,26/03/2020,0000 UTC,21:00,"17,60"
27/03/2020,26/03/2020,0100 UTC,22:00,"17,20"
27/03/2020,26/03/2020,0200 UTC,23:00,"16,80"
27/03/2020,26/03/2020,0300 UTC,00:00,"16,30"
27/03/2020,26/03/2020,0400 UTC,01:00,"15,70"
27/03/2020,26/03/2020,0500 UTC,02:00,"15,60"
27/03/2020,26/03/2020,0600 UTC,03:00,"15,40"
27/03/2020,26/03/2020,0700 UTC,04:00,"15,00"
27/03/2020,26/03/2020,0800 UTC,05:00,"14,60"
27/03/2020,26/03/2020,0900 UTC,06:00,"14,70"
27/03/2020,26/03/2020,1000 UTC,07:00,"15,70"
27/03/2020,26/03/2020,1100 UTC,08:00,"17,40"
27/03/2020,26/03/2020,1200 UTC,09:00,"20,30"
27/03/2020,26/03/2020,1300 UTC,10:00,"22,70"
27/03/2020,26/03/2020,1400 UTC,11:00,"25,00"
27/03/2020,26/03/2020,1500 UTC,12:00,"26,10"
27/03/2020,26/03/2020,1600 UTC,13:00,"27,40"
27/03/2020,26/03/2020,1700 UTC,14:00,"26,00"
27/03/2020,26/03/2020,1800 UTC,15:00,"25,10"
27/03/2020,26/03/2020,1900 UTC,16:00,"25,10"
27/03/2020,26/03/2020,2000 UTC,17:00,"23,70"
27/03/2020,26/03/2020,2100 UTC,18:00,"21,50"
27/03/2020,26/03/2020,2200 UTC,19:00,"19,90"
27/03/2020,26/03/2020,2300 UTC,20:00,"19,00"
28/03/2020,27/03/2020,0000 UTC,21:00,"18,70"
28/03/2020,27/03/2020,0100 UTC,22:00,"18,70"
28/03/2020,27/03/2020,0200 UTC,23:00,"17,60"
28/03/2020,27/03/2020,0300 UTC,00:00,"17,50"
28/03/2020,27/03/2020,0400 UTC,01:00,"16,90"
28/03/2020,27/03/2020,0500 UTC,02:00,"16,70"
28/03/2020,27/03/2020,0600 UTC,03:00,"16,80"
28/03/2020,27/03/2020,0700 UTC,04:00,"15,90"
28/03/2020,27/03/2020,0800 UTC,05:00,"15,80"
28/03/2020,27/03/2020,0900 UTC,06:00,"15,70"
28/03/2020,27/03/2020,1000 UTC,07:00,"16,40"
28/03/2020,27/03/2020,1100 UTC,08:00,"17,80"
28/03/2020,27/03/2020,1200 UTC,09:00,"22,00"
28/03/2020,27/03/2020,1300 UTC,10:00,"23,00"
28/03/2020,27/03/2020,1400 UTC,11:00,"25,50"
28/03/2020,27/03/2020,1500 UTC,12:00,"27,40"
28/03/2020,27/03/2020,1600 UTC,13:00,"27,80"
28/03/2020,27/03/2020,1700 UTC,14:00,"28,20"
28/03/2020,27/03/2020,1800 UTC,15:00,"27,70"
28/03/2020,27/03/2020,1900 UTC,16:00,"25,70"
28/03/2020,27/03/2020,2000 UTC,17:00,"23,30"
28/03/2020,27/03/2020,2100 UTC,18:00,"22,00"
28/03/2020,27/03/2020,2200 UTC,19:00,"20,70"
28/03/2020,27/03/2020,2300 UTC,20:00,"20,00"
29/03/2020,28/03/2020,0000 UTC,21:00,"19,80"
29/03/2020,28/03/2020,0100 UTC,22:00,"19,70"
29/03/2020,28/03/2020,0200 UTC,23:00,"19,30"
29/03/2020,28/03/2020,0300 UTC,00:00,"18,70"
29/03/2020,28/03/2020,0400 UTC,01:00,"18,30"
29/03/2020,28/03/2020,0500 UTC,02:00,"17,90"
29/03/2020,28/03/2020,0600 UTC,03:00,"17,20"
29/03/2020,28/03/2020,0700 UTC,04:00,"16,80"
29/03/2020,28/03/2020,0800 UTC,05:00,"16,60"
29/03/2020,28/03/2020,0900 UTC,06:00,"17,30"
29/03/2020,28/03/2020,1000 UTC,07:00,"17,70"
29/03/2020,28/03/2020,1100 UTC,08:00,"19,70"
29/03/2020,28/03/2020,1200 UTC,09:00,"21,90"
29/03/2020,28/03/2020,1300 UTC,10:00,"23,70"
29/03/2020,28/03/2020,1400 UTC,11:00,"26,10"
29/03/2020,28/03/2020,1500 UTC,12:00,"26,30"
29/03/2020,28/03/2020,1600 UTC,13:00,"27,20"
29/03/2020,28/03/2020,1700 UTC,14:00,"27,80"
29/03/2020,28/03/2020,1800 UTC,15:00,"27,70"
29/03/2020,28/03/2020,1900 UTC,16:00,"21,80"
29/03/2020,28/03/2020,2000 UTC,17:00,"21,10"
29/03/2020,28/03/2020,2100 UTC,18:00,"21,00"
29/03/2020,28/03/2020,2200 UTC,19:00,"20,80"
29/03/2020,28/03/2020,2300 UTC,20:00,"20,90"
30/03/2020,29/03/2020,0000 UTC,21:00,"20,70"
30/03/2020,29/03/2020,0100 UTC,22:00,"20,50"
30/03/2020,29/03/2020,0200 UTC,23:00,"20,30"
30/03/2020,29/03/2020,0300 UTC,00:00,"20,10"
30/03/2020,29/03/2020,0400 UTC,01:00,"19,50"
30/03/2020,29/03/2020,0500 UTC,02:00,"19,10"
30/03/2020,29/03/2020,0600 UTC,03:00,"18,90"
30/03/2020,29/03/2020,0700 UTC,04:00,"18,50"
30/03/2020,29/03/2020,0800 UTC,05:00,"18,20"
30/03/2020,29/03/2020,0900 UTC,06:00,"18,40"
30/03/2020,29/03/2020,1000 UTC,07:00,"18,70"
30/03/2020,29/03/2020,1100 UTC,08:00,"20,10"
30/03/2020,29/03/2020,1200 UTC,09:00,"22,60"
30/03/2020,29/03/2020,1300 UTC,10:00,"24,00"
30/03/2020,29/03/2020,1400 UTC,11:00,"24,30"
30/03/2020,29/03/2020,1500 UTC,12:00,"26,20"
30/03/2020,29/03/2020,1600 UTC,13:00,"27,20"
30/03/2020,29/03/2020,1700 UTC,14:00,"27,70"
30/03/2020,29/03/2020,1800 UTC,15:00,"27,60"
30/03/2020,29/03/2020,1900 UTC,16:00,"27,20"
30/03/2020,29/03/2020,2000 UTC,17:00,"26,50"
30/03/2020,29/03/2020,2100 UTC,18:00,"23,50"
30/03/2020,29/03/2020,2200 UTC,19:00,"21,80"
30/03/2020,29/03/2020,2300 UTC,20:00,"21,00"
31/03/2020,30/03/2020,0000 UTC,21:00,"20,50"
31/03/2020,30/03/2020,0100 UTC,22:00,"19,90"
31/03/2020,30/03/2020,0200 UTC,23:00,"19,40"
31/03/2020,30/03/2020,0300 UTC,00:00,"19,30"
31/03/2020,30/03/2020,0400 UTC,01:00,"18,00"
31/03/2020,30/03/2020,0500 UTC,02:00,"18,10"
31/03/2020,30/03/2020,0600 UTC,03:00,"17,10"
31/03/2020,30/03/2020,0700 UTC,04:00,"16,40"
31/03/2020,30/03/2020,0800 UTC,05:00,"16,80"
31/03/2020,30/03/2020,0900 UTC,06:00,"15,30"
31/03/2020,30/03/2020,1000 UTC,07:00,"16,20"
31/03/2020,30/03/2020,1100 UTC,08:00,"17,00"
31/03/2020,30/03/2020,1200 UTC,09:00,"17,90"
31/03/2020,30/03/2020,1300 UTC,10:00,"22,00"
31/03/2020,30/03/2020,1400 UTC,11:00,"25,50"
31/03/2020,30/03/2020,1500 UTC,12:00,"27,40"
31/03/2020,30/03/2020,1600 UTC,13:00,"28,40"
31/03/2020,30/03/2020,1700 UTC,14:00,"28,20"
31/03/2020,30/03/2020,1800 UTC,15:00,"28,90"
31/03/2020,30/03/2020,1900 UTC,16:00,"27,40"
31/03/2020,30/03/2020,2000 UTC,17:00,"25,70"
31/03/2020,30/03/2020,2100 UTC,18:00,"22,70"
31/03/2020,30/03/2020,2200 UTC,19:00,"21,20"
31/03/2020,30/03/2020,2300 UTC,20:00,"20,70"
01/04/2020,31/03/2020,0000 UTC,21:00,"19,60"
01/04/2020,31/03/2020,0100 UTC,22:00,"19,10"
01/04/2020,31/03/2020,0200 UTC,23:00,"19,60"
01/04/2020,31/03/2020,0300 UTC,00:00,"19,00"
01/04/2020,31/03/2020,0400 UTC,01:00,"19,10"
01/04/2020,31/03/2020,0500 UTC,02:00,"18,10"
01/04/2020,31/03/2020,0600 UTC,03:00,"17,50"
01/04/2020,31/03/2020,0700 UTC,04:00,"17,40"
01/04/2020,31/03/2020,0800 UTC,05:00,"17,10"
01/04/2020,31/03/2020,0900 UTC,06:00,"16,50"
01/04/2020,31/03/2020,1000 UTC,07:00,"17,00"
01/04/2020,31/03/2020,1100 UTC,08:00,"19,60"
01/04/2020,31/03/2020,1200 UTC,09:00,"22,10"
01/04/2020,31/03/2020,1300 UTC,10:00,"23,00"
01/04/2020,31/03/2020,1400 UTC,11:00,"24,60"
01/04/2020,31/03/2020,1500 UTC,12:00,"25,70"
01/04/2020,31/03/2020,1600 UTC,13:00,"26,60"
01/04/2020,31/03/2020,1700 UTC,14:00,"26,90"
01/04/2020,31/03/2020,1800 UTC,15:00,"27,00"
01/04/2020,31/03/2020,1900 UTC,16:00,"26,40"
01/04/2020,31/03/2020,2000 UTC,17:00,"25,00"
01/04/2020,31/03/2020,2100 UTC,18:00,"22,90"
01/04/2020,31/03/2020,2200 UTC,19:00,"21,10"
01/04/2020,31/03/2020,2300 UTC,20:00,"20,40"
02/04/2020,01/04/2020,0000 UTC,21:00,"20,00"
02/04/2020,01/04/2020,0100 UTC,22:00,"19,70"
02/04/2020,01/04/2020,0200 UTC,23:00,"19,70"
02/04/2020,01/04/2020,0300 UTC,00:00,"19,50"
02/04/2020,01/04/2020,0400 UTC,01:00,"19,60"
02/04/2020,01/04/2020,0500 UTC,02:00,"18,80"
02/04/2020,01/04/2020,0600 UTC,03:00,"18,10"
02/04/2020,01/04/2020,0700 UTC,04:00,"17,90"
02/04/2020,01/04/2020,0800 UTC,05:00,"16,90"
02/04/2020,01/04/2020,0900 UTC,06:00,"17,30"
02/04/2020,01/04/2020,1000 UTC,07:00,"17,90"
02/04/2020,01/04/2020,1100 UTC,08:00,"18,20"
02/04/2020,01/04/2020,1200 UTC,09:00,"21,80"
02/04/2020,01/04/2020,1300 UTC,10:00,"25,20"
02/04/2020,01/04/2020,1400 UTC,11:00,"27,20"
02/04/2020,01/04/2020,1500 UTC,12:00,"29,30"
02/04/2020,01/04/2020,1600 UTC,13:00,"30,30"
02/04/2020,01/04/2020,1700 UTC,14:00,"30,90"
02/04/2020,01/04/2020,1800 UTC,15:00,"31,10"
02/04/2020,01/04/2020,1900 UTC,16:00,"29,80"
02/04/2020,01/04/2020,2000 UTC,17:00,"28,70"
02/04/2020,01/04/2020,2100 UTC,18:00,"26,80"
02/04/2020,01/04/2020,2200 UTC,19:00,"26,20"
02/04/2020,01/04/2020,2300 UTC,20:00,"24,90"
03/04/2020,02/04/2020,0000 UTC,21:00,"24,10"
03/04/2020,02/04/2020,0100 UTC,22:00,"24,60"
03/04/2020,02/04/2020,0200 UTC,23:00,"24,50"
03/04/2020,02/04/2020,0300 UTC,00:00,"23,40"
03/04/2020,02/04/2020,0400 UTC,01:00,"22,30"
03/04/2020,02/04/2020,0500 UTC,02:00,"22,00"
03/04/2020,02/04/2020,0600 UTC,03:00,"21,90"
03/04/2020,02/04/2020,0700 UTC,04:00,"21,00"
03/04/2020,02/04/2020,0800 UTC,05:00,"21,20"
03/04/2020,02/04/2020,0900 UTC,06:00,"20,40"
03/04/2020,02/04/2020,1000 UTC,07:00,"20,90"
03/04/2020,02/04/2020,1100 UTC,08:00,"21,90"
03/04/2020,02/04/2020,1200 UTC,09:00,"23,20"
03/04/2020,02/04/2020,1300 UTC,10:00,"24,40"
03/04/2020,02/04/2020,1400 UTC,11:00,"25,50"
03/04/2020,02/04/2020,1500 UTC,12:00,"27,70"
03/04/2020,02/04/2020,1600 UTC,13:00,"27,70"
03/04/2020,02/04/2020,1700 UTC,14:00,"30,20"
03/04/2020,02/04/2020,1800 UTC,15:00,"30,90"
03/04/2020,02/04/2020,1900 UTC,16:00,"30,60"
03/04/2020,02/04/2020,2000 UTC,17:00,"27,20"
03/04/2020,02/04/2020,2100 UTC,18:00,"23,70"
03/04/2020,02/04/2020,2200 UTC,19:00,"20,90"
03/04/2020,02/04/2020,2300 UTC,20:00,"19,50"
04/04/2020,03/04/2020,0000 UTC,21:00,"17,70"
04/04/2020,03/04/2020,0100 UTC,22:00,"17,10"
04/04/2020,03/04/2020,0200 UTC,23:00,"17,00"
04/04/2020,03/04/2020,0300 UTC,00:00,"16,40"
04/04/2020,03/04/2020,0400 UTC,01:00,"16,30"
04/04/2020,03/04/2020,0500 UTC,02:00,"15,20"
04/04/2020,03/04/2020,0600 UTC,03:00,"14,30"
04/04/2020,03/04/2020,0700 UTC,04:00,"13,40"
04/04/2020,03/04/2020,0800 UTC,05:00,"12,40"
04/04/2020,03/04/2020,0900 UTC,06:00,"11,90"
04/04/2020,03/04/2020,1000 UTC,07:00,"12,60"
04/04/2020,03/04/2020,1100 UTC,08:00,"15,00"
04/04/2020,03/04/2020,1200 UTC,09:00,"19,10"
04/04/2020,03/04/2020,1300 UTC,10:00,"20,10"
04/04/2020,03/04/2020,1400 UTC,11:00,"22,70"
04/04/2020,03/04/2020,1500 UTC,12:00,"23,50"
04/04/2020,03/04/2020,1600 UTC,13:00,"24,80"
04/04/2020,03/04/2020,1700 UTC,14:00,"26,60"
04/04/2020,03/04/2020,1800 UTC,15:00,"27,50"
04/04/2020,03/04/2020,1900 UTC,16:00,"26,20"
04/04/2020,03/04/2020,2000 UTC,17:00,"24,20"
04/04/2020,03/04/2020,2100 UTC,18:00,"20,60"
04/04/2020,03/04/2020,2200 UTC,19:00,"18,50"
04/04/2020,03/04/2020,2300 UTC,20:00,"17,10"
05/04/2020,04/04/2020,0000 UTC,21:00,"16,40"
05/04/2020,04/04/2020,0100 UTC,22:00,"16,00"
05/04/2020,04/04/2020,0200 UTC,23:00,"15,20"
05/04/2020,04/04/2020,0300 UTC,00:00,"15,10"
05/04/2020,04/04/2020,0400 UTC,01:00,"14,40"
05/04/2020,04/04/2020,0500 UTC,02:00,"15,60"
05/04/2020,04/04/2020,0600 UTC,03:00,"16,00"
05/04/2020,04/04/2020,0700 UTC,04:00,"15,60"
05/04/2020,04/04/2020,0800 UTC,05:00,"14,60"
05/04/2020,04/04/2020,0900 UTC,06:00,"14,40"
05/04/2020,04/04/2020,1000 UTC,07:00,"14,80"
05/04/2020,04/04/2020,1100 UTC,08:00,"17,80"
05/04/2020,04/04/2020,1200 UTC,09:00,"20,20"
05/04/2020,04/04/2020,1300 UTC,10:00,"22,50"
05/04/2020,04/04/2020,1400 UTC,11:00,"23,80"
05/04/2020,04/04/2020,1500 UTC,12:00,"25,00"
05/04/2020,04/04/2020,1600 UTC,13:00,"26,30"
05/04/2020,04/04/2020,1700 UTC,14:00,"27,30"
05/04/2020,04/04/2020,1800 UTC,15:00,"27,60"
05/04/2020,04/04/2020,1900 UTC,16:00,"27,80"
05/04/2020,04/04/2020,2000 UTC,17:00,"26,40"
05/04/2020,04/04/2020,2100 UTC,18:00,"22,10"
05/04/2020,04/04/2020,2200 UTC,19:00,"20,40"
05/04/2020,04/04/2020,2300 UTC,20:00,"19,00"
06/04/2020,05/04/2020,0000 UTC,21:00,"18,30"
06/04/2020,05/04/2020,0100 UTC,22:00,"17,60"
06/04/2020,05/04/2020,0200 UTC,23:00,"17,30"
06/04/2020,05/04/2020,0300 UTC,00:00,"17,20"
06/04/2020,05/04/2020,0400 UTC,01:00,"16,40"
06/04/2020,05/04/2020,0500 UTC,02:00,"16,10"
06/04/2020,05/04/2020,0600 UTC,03:00,"15,10"
06/04/2020,05/04/2020,0700 UTC,04:00,"14,30"
06/04/2020,05/04/2020,0800 UTC,05:00,"14,20"
06/04/2020,05/04/2020,0900 UTC,06:00,"13,40"
06/04/2020,05/04/2020,1000 UTC,07:00,"14,70"
06/04/2020,05/04/2020,1100 UTC,08:00,"16,50"
06/04/2020,05/04/2020,1200 UTC,09:00,"18,90"
06/04/2020,05/04/2020,1300 UTC,10:00,"24,90"
06/04/2020,05/04/2020,1400 UTC,11:00,"27,50"
06/04/2020,05/04/2020,1500 UTC,12:00,"28,40"
06/04/2020,05/04/2020,1600 UTC,13:00,"30,40"
06/04/2020,05/04/2020,1700 UTC,14:00,"31,90"
06/04/2020,05/04/2020,1800 UTC,15:00,"30,00"
06/04/2020,05/04/2020,1900 UTC,16:00,"29,80"
06/04/2020,05/04/2020,2000 UTC,17:00,"29,50"
06/04/2020,05/04/2020,2100 UTC,18:00,"27,80"
06/04/2020,05/04/2020,2200 UTC,19:00,"26,50"
06/04/2020,05/04/2020,2300 UTC,20:00,"21,80"
07/04/2020,06/04/2020,0000 UTC,21:00,"20,50"
07/04/2020,06/04/2020,0100 UTC,22:00,"20,30"
07/04/2020,06/04/2020,0200 UTC,23:00,"19,00"
07/04/2020,06/04/2020,0300 UTC,00:00,"18,80"
07/04/2020,06/04/2020,0400 UTC,01:00,"18,50"
07/04/2020,06/04/2020,0500 UTC,02:00,"18,40"
07/04/2020,06/04/2020,0600 UTC,03:00,"18,50"
07/04/2020,06/04/2020,0700 UTC,04:00,"18,30"
07/04/2020,06/04/2020,0800 UTC,05:00,"18,50"
07/04/2020,06/04/2020,0900 UTC,06:00,"18,30"
07/04/2020,06/04/2020,1000 UTC,07:00,"18,40"
07/04/2020,06/04/2020,1100 UTC,08:00,"18,90"
07/04/2020,06/04/2020,1200 UTC,09:00,"20,80"
07/04/2020,06/04/2020,1300 UTC,10:00,"21,90"
07/04/2020,06/04/2020,1400 UTC,11:00,"21,10"
07/04/2020,06/04/2020,1500 UTC,12:00,"22,90"
07/04/2020,06/04/2020,1600 UTC,13:00,"21,80"
07/04/2020,06/04/2020,1700 UTC,14:00,"23,70"
07/04/2020,06/04/2020,1800 UTC,15:00,"23,00"
07/04/2020,06/04/2020,1900 UTC,16:00,"19,50"
07/04/2020,06/04/2020,2000 UTC,17:00,"19,80"
07/04/2020,06/04/2020,2100 UTC,18:00,"19,20"
07/04/2020,06/04/2020,2200 UTC,19:00,"18,30"
07/04/2020,06/04/2020,2300 UTC,20:00,"18,40"
08/04/2020,07/04/2020,0000 UTC,21:00,"18,40"
08/04/2020,07/04/2020,0100 UTC,22:00,"18,40"
08/04/2020,07/04/2020,0200 UTC,23:00,"18,00"
08/04/2020,07/04/2020,0300 UTC,00:00,"18,10"
08/04/2020,07/04/2020,0400 UTC,01:00,"17,90"
08/04/2020,07/04/2020,0500 UTC,02:00,"17,60"
08/04/2020,07/04/2020,0600 UTC,03:00,"17,50"
08/04/2020,07/04/2020,0700 UTC,04:00,"17,30"
08/04/2020,07/04/2020,0800 UTC,05:00,"17,00"
08/04/2020,07/04/2020,0900 UTC,06:00,"16,70"
08/04/2020,07/04/2020,1000 UTC,07:00,"16,50"
08/04/2020,07/04/2020,1100 UTC,08:00,"17,00"
08/04/2020,07/04/2020,1200 UTC,09:00,"17,90"
08/04/2020,07/04/2020,1300 UTC,10:00,"18,90"
08/04/2020,07/04/2020,1400 UTC,11:00,"19,60"
08/04/2020,07/04/2020,1500 UTC,12:00,"20,30"
08/04/2020,07/04/2020,1600 UTC,13:00,"19,70"
08/04/2020,07/04/2020,1700 UTC,14:00,"20,20"
08/04/2020,07/04/2020,1800 UTC,15:00,"21,30"
08/04/2020,07/04/2020,1900 UTC,16:00,"20,50"
08/04/2020,07/04/2020,2000 UTC,17:00,"19,90"
08/04/2020,07/04/2020,2100 UTC,18:00,"17,80"
08/04/2020,07/04/2020,2200 UTC,19:00,"16,50"
08/04/2020,07/04/2020,2300 UTC,20:00,"15,70"
09/04/2020,08/04/2020,0000 UTC,21:00,"15,50"
09/04/2020,08/04/2020,0100 UTC,22:00,"15,90"
09/04/2020,08/04/2020,0200 UTC,23:00,"16,00"
09/04/2020,08/04/2020,0300 UTC,00:00,"15,40"
09/04/2020,08/04/2020,0400 UTC,01:00,"14,70"
09/04/2020,08/04/2020,0500 UTC,02:00,"14,10"
09/04/2020,08/04/2020,0600 UTC,03:00,"15,00"
09/04/2020,08/04/2020,0700 UTC,04:00,"13,50"
09/04/2020,08/04/2020,0800 UTC,05:00,"13,00"
09/04/2020,08/04/2020,0900 UTC,06:00,"12,50"
09/04/2020,08/04/2020,1000 UTC,07:00,"13,10"
09/04/2020,08/04/2020,1100 UTC,08:00,"15,90"
09/04/2020,08/04/2020,1200 UTC,09:00,"17,60"
09/04/2020,08/04/2020,1300 UTC,10:00,"19,70"
09/04/2020,08/04/2020,1400 UTC,11:00,"20,60"
09/04/2020,08/04/2020,1500 UTC,12:00,"21,30"
09/04/2020,08/04/2020,1600 UTC,13:00,"21,80"
09/04/2020,08/04/2020,1700 UTC,14:00,"22,20"
09/04/2020,08/04/2020,1800 UTC,15:00,"22,30"
09/04/2020,08/04/2020,1900 UTC,16:00,"21,50"
09/04/2020,08/04/2020,2000 UTC,17:00,"20,80"
09/04/2020,08/04/2020,2100 UTC,18:00,"18,10"
09/04/2020,08/04/2020,2200 UTC,19:00,"16,40"
09/04/2020,08/04/2020,2300 UTC,20:00,"15,30"
10/04/2020,09/04/2020,0000 UTC,21:00,"14,70"
10/04/2020,09/04/2020,0100 UTC,22:00,"14,20"
10/04/2020,09/04/2020,0200 UTC,23:00,"13,90"
10/04/2020,09/04/2020,0300 UTC,00:00,"14,10"
10/04/2020,09/04/2020,0400 UTC,01:00,"13,60"
10/04/2020,09/04/2020,0500 UTC,02:00,"12,90"
10/04/2020,09/04/2020,0600 UTC,03:00,"12,40"
10/04/2020,09/04/2020,0700 UTC,04:00,"12,50"
10/04/2020,09/04/2020,0800 UTC,05:00,"11,80"
10/04/2020,09/04/2020,0900 UTC,06:00,"11,30"
10/04/2020,09/04/2020,1000 UTC,07:00,"12,20"
10/04/2020,09/04/2020,1100 UTC,08:00,"14,40"
10/04/2020,09/04/2020,1200 UTC,09:00,"17,80"
10/04/2020,09/04/2020,1300 UTC,10:00,"19,60"
10/04/2020,09/04/2020,1400 UTC,11:00,"22,10"
10/04/2020,09/04/2020,1500 UTC,12:00,"21,90"
10/04/2020,09/04/2020,1600 UTC,13:00,"22,50"
10/04/2020,09/04/2020,1700 UTC,14:00,"22,80"
10/04/2020,09/04/2020,1800 UTC,15:00,"24,20"
10/04/2020,09/04/2020,1900 UTC,16:00,"22,40"
10/04/2020,09/04/2020,2000 UTC,17:00,"21,20"
10/04/2020,09/04/2020,2100 UTC,18:00,"18,60"
10/04/2020,09/04/2020,2200 UTC,19:00,"16,90"
10/04/2020,09/04/2020,2300 UTC,20:00,"16,30"
11/04/2020,10/04/2020,0000 UTC,21:00,"16,10"
11/04/2020,10/04/2020,0100 UTC,22:00,"16,50"
11/04/2020,10/04/2020,0200 UTC,23:00,"16,10"
11/04/2020,10/04/2020,0300 UTC,00:00,"16,00"
11/04/2020,10/04/2020,0400 UTC,01:00,"16,10"
11/04/2020,10/04/2020,0500 UTC,02:00,"16,00"
11/04/2020,10/04/2020,0600 UTC,03:00,"16,10"
11/04/2020,10/04/2020,0700 UTC,04:00,"16,00"
11/04/2020,10/04/2020,0800 UTC,05:00,"15,90"
11/04/2020,10/04/2020,0900 UTC,06:00,"15,90"
11/04/2020,10/04/2020,1000 UTC,07:00,"16,00"
11/04/2020,10/04/2020,1100 UTC,08:00,"16,90"
11/04/2020,10/04/2020,1200 UTC,09:00,"17,20"
11/04/2020,10/04/2020,1300 UTC,10:00,"18,80"
11/04/2020,10/04/2020,1400 UTC,11:00,"19,40"
11/04/2020,10/04/2020,1500 UTC,12:00,"19,90"
11/04/2020,10/04/2020,1600 UTC,13:00,"20,00"
11/04/2020,10/04/2020,1700 UTC,14:00,"22,00"
11/04/2020,10/04/2020,1800 UTC,15:00,"22,10"
11/04/2020,10/04/2020,1900 UTC,16:00,"20,90"
11/04/2020,10/04/2020,2000 UTC,17:00,"18,90"
11/04/2020,10/04/2020,2100 UTC,18:00,"16,80"
11/04/2020,10/04/2020,2200 UTC,19:00,"16,30"
11/04/2020,10/04/2020,2300 UTC,20:00,"16,10"
12/04/2020,11/04/2020,0000 UTC,21:00,"16,10"
12/04/2020,11/04/2020,0100 UTC,22:00,"15,80"
12/04/2020,11/04/2020,0200 UTC,23:00,"15,90"
12/04/2020,11/04/2020,0300 UTC,00:00,"15,40"
12/04/2020,11/04/2020,0400 UTC,01:00,"15,60"
12/04/2020,11/04/2020,0500 UTC,02:00,"16,00"
12/04/2020,11/04/2020,0600 UTC,03:00,"16,00"
12/04/2020,11/04/2020,0700 UTC,04:00,"16,20"
12/04/2020,11/04/2020,0800 UTC,05:00,"15,40"
12/04/2020,11/04/2020,0900 UTC,06:00,"14,40"
12/04/2020,11/04/2020,1000 UTC,07:00,"14,40"
12/04/2020,11/04/2020,1100 UTC,08:00,"16,00"
12/04/2020,11/04/2020,1200 UTC,09:00,"18,30"
12/04/2020,11/04/2020,1300 UTC,10:00,"19,60"
12/04/2020,11/04/2020,1400 UTC,11:00,"21,60"
12/04/2020,11/04/2020,1500 UTC,12:00,"22,70"
12/04/2020,11/04/2020,1600 UTC,13:00,"22,60"
12/04/2020,11/04/2020,1700 UTC,14:00,"24,00"
12/04/2020,11/04/2020,1800 UTC,15:00,"23,40"
12/04/2020,11/04/2020,1900 UTC,16:00,"21,60"
12/04/2020,11/04/2020,2000 UTC,17:00,"21,60"
12/04/2020,11/04/2020,2100 UTC,18:00,"18,80"
12/04/2020,11/04/2020,2200 UTC,19:00,"17,10"
12/04/2020,11/04/2020,2300 UTC,20:00,"16,40"
13/04/2020,12/04/2020,0000 UTC,21:00,"16,00"
13/04/2020,12/04/2020,0100 UTC,22:00,"15,60"
13/04/2020,12/04/2020,0200 UTC,23:00,"15,10"
13/04/2020,12/04/2020,0300 UTC,00:00,"15,10"
13/04/2020,12/04/2020,0400 UTC,01:00,"15,00"
13/04/2020,12/04/2020,0500 UTC,02:00,"14,40"
13/04/2020,12/04/2020,0600 UTC,03:00,"13,90"
13/04/2020,12/04/2020,0700 UTC,04:00,"13,20"
13/04/2020,12/04/2020,0800 UTC,05:00,"12,80"
13/04/2020,12/04/2020,0900 UTC,06:00,"11,80"
13/04/2020,12/04/2020,1000 UTC,07:00,"12,80"
13/04/2020,12/04/2020,1100 UTC,08:00,"15,00"
13/04/2020,12/04/2020,1200 UTC,09:00,"18,00"
13/04/2020,12/04/2020,1300 UTC,10:00,"20,50"
13/04/2020,12/04/2020,1400 UTC,11:00,"22,60"
13/04/2020,12/04/2020,1500 UTC,12:00,"24,10"
13/04/2020,12/04/2020,1600 UTC,13:00,"24,80"
13/04/2020,12/04/2020,1700 UTC,14:00,"25,60"
13/04/2020,12/04/2020,1800 UTC,15:00,"25,50"
13/04/2020,12/04/2020,1900 UTC,16:00,"23,80"
13/04/2020,12/04/2020,2000 UTC,17:00,"22,20"
13/04/2020,12/04/2020,2100 UTC,18:00,"19,20"
13/04/2020,12/04/2020,2200 UTC,19:00,"17,90"
13/04/2020,12/04/2020,2300 UTC,20:00,"16,90"
14/04/2020,13/04/2020,0000 UTC,21:00,"16,60"
14/04/2020,13/04/2020,0100 UTC,22:00,"16,00"
14/04/2020,13/04/2020,0200 UTC,23:00,"15,80"
14/04/2020,13/04/2020,0300 UTC,00:00,"15,00"
14/04/2020,13/04/2020,0400 UTC,01:00,"14,90"
14/04/2020,13/04/2020,0500 UTC,02:00,"13,00"
14/04/2020,13/04/2020,0600 UTC,03:00,"13,30"
14/04/2020,13/04/2020,0700 UTC,04:00,"13,80"
14/04/2020,13/04/2020,0800 UTC,05:00,"12,80"
14/04/2020,13/04/2020,0900 UTC,06:00,"13,10"
14/04/2020,13/04/2020,1000 UTC,07:00,"13,90"
14/04/2020,13/04/2020,1100 UTC,08:00,"15,00"
14/04/2020,13/04/2020,1200 UTC,09:00,"15,60"
14/04/2020,13/04/2020,1300 UTC,10:00,"16,60"
14/04/2020,13/04/2020,1400 UTC,11:00,"19,70"
14/04/2020,13/04/2020,1500 UTC,12:00,"20,70"
14/04/2020,13/04/2020,1600 UTC,13:00,"21,60"
14/04/2020,13/04/2020,1700 UTC,14:00,"22,00"
14/04/2020,13/04/2020,1800 UTC,15:00,"22,50"
14/04/2020,13/04/2020,1900 UTC,16:00,"21,90"
14/04/2020,13/04/2020,2000 UTC,17:00,"21,10"
14/04/2020,13/04/2020,2100 UTC,18:00,"19,40"
14/04/2020,13/04/2020,2200 UTC,19:00,"19,20"
14/04/2020,13/04/2020,2300 UTC,20:00,"18,20"
15/04/2020,14/04/2020,0000 UTC,21:00,"17,50"
15/04/2020,14/04/2020,0100 UTC,22:00,"17,70"
15/04/2020,14/04/2020,0200 UTC,23:00,"17,20"
15/04/2020,14/04/2020,0300 UTC,00:00,"16,50"
15/04/2020,14/04/2020,0400 UTC,01:00,"16,50"
15/04/2020,14/04/2020,0500 UTC,02:00,"15,60"
15/04/2020,14/04/2020,0600 UTC,03:00,"15,70"
15/04/2020,14/04/2020,0700 UTC,04:00,"16,10"
15/04/2020,14/04/2020,0800 UTC,05:00,"16,20"
15/04/2020,14/04/2020,0900 UTC,06:00,"16,30"
15/04/2020,14/04/2020,1000 UTC,07:00,"16,60"
15/04/2020,14/04/2020,1100 UTC,08:00,"17,20"
15/04/2020,14/04/2020,1200 UTC,09:00,"18,80"
15/04/2020,14/04/2020,1300 UTC,10:00,"21,30"
15/04/2020,14/04/2020,1400 UTC,11:00,"21,70"
15/04/2020,14/04/2020,1500 UTC,12:00,"23,40"
15/04/2020,14/04/2020,1600 UTC,13:00,"24,60"
15/04/2020,14/04/2020,1700 UTC,14:00,"25,80"
15/04/2020,14/04/2020,1800 UTC,15:00,"25,30"
15/04/2020,14/04/2020,1900 UTC,16:00,"25,80"
15/04/2020,14/04/2020,2000 UTC,17:00,"24,00"
15/04/2020,14/04/2020,2100 UTC,18:00,"21,30"
15/04/2020,14/04/2020,2200 UTC,19:00,"18,90"
15/04/2020,14/04/2020,2300 UTC,20:00,"17,60"
16/04/2020,15/04/2020,0000 UTC,21:00,"17,00"
16/04/2020,15/04/2020,0100 UTC,22:00,"15,20"
16/04/2020,15/04/2020,0200 UTC,23:00,"13,00"
16/04/2020,15/04/2020,0300 UTC,00:00,"11,60"
16/04/2020,15/04/2020,0400 UTC,01:00,"9,70"
16/04/2020,15/04/2020,0500 UTC,02:00,"9,60"
16/04/2020,15/04/2020,0600 UTC,03:00,"9,10"
16/04/2020,15/04/2020,0700 UTC,04:00,"8,20"
16/04/2020,15/04/2020,0800 UTC,05:00,"7,90"
16/04/2020,15/04/2020,0900 UTC,06:00,"7,20"
16/04/2020,15/04/2020,1000 UTC,07:00,"7,80"
16/04/2020,15/04/2020,1100 UTC,08:00,"11,70"
16/04/2020,15/04/2020,1200 UTC,09:00,"14,60"
16/04/2020,15/04/2020,1300 UTC,10:00,"19,90"
16/04/2020,15/04/2020,1400 UTC,11:00,"22,90"
16/04/2020,15/04/2020,1500 UTC,12:00,"25,10"
16/04/2020,15/04/2020,1600 UTC,13:00,"25,30"
16/04/2020,15/04/2020,1700 UTC,14:00,"26,10"
16/04/2020,15/04/2020,1800 UTC,15:00,"26,00"
16/04/2020,15/04/2020,1900 UTC,16:00,"26,40"
16/04/2020,15/04/2020,2000 UTC,17:00,"25,20"
16/04/2020,15/04/2020,2100 UTC,18:00,"20,90"
16/04/2020,15/04/2020,2200 UTC,19:00,"18,40"
16/04/2020,15/04/2020,2300 UTC,20:00,"16,90"
17/04/2020,16/04/2020,0000 UTC,21:00,"15,60"
17/04/2020,16/04/2020,0100 UTC,22:00,"15,30"
17/04/2020,16/04/2020,0200 UTC,23:00,"14,40"
17/04/2020,16/04/2020,0300 UTC,00:00,"13,80"
17/04/2020,16/04/2020,0400 UTC,01:00,"13,50"
17/04/2020,16/04/2020,0500 UTC,02:00,"13,60"
17/04/2020,16/04/2020,0600 UTC,03:00,"13,50"
17/04/2020,16/04/2020,0700 UTC,04:00,"12,90"
17/04/2020,16/04/2020,0800 UTC,05:00,"13,10"
17/04/2020,16/04/2020,0900 UTC,06:00,"13,00"
17/04/2020,16/04/2020,1000 UTC,07:00,"13,50"
17/04/2020,16/04/2020,1100 UTC,08:00,"15,20"
17/04/2020,16/04/2020,1200 UTC,09:00,"17,90"
17/04/2020,16/04/2020,1300 UTC,10:00,"20,40"
17/04/2020,16/04/2020,1400 UTC,11:00,"20,80"
17/04/2020,16/04/2020,1500 UTC,12:00,"22,40"
17/04/2020,16/04/2020,1600 UTC,13:00,"21,90"
17/04/2020,16/04/2020,1700 UTC,14:00,"22,70"
17/04/2020,16/04/2020,1800 UTC,15:00,"22,00"
17/04/2020,16/04/2020,1900 UTC,16:00,"20,60"
17/04/2020,16/04/2020,2000 UTC,17:00,"20,20"
17/04/2020,16/04/2020,2100 UTC,18:00,"17,40"
17/04/2020,16/04/2020,2200 UTC,19:00,"16,00"
17/04/2020,16/04/2020,2300 UTC,20:00,"15,50"
18/04/2020,17/04/2020,0000 UTC,21:00,"15,10"
18/04/2020,17/04/2020,0100 UTC,22:00,"15,60"
18/04/2020,17/04/2020,0200 UTC,23:00,"15,60"
18/04/2020,17/04/2020,0300 UTC,00:00,"15,60"
18/04/2020,17/04/2020,0400 UTC,01:00,"14,10"
18/04/2020,17/04/2020,0500 UTC,02:00,"13,40"
18/04/2020,17/04/2020,0600 UTC,03:00,"13,70"
18/04/2020,17/04/2020,0700 UTC,04:00,"13,30"
18/04/2020,17/04/2020,0800 UTC,05:00,"14,50"
18/04/2020,17/04/2020,0900 UTC,06:00,"14,70"
18/04/2020,17/04/2020,1000 UTC,07:00,"15,40"
18/04/2020,17/04/2020,1100 UTC,08:00,"16,40"
18/04/2020,17/04/2020,1200 UTC,09:00,"17,80"
18/04/2020,17/04/2020,1300 UTC,10:00,"18,70"
18/04/2020,17/04/2020,1400 UTC,11:00,"19,80"
18/04/2020,17/04/2020,1500 UTC,12:00,"19,90"
18/04/2020,17/04/2020,1600 UTC,13:00,"21,40"
18/04/2020,17/04/2020,1700 UTC,14:00,"21,60"
18/04/2020,17/04/2020,1800 UTC,15:00,"21,60"
18/04/2020,17/04/2020,1900 UTC,16:00,"19,70"
18/04/2020,17/04/2020,2000 UTC,17:00,"18,80"
18/04/2020,17/04/2020,2100 UTC,18:00,"17,50"
18/04/2020,17/04/2020,2200 UTC,19:00,"15,80"
18/04/2020,17/04/2020,2300 UTC,20:00,"16,00"
19/04/2020,18/04/2020,0000 UTC,21:00,"15,90"
19/04/2020,18/04/2020,0100 UTC,22:00,"15,50"
19/04/2020,18/04/2020,0200 UTC,23:00,"15,70"
19/04/2020,18/04/2020,0300 UTC,00:00,"15,70"
19/04/2020,18/04/2020,0400 UTC,01:00,"15,80"
19/04/2020,18/04/2020,0500 UTC,02:00,"15,30"
19/04/2020,18/04/2020,0600 UTC,03:00,"14,60"
19/04/2020,18/04/2020,0700 UTC,04:00,"15,20"
19/04/2020,18/04/2020,0800 UTC,05:00,"15,50"
19/04/2020,18/04/2020,0900 UTC,06:00,"15,90"
19/04/2020,18/04/2020,1000 UTC,07:00,"15,60"
19/04/2020,18/04/2020,1100 UTC,08:00,"16,70"
19/04/2020,18/04/2020,1200 UTC,09:00,"18,50"
19/04/2020,18/04/2020,1300 UTC,10:00,"20,50"
19/04/2020,18/04/2020,1400 UTC,11:00,"20,70"
19/04/2020,18/04/2020,1500 UTC,12:00,"23,60"
19/04/2020,18/04/2020,1600 UTC,13:00,"23,60"
19/04/2020,18/04/2020,1700 UTC,14:00,"23,30"
19/04/2020,18/04/2020,1800 UTC,15:00,"23,60"
19/04/2020,18/04/2020,1900 UTC,16:00,"23,00"
19/04/2020,18/04/2020,2000 UTC,17:00,"20,30"
19/04/2020,18/04/2020,2100 UTC,18:00,"18,40"
19/04/2020,18/04/2020,2200 UTC,19:00,"17,80"
19/04/2020,18/04/2020,2300 UTC,20:00,"17,50"
20/04/2020,19/04/2020,0000 UTC,21:00,"17,20"
20/04/2020,19/04/2020,0100 UTC,22:00,"16,10"
20/04/2020,19/04/2020,0200 UTC,23:00,"15,50"
20/04/2020,19/04/2020,0300 UTC,00:00,"15,60"
20/04/2020,19/04/2020,0400 UTC,01:00,"15,20"
20/04/2020,19/04/2020,0500 UTC,02:00,"15,70"
20/04/2020,19/04/2020,0600 UTC,03:00,"16,10"
20/04/2020,19/04/2020,0700 UTC,04:00,"14,80"
20/04/2020,19/04/2020,0800 UTC,05:00,"15,70"
20/04/2020,19/04/2020,0900 UTC,06:00,"15,20"
20/04/2020,19/04/2020,1000 UTC,07:00,"15,20"
20/04/2020,19/04/2020,1100 UTC,08:00,"17,00"
20/04/2020,19/04/2020,1200 UTC,09:00,"19,90"
20/04/2020,19/04/2020,1300 UTC,10:00,"21,70"
20/04/2020,19/04/2020,1400 UTC,11:00,"22,80"
20/04/2020,19/04/2020,1500 UTC,12:00,"24,30"
20/04/2020,19/04/2020,1600 UTC,13:00,"24,60"
20/04/2020,19/04/2020,1700 UTC,14:00,"23,00"
20/04/2020,19/04/2020,1800 UTC,15:00,"23,80"
20/04/2020,19/04/2020,1900 UTC,16:00,"23,40"
20/04/2020,19/04/2020,2000 UTC,17:00,"22,30"
20/04/2020,19/04/2020,2100 UTC,18:00,"19,30"
20/04/2020,19/04/2020,2200 UTC,19:00,"18,00"
20/04/2020,19/04/2020,2300 UTC,20:00,"17,00"
21/04/2020,20/04/2020,0000 UTC,21:00,"16,60"
21/04/2020,20/04/2020,0100 UTC,22:00,"16,00"
21/04/2020,20/04/2020,0200 UTC,23:00,"15,30"
21/04/2020,20/04/2020,0300 UTC,00:00,"14,80"
21/04/2020,20/04/2020,0400 UTC,01:00,"13,90"
21/04/2020,20/04/2020,0500 UTC,02:00,"14,10"
21/04/2020,20/04/2020,0600 UTC,03:00,"11,60"
21/04/2020,20/04/2020,0700 UTC,04:00,"11,50"
21/04/2020,20/04/2020,0800 UTC,05:00,"11,30"
21/04/2020,20/04/2020,0900 UTC,06:00,"11,30"
21/04/2020,20/04/2020,1000 UTC,07:00,"11,70"
21/04/2020,20/04/2020,1100 UTC,08:00,"13,60"
21/04/2020,20/04/2020,1200 UTC,09:00,"17,30"
21/04/2020,20/04/2020,1300 UTC,10:00,"20,80"
21/04/2020,20/04/2020,1400 UTC,11:00,"23,30"
21/04/2020,20/04/2020,1500 UTC,12:00,"24,70"
21/04/2020,20/04/2020,1600 UTC,13:00,"25,80"
21/04/2020,20/04/2020,1700 UTC,14:00,"25,50"
21/04/2020,20/04/2020,1800 UTC,15:00,"25,50"
21/04/2020,20/04/2020,1900 UTC,16:00,"23,40"
21/04/2020,20/04/2020,2000 UTC,17:00,"22,40"
21/04/2020,20/04/2020,2100 UTC,18:00,"19,90"
21/04/2020,20/04/2020,2200 UTC,19:00,"18,40"
21/04/2020,20/04/2020,2300 UTC,20:00,"17,00"
22/04/2020,21/04/2020,0000 UTC,21:00,"16,40"
22/04/2020,21/04/2020,0100 UTC,22:00,"16,30"
22/04/2020,21/04/2020,0200 UTC,23:00,"15,60"
22/04/2020,21/04/2020,0300 UTC,00:00,"14,80"
22/04/2020,21/04/2020,0400 UTC,01:00,"14,80"
22/04/2020,21/04/2020,0500 UTC,02:00,"14,60"
22/04/2020,21/04/2020,0600 UTC,03:00,"14,10"
22/04/2020,21/04/2020,0700 UTC,04:00,"13,80"
22/04/2020,21/04/2020,0800 UTC,05:00,"14,10"
22/04/2020,21/04/2020,0900 UTC,06:00,"11,90"
22/04/2020,21/04/2020,1000 UTC,07:00,"11,00"
22/04/2020,21/04/2020,1100 UTC,08:00,"13,00"
22/04/2020,21/04/2020,1200 UTC,09:00,"15,40"
22/04/2020,21/04/2020,1300 UTC,10:00,"18,20"
22/04/2020,21/04/2020,1400 UTC,11:00,"21,00"
22/04/2020,21/04/2020,1500 UTC,12:00,"23,00"
22/04/2020,21/04/2020,1600 UTC,13:00,"23,30"
22/04/2020,21/04/2020,1700 UTC,14:00,"24,00"
22/04/2020,21/04/2020,1800 UTC,15:00,"24,10"
22/04/2020,21/04/2020,1900 UTC,16:00,"23,00"
22/04/2020,21/04/2020,2000 UTC,17:00,"21,80"
22/04/2020,21/04/2020,2100 UTC,18:00,"18,60"
22/04/2020,21/04/2020,2200 UTC,19:00,"17,00"
22/04/2020,21/04/2020,2300 UTC,20:00,"15,80"
23/04/2020,22/04/2020,0000 UTC,21:00,"15,50"
23/04/2020,22/04/2020,0100 UTC,22:00,"15,00"
23/04/2020,22/04/2020,0200 UTC,23:00,"14,90"
23/04/2020,22/04/2020,0300 UTC,00:00,"15,00"
23/04/2020,22/04/2020,0400 UTC,01:00,"13,80"
23/04/2020,22/04/2020,0500 UTC,02:00,"13,70"
23/04/2020,22/04/2020,0600 UTC,03:00,"14,20"
23/04/2020,22/04/2020,0700 UTC,04:00,"13,40"
23/04/2020,22/04/2020,0800 UTC,05:00,"11,10"
23/04/2020,22/04/2020,0900 UTC,06:00,"10,90"
23/04/2020,22/04/2020,1000 UTC,07:00,"10,00"
23/04/2020,22/04/2020,1100 UTC,08:00,"15,20"
23/04/2020,22/04/2020,1200 UTC,09:00,"18,50"
23/04/2020,22/04/2020,1300 UTC,10:00,"20,90"
23/04/2020,22/04/2020,1400 UTC,11:00,"23,50"
23/04/2020,22/04/2020,1500 UTC,12:00,"23,80"
23/04/2020,22/04/2020,1600 UTC,13:00,"23,90"
23/04/2020,22/04/2020,1700 UTC,14:00,"24,30"
23/04/2020,22/04/2020,1800 UTC,15:00,"23,80"
23/04/2020,22/04/2020,1900 UTC,16:00,"22,80"
23/04/2020,22/04/2020,2000 UTC,17:00,"21,30"
23/04/2020,22/04/2020,2100 UTC,18:00,"18,30"
23/04/2020,22/04/2020,2200 UTC,19:00,"16,60"
23/04/2020,22/04/2020,2300 UTC,20:00,"16,30"
24/04/2020,23/04/2020,0000 UTC,21:00,"15,60"
24/04/2020,23/04/2020,0100 UTC,22:00,"15,40"
24/04/2020,23/04/2020,0200 UTC,23:00,"16,10"
24/04/2020,23/04/2020,0300 UTC,00:00,"16,60"
24/04/2020,23/04/2020,0400 UTC,01:00,"16,40"
24/04/2020,23/04/2020,0500 UTC,02:00,"16,60"
24/04/2020,23/04/2020,0600 UTC,03:00,"17,20"
24/04/2020,23/04/2020,0700 UTC,04:00,"17,00"
24/04/2020,23/04/2020,0800 UTC,05:00,"16,50"
24/04/2020,23/04/2020,0900 UTC,06:00,"16,30"
24/04/2020,23/04/2020,1000 UTC,07:00,"16,50"
24/04/2020,23/04/2020,1100 UTC,08:00,"18,60"
24/04/2020,23/04/2020,1200 UTC,09:00,"20,40"
24/04/2020,23/04/2020,1300 UTC,10:00,"22,70"
24/04/2020,23/04/2020,1400 UTC,11:00,"23,90"
24/04/2020,23/04/2020,1500 UTC,12:00,"25,00"
24/04/2020,23/04/2020,1600 UTC,13:00,"26,60"
24/04/2020,23/04/2020,1700 UTC,14:00,"26,70"
24/04/2020,23/04/2020,1800 UTC,15:00,"25,70"
24/04/2020,23/04/2020,1900 UTC,16:00,"24,60"
24/04/2020,23/04/2020,2000 UTC,17:00,"22,50"
24/04/2020,23/04/2020,2100 UTC,18:00,"20,20"
24/04/2020,23/04/2020,2200 UTC,19:00,"19,00"
24/04/2020,23/04/2020,2300 UTC,20:00,"18,80"
25/04/2020,24/04/2020,0000 UTC,21:00,"18,60"
25/04/2020,24/04/2020,0100 UTC,22:00,"18,90"
25/04/2020,24/04/2020,0200 UTC,23:00,"18,10"
25/04/2020,24/04/2020,0300 UTC,00:00,"17,50"
25/04/2020,24/04/2020,0400 UTC,01:00,"16,80"
25/04/2020,24/04/2020,0500 UTC,02:00,"16,60"
25/04/2020,24/04/2020,0600 UTC,03:00,"16,20"
25/04/2020,24/04/2020,0700 UTC,04:00,"16,60"
25/04/2020,24/04/2020,0800 UTC,05:00,"16,80"
25/04/2020,24/04/2020,0900 UTC,06:00,"16,40"
25/04/2020,24/04/2020,1000 UTC,07:00,"16,20"
25/04/2020,24/04/2020,1100 UTC,08:00,"18,30"
25/04/2020,24/04/2020,1200 UTC,09:00,"20,00"
25/04/2020,24/04/2020,1300 UTC,10:00,"23,90"
25/04/2020,24/04/2020,1400 UTC,11:00,"26,20"
25/04/2020,24/04/2020,1500 UTC,12:00,"27,50"
25/04/2020,24/04/2020,1600 UTC,13:00,"28,00"
25/04/2020,24/04/2020,1700 UTC,14:00,"28,00"
25/04/2020,24/04/2020,1800 UTC,15:00,"29,80"
25/04/2020,24/04/2020,1900 UTC,16:00,"28,90"
25/04/2020,24/04/2020,2000 UTC,17:00,"27,70"
25/04/2020,24/04/2020,2100 UTC,18:00,"22,80"
25/04/2020,24/04/2020,2200 UTC,19:00,"21,00"
25/04/2020,24/04/2020,2300 UTC,20:00,"20,20"
26/04/2020,25/04/2020,0000 UTC,21:00,"19,20"
26/04/2020,25/04/2020,0100 UTC,22:00,"18,40"
26/04/2020,25/04/2020,0200 UTC,23:00,"17,90"
26/04/2020,25/04/2020,0300 UTC,00:00,"17,50"
26/04/2020,25/04/2020,0400 UTC,01:00,"16,10"
26/04/2020,25/04/2020,0500 UTC,02:00,"15,60"
26/04/2020,25/04/2020,0600 UTC,03:00,"15,60"
26/04/2020,25/04/2020,0700 UTC,04:00,"15,60"
26/04/2020,25/04/2020,0800 UTC,05:00,"15,20"
26/04/2020,25/04/2020,0900 UTC,06:00,"14,30"
26/04/2020,25/04/2020,1000 UTC,07:00,"14,10"
26/04/2020,25/04/2020,1100 UTC,08:00,"15,80"
26/04/2020,25/04/2020,1200 UTC,09:00,"17,10"
26/04/2020,25/04/2020,1300 UTC,10:00,"19,70"
26/04/2020,25/04/2020,1400 UTC,11:00,"24,80"
26/04/2020,25/04/2020,1500 UTC,12:00,"26,90"
26/04/2020,25/04/2020,1600 UTC,13:00,"27,60"
26/04/2020,25/04/2020,1700 UTC,14:00,"28,40"
26/04/2020,25/04/2020,1800 UTC,15:00,"28,20"
26/04/2020,25/04/2020,1900 UTC,16:00,"28,20"
26/04/2020,25/04/2020,2000 UTC,17:00,"25,60"
26/04/2020,25/04/2020,2100 UTC,18:00,"21,20"
26/04/2020,25/04/2020,2200 UTC,19:00,"19,40"
26/04/2020,25/04/2020,2300 UTC,20:00,"19,00"
27/04/2020,26/04/2020,0000 UTC,21:00,"18,40"
27/04/2020,26/04/2020,0100 UTC,22:00,"17,90"
27/04/2020,26/04/2020,0200 UTC,23:00,"16,90"
27/04/2020,26/04/2020,0300 UTC,00:00,"16,50"
27/04/2020,26/04/2020,0400 UTC,01:00,"16,00"
27/04/2020,26/04/2020,0500 UTC,02:00,"15,60"
27/04/2020,26/04/2020,0600 UTC,03:00,"15,90"
27/04/2020,26/04/2020,0700 UTC,04:00,"16,70"
27/04/2020,26/04/2020,0800 UTC,05:00,"16,40"
27/04/2020,26/04/2020,0900 UTC,06:00,"16,50"
27/04/2020,26/04/2020,1000 UTC,07:00,"17,10"
27/04/2020,26/04/2020,1100 UTC,08:00,"18,10"
27/04/2020,26/04/2020,1200 UTC,09:00,"20,90"
27/04/2020,26/04/2020,1300 UTC,10:00,"21,80"
27/04/2020,26/04/2020,1400 UTC,11:00,"22,20"
27/04/2020,26/04/2020,1500 UTC,12:00,"24,60"
27/04/2020,26/04/2020,1600 UTC,13:00,"24,10"
27/04/2020,26/04/2020,1700 UTC,14:00,"24,90"
27/04/2020,26/04/2020,1800 UTC,15:00,"24,70"
27/04/2020,26/04/2020,1900 UTC,16:00,"23,50"
27/04/2020,26/04/2020,2000 UTC,17:00,"21,70"
27/04/2020,26/04/2020,2100 UTC,18:00,"19,50"
27/04/2020,26/04/2020,2200 UTC,19:00,"18,70"
27/04/2020,26/04/2020,2300 UTC,20:00,"17,90"
28/04/2020,27/04/2020,0000 UTC,21:00,"17,30"
28/04/2020,27/04/2020,0100 UTC,22:00,"16,90"
28/04/2020,27/04/2020,0200 UTC,23:00,"16,40"
28/04/2020,27/04/2020,0300 UTC,00:00,"16,30"
28/04/2020,27/04/2020,0400 UTC,01:00,"15,90"
28/04/2020,27/04/2020,0500 UTC,02:00,"15,70"
28/04/2020,27/04/2020,0600 UTC,03:00,"16,00"
28/04/2020,27/04/2020,0700 UTC,04:00,"16,00"
28/04/2020,27/04/2020,0800 UTC,05:00,"15,60"
28/04/2020,27/04/2020,0900 UTC,06:00,"15,60"
28/04/2020,27/04/2020,1000 UTC,07:00,"15,00"
28/04/2020,27/04/2020,1100 UTC,08:00,"16,60"
28/04/2020,27/04/2020,1200 UTC,09:00,"20,00"
28/04/2020,27/04/2020,1300 UTC,10:00,"22,30"
28/04/2020,27/04/2020,1400 UTC,11:00,"24,40"
28/04/2020,27/04/2020,1500 UTC,12:00,"25,50"
28/04/2020,27/04/2020,1600 UTC,13:00,"25,80"
28/04/2020,27/04/2020,1700 UTC,14:00,"26,60"
28/04/2020,27/04/2020,1800 UTC,15:00,"26,50"
28/04/2020,27/04/2020,1900 UTC,16:00,"25,50"
28/04/2020,27/04/2020,2000 UTC,17:00,"24,70"
28/04/2020,27/04/2020,2100 UTC,18:00,"20,90"
28/04/2020,27/04/2020,2200 UTC,19:00,"19,60"
28/04/2020,27/04/2020,2300 UTC,20:00,"18,50"
29/04/2020,28/04/2020,0000 UTC,21:00,"18,10"
29/04/2020,28/04/2020,0100 UTC,22:00,"17,30"
29/04/2020,28/04/2020,0200 UTC,23:00,"16,90"
29/04/2020,28/04/2020,0300 UTC,00:00,"17,40"
29/04/2020,28/04/2020,0400 UTC,01:00,"16,80"
29/04/2020,28/04/2020,0500 UTC,02:00,"15,80"
29/04/2020,28/04/2020,0600 UTC,03:00,"15,30"
29/04/2020,28/04/2020,0700 UTC,04:00,"14,40"
29/04/2020,28/04/2020,0800 UTC,05:00,"14,30"
29/04/2020,28/04/2020,0900 UTC,06:00,"13,60"
29/04/2020,28/04/2020,1000 UTC,07:00,"13,50"
29/04/2020,28/04/2020,1100 UTC,08:00,"15,00"
29/04/2020,28/04/2020,1200 UTC,09:00,"18,60"
29/04/2020,28/04/2020,1300 UTC,10:00,"22,50"
29/04/2020,28/04/2020,1400 UTC,11:00,"24,70"
29/04/2020,28/04/2020,1500 UTC,12:00,"25,80"
29/04/2020,28/04/2020,1600 UTC,13:00,"26,30"
29/04/2020,28/04/2020,1700 UTC,14:00,"26,50"
29/04/2020,28/04/2020,1800 UTC,15:00,"27,50"
29/04/2020,28/04/2020,1900 UTC,16:00,"27,50"
29/04/2020,28/04/2020,2000 UTC,17:00,"26,00"
29/04/2020,28/04/2020,2100 UTC,18:00,"22,00"
29/04/2020,28/04/2020,2200 UTC,19:00,"21,20"
29/04/2020,28/04/2020,2300 UTC,20:00,"19,00"
30/04/2020,29/04/2020,0000 UTC,21:00,"17,70"
30/04/2020,29/04/2020,0100 UTC,22:00,"16,70"
30/04/2020,29/04/2020,0200 UTC,23:00,"15,60"
30/04/2020,29/04/2020,0300 UTC,00:00,"14,90"
30/04/2020,29/04/2020,0400 UTC,01:00,"14,70"
30/04/2020,29/04/2020,0500 UTC,02:00,"13,90"
30/04/2020,29/04/2020,0600 UTC,03:00,"13,30"
30/04/2020,29/04/2020,0700 UTC,04:00,"13,30"
30/04/2020,29/04/2020,0800 UTC,05:00,"12,70"
30/04/2020,29/04/2020,0900 UTC,06:00,"12,80"
30/04/2020,29/04/2020,1000 UTC,07:00,"13,10"
30/04/2020,29/04/2020,1100 UTC,08:00,"13,60"
30/04/2020,29/04/2020,1200 UTC,09:00,"16,10"
30/04/2020,29/04/2020,1300 UTC,10:00,"21,80"
30/04/2020,29/04/2020,1400 UTC,11:00,"24,70"
30/04/2020,29/04/2020,1500 UTC,12:00,"26,70"
30/04/2020,29/04/2020,1600 UTC,13:00,"27,90"
30/04/2020,29/04/2020,1700 UTC,14:00,"27,70"
30/04/2020,29/04/2020,1800 UTC,15:00,"28,00"
30/04/2020,29/04/2020,1900 UTC,16:00,"27,50"
30/04/2020,29/04/2020,2000 UTC,17:00,"26,70"
30/04/2020,29/04/2020,2100 UTC,18:00,"23,90"
30/04/2020,29/04/2020,2200 UTC,19:00,"22,90"
30/04/2020,29/04/2020,2300 UTC,20:00,"20,60"
01/05/2020,30/04/2020,0000 UTC,21:00,"18,80"
01/05/2020,30/04/2020,0100 UTC,22:00,"17,60"
01/05/2020,30/04/2020,0200 UTC,23:00,"15,70"
01/05/2020,30/04/2020,0300 UTC,00:00,"15,90"
01/05/2020,30/04/2020,0400 UTC,01:00,"14,70"
01/05/2020,30/04/2020,0500 UTC,02:00,"13,80"
01/05/2020,30/04/2020,0600 UTC,03:00,"13,70"
01/05/2020,30/04/2020,0700 UTC,04:00,"13,50"
01/05/2020,30/04/2020,0800 UTC,05:00,"13,70"
01/05/2020,30/04/2020,0900 UTC,06:00,"12,80"
01/05/2020,30/04/2020,1000 UTC,07:00,"13,20"
01/05/2020,30/04/2020,1100 UTC,08:00,"14,80"
01/05/2020,30/04/2020,1200 UTC,09:00,"17,70"
01/05/2020,30/04/2020,1300 UTC,10:00,"22,00"
01/05/2020,30/04/2020,1400 UTC,11:00,"24,90"
01/05/2020,30/04/2020,1500 UTC,12:00,"26,60"
01/05/2020,30/04/2020,1600 UTC,13:00,"28,30"
01/05/2020,30/04/2020,1700 UTC,14:00,"29,10"
01/05/2020,30/04/2020,1800 UTC,15:00,"28,10"
01/05/2020,30/04/2020,1900 UTC,16:00,"26,70"
01/05/2020,30/04/2020,2000 UTC,17:00,"23,60"
01/05/2020,30/04/2020,2100 UTC,18:00,"22,20"
01/05/2020,30/04/2020,2200 UTC,19:00,"21,20"
01/05/2020,30/04/2020,2300 UTC,20:00,"19,90"
02/05/2020,01/05/2020,0000 UTC,21:00,"19,50"
02/05/2020,01/05/2020,0100 UTC,22:00,"18,70"
02/05/2020,01/05/2020,0200 UTC,23:00,"18,80"
02/05/2020,01/05/2020,0300 UTC,00:00,"18,50"
02/05/2020,01/05/2020,0400 UTC,01:00,"18,40"
02/05/2020,01/05/2020,0500 UTC,02:00,"18,10"
02/05/2020,01/05/2020,0600 UTC,03:00,"17,90"
02/05/2020,01/05/2020,0700 UTC,04:00,"17,90"
02/05/2020,01/05/2020,0800 UTC,05:00,"17,50"
02/05/2020,01/05/2020,0900 UTC,06:00,"17,40"
02/05/2020,01/05/2020,1000 UTC,07:00,"17,40"
02/05/2020,01/05/2020,1100 UTC,08:00,"17,60"
02/05/2020,01/05/2020,1200 UTC,09:00,"18,20"
02/05/2020,01/05/2020,1300 UTC,10:00,"21,80"
02/05/2020,01/05/2020,1400 UTC,11:00,"24,20"
02/05/2020,01/05/2020,1500 UTC,12:00,"25,10"
02/05/2020,01/05/2020,1600 UTC,13:00,"26,60"
02/05/2020,01/05/2020,1700 UTC,14:00,"27,60"
02/05/2020,01/05/2020,1800 UTC,15:00,"26,80"
02/05/2020,01/05/2020,1900 UTC,16:00,"23,70"
02/05/2020,01/05/2020,2000 UTC,17:00,"20,30"
02/05/2020,01/05/2020,2100 UTC,18:00,"18,60"
02/05/2020,01/05/2020,2200 UTC,19:00,"17,50"
02/05/2020,01/05/2020,2300 UTC,20:00,"17,00"
03/05/2020,02/05/2020,0000 UTC,21:00,"16,40"
03/05/2020,02/05/2020,0100 UTC,22:00,"16,00"
03/05/2020,02/05/2020,0200 UTC,23:00,"16,10"
03/05/2020,02/05/2020,0300 UTC,00:00,"16,00"
03/05/2020,02/05/2020,0400 UTC,01:00,"15,70"
03/05/2020,02/05/2020,0500 UTC,02:00,"15,50"
03/05/2020,02/05/2020,0600 UTC,03:00,"15,10"
03/05/2020,02/05/2020,0700 UTC,04:00,"14,40"
03/05/2020,02/05/2020,0800 UTC,05:00,"14,30"
03/05/2020,02/05/2020,0900 UTC,06:00,"14,50"
03/05/2020,02/05/2020,1000 UTC,07:00,"14,80"
03/05/2020,02/05/2020,1100 UTC,08:00,"15,50"
03/05/2020,02/05/2020,1200 UTC,09:00,"17,00"
03/05/2020,02/05/2020,1300 UTC,10:00,"20,40"
03/05/2020,02/05/2020,1400 UTC,11:00,"20,40"
03/05/2020,02/05/2020,1500 UTC,12:00,"21,70"
03/05/2020,02/05/2020,1600 UTC,13:00,"22,30"
03/05/2020,02/05/2020,1700 UTC,14:00,"22,30"
03/05/2020,02/05/2020,1800 UTC,15:00,"21,60"
03/05/2020,02/05/2020,1900 UTC,16:00,"20,80"
03/05/2020,02/05/2020,2000 UTC,17:00,"18,70"
03/05/2020,02/05/2020,2100 UTC,18:00,"16,30"
03/05/2020,02/05/2020,2200 UTC,19:00,"15,10"
03/05/2020,02/05/2020,2300 UTC,20:00,"14,40"
04/05/2020,03/05/2020,0000 UTC,21:00,"13,90"
04/05/2020,03/05/2020,0100 UTC,22:00,"13,70"
04/05/2020,03/05/2020,0200 UTC,23:00,"13,30"
04/05/2020,03/05/2020,0300 UTC,00:00,"13,20"
04/05/2020,03/05/2020,0400 UTC,01:00,"13,20"
04/05/2020,03/05/2020,0500 UTC,02:00,"12,40"
04/05/2020,03/05/2020,0600 UTC,03:00,"12,10"
04/05/2020,03/05/2020,0700 UTC,04:00,"12,00"
04/05/2020,03/05/2020,0800 UTC,05:00,"12,10"
04/05/2020,03/05/2020,0900 UTC,06:00,"10,00"
04/05/2020,03/05/2020,1000 UTC,07:00,"10,70"
04/05/2020,03/05/2020,1100 UTC,08:00,"12,30"
04/05/2020,03/05/2020,1200 UTC,09:00,"15,80"
04/05/2020,03/05/2020,1300 UTC,10:00,"18,30"
04/05/2020,03/05/2020,1400 UTC,11:00,"20,90"
04/05/2020,03/05/2020,1500 UTC,12:00,"22,20"
04/05/2020,03/05/2020,1600 UTC,13:00,"23,10"
04/05/2020,03/05/2020,1700 UTC,14:00,"22,60"
04/05/2020,03/05/2020,1800 UTC,15:00,"23,20"
04/05/2020,03/05/2020,1900 UTC,16:00,"23,10"
04/05/2020,03/05/2020,2000 UTC,17:00,"21,70"
04/05/2020,03/05/2020,2100 UTC,18:00,"18,50"
04/05/2020,03/05/2020,2200 UTC,19:00,"16,40"
04/05/2020,03/05/2020,2300 UTC,20:00,"15,50"
05/05/2020,04/05/2020,0000 UTC,21:00,"14,80"
05/05/2020,04/05/2020,0100 UTC,22:00,"14,20"
05/05/2020,04/05/2020,0200 UTC,23:00,"12,60"
05/05/2020,04/05/2020,0300 UTC,00:00,"10,90"
05/05/2020,04/05/2020,0400 UTC,01:00,"10,20"
05/05/2020,04/05/2020,0500 UTC,02:00,"9,10"
05/05/2020,04/05/2020,0600 UTC,03:00,"9,50"
05/05/2020,04/05/2020,0700 UTC,04:00,"9,60"
05/05/2020,04/05/2020,0800 UTC,05:00,"9,40"
05/05/2020,04/05/2020,0900 UTC,06:00,"9,40"
05/05/2020,04/05/2020,1000 UTC,07:00,"9,40"
05/05/2020,04/05/2020,1100 UTC,08:00,"11,00"
05/05/2020,04/05/2020,1200 UTC,09:00,"13,40"
05/05/2020,04/05/2020,1300 UTC,10:00,"16,40"
05/05/2020,04/05/2020,1400 UTC,11:00,"22,60"
05/05/2020,04/05/2020,1500 UTC,12:00,"23,80"
05/05/2020,04/05/2020,1600 UTC,13:00,"25,40"
05/05/2020,04/05/2020,1700 UTC,14:00,"26,20"
05/05/2020,04/05/2020,1800 UTC,15:00,"26,40"
05/05/2020,04/05/2020,1900 UTC,16:00,"26,10"
05/05/2020,04/05/2020,2000 UTC,17:00,"23,70"
05/05/2020,04/05/2020,2100 UTC,18:00,"22,40"
05/05/2020,04/05/2020,2200 UTC,19:00,"20,50"
05/05/2020,04/05/2020,2300 UTC,20:00,"20,80"
06/05/2020,05/05/2020,0000 UTC,21:00,"19,50"
06/05/2020,05/05/2020,0100 UTC,22:00,"17,60"
06/05/2020,05/05/2020,0200 UTC,23:00,"15,70"
06/05/2020,05/05/2020,0300 UTC,00:00,"15,80"
06/05/2020,05/05/2020,0400 UTC,01:00,"14,90"
06/05/2020,05/05/2020,0500 UTC,02:00,"14,40"
06/05/2020,05/05/2020,0600 UTC,03:00,"13,50"
06/05/2020,05/05/2020,0700 UTC,04:00,"13,20"
06/05/2020,05/05/2020,0800 UTC,05:00,"12,90"
06/05/2020,05/05/2020,0900 UTC,06:00,"12,80"
06/05/2020,05/05/2020,1000 UTC,07:00,"13,50"
06/05/2020,05/05/2020,1100 UTC,08:00,"14,70"
06/05/2020,05/05/2020,1200 UTC,09:00,"17,50"
06/05/2020,05/05/2020,1300 UTC,10:00,"19,00"
06/05/2020,05/05/2020,1400 UTC,11:00,"21,20"
06/05/2020,05/05/2020,1500 UTC,12:00,"21,80"
06/05/2020,05/05/2020,1600 UTC,13:00,"22,40"
06/05/2020,05/05/2020,1700 UTC,14:00,"17,30"
06/05/2020,05/05/2020,1800 UTC,15:00,"16,80"
06/05/2020,05/05/2020,1900 UTC,16:00,"17,00"
06/05/2020,05/05/2020,2000 UTC,17:00,"17,30"
06/05/2020,05/05/2020,2100 UTC,18:00,"17,00"
06/05/2020,05/05/2020,2200 UTC,19:00,"16,60"
06/05/2020,05/05/2020,2300 UTC,20:00,"16,50"
07/05/2020,06/05/2020,0000 UTC,21:00,"16,20"
07/05/2020,06/05/2020,0100 UTC,22:00,"15,30"
07/05/2020,06/05/2020,0200 UTC,23:00,"13,50"
07/05/2020,06/05/2020,0300 UTC,00:00,"13,00"
07/05/2020,06/05/2020,0400 UTC,01:00,"12,80"
07/05/2020,06/05/2020,0500 UTC,02:00,"13,00"
07/05/2020,06/05/2020,0600 UTC,03:00,"13,20"
07/05/2020,06/05/2020,0700 UTC,04:00,"13,40"
07/05/2020,06/05/2020,0800 UTC,05:00,"13,30"
07/05/2020,06/05/2020,0900 UTC,06:00,"13,30"
07/05/2020,06/05/2020,1000 UTC,07:00,"13,10"
07/05/2020,06/05/2020,1100 UTC,08:00,"13,50"
07/05/2020,06/05/2020,1200 UTC,09:00,"14,30"
07/05/2020,06/05/2020,1300 UTC,10:00,"15,20"
07/05/2020,06/05/2020,1400 UTC,11:00,"15,80"
07/05/2020,06/05/2020,1500 UTC,12:00,"16,00"
07/05/2020,06/05/2020,1600 UTC,13:00,"16,50"
07/05/2020,06/05/2020,1700 UTC,14:00,"14,50"
07/05/2020,06/05/2020,1800 UTC,15:00,"16,20"
07/05/2020,06/05/2020,1900 UTC,16:00,"16,00"
07/05/2020,06/05/2020,2000 UTC,17:00,"15,50"
07/05/2020,06/05/2020,2100 UTC,18:00,"13,90"
07/05/2020,06/05/2020,2200 UTC,19:00,"12,90"
07/05/2020,06/05/2020,2300 UTC,20:00,"11,80"
08/05/2020,07/05/2020,0000 UTC,21:00,"11,20"
08/05/2020,07/05/2020,0100 UTC,22:00,"11,10"
08/05/2020,07/05/2020,0200 UTC,23:00,"10,50"
08/05/2020,07/05/2020,0300 UTC,00:00,"10,10"
08/05/2020,07/05/2020,0400 UTC,01:00,"9,80"
08/05/2020,07/05/2020,0500 UTC,02:00,"10,00"
08/05/2020,07/05/2020,0600 UTC,03:00,"10,40"
08/05/2020,07/05/2020,0700 UTC,04:00,"10,80"
08/05/2020,07/05/2020,0800 UTC,05:00,"10,60"
08/05/2020,07/05/2020,0900 UTC,06:00,"10,20"
08/05/2020,07/05/2020,1000 UTC,07:00,"10,80"
08/05/2020,07/05/2020,1100 UTC,08:00,"13,20"
08/05/2020,07/05/2020,1200 UTC,09:00,"13,90"
08/05/2020,07/05/2020,1300 UTC,10:00,"15,10"
08/05/2020,07/05/2020,1400 UTC,11:00,"17,40"
08/05/2020,07/05/2020,1500 UTC,12:00,"18,20"
08/05/2020,07/05/2020,1600 UTC,13:00,"18,70"
08/05/2020,07/05/2020,1700 UTC,14:00,"19,00"
08/05/2020,07/05/2020,1800 UTC,15:00,"19,50"
08/05/2020,07/05/2020,1900 UTC,16:00,"18,70"
08/05/2020,07/05/2020,2000 UTC,17:00,"17,10"
08/05/2020,07/05/2020,2100 UTC,18:00,"14,80"
08/05/2020,07/05/2020,2200 UTC,19:00,"13,90"
08/05/2020,07/05/2020,2300 UTC,20:00,"13,20"
09/05/2020,08/05/2020,0000 UTC,21:00,"12,70"
09/05/2020,08/05/2020,0100 UTC,22:00,"12,80"
09/05/2020,08/05/2020,0200 UTC,23:00,"12,40"
09/05/2020,08/05/2020,0300 UTC,00:00,"12,20"
09/05/2020,08/05/2020,0400 UTC,01:00,"11,10"
09/05/2020,08/05/2020,0500 UTC,02:00,"11,20"
09/05/2020,08/05/2020,0600 UTC,03:00,"11,00"
09/05/2020,08/05/2020,0700 UTC,04:00,"8,60"
09/05/2020,08/05/2020,0800 UTC,05:00,"7,50"
09/05/2020,08/05/2020,0900 UTC,06:00,"8,00"
09/05/2020,08/05/2020,1000 UTC,07:00,"7,40"
09/05/2020,08/05/2020,1100 UTC,08:00,"11,10"
09/05/2020,08/05/2020,1200 UTC,09:00,"14,60"
09/05/2020,08/05/2020,1300 UTC,10:00,"18,30"
09/05/2020,08/05/2020,1400 UTC,11:00,"20,90"
09/05/2020,08/05/2020,1500 UTC,12:00,"22,80"
09/05/2020,08/05/2020,1600 UTC,13:00,"23,90"
09/05/2020,08/05/2020,1700 UTC,14:00,"24,30"
09/05/2020,08/05/2020,1800 UTC,15:00,"24,10"
09/05/2020,08/05/2020,1900 UTC,16:00,"23,70"
09/05/2020,08/05/2020,2000 UTC,17:00,"19,90"
09/05/2020,08/05/2020,2100 UTC,18:00,"17,10"
09/05/2020,08/05/2020,2200 UTC,19:00,"15,70"
09/05/2020,08/05/2020,2300 UTC,20:00,"15,00"
10/05/2020,09/05/2020,0000 UTC,21:00,"13,90"
10/05/2020,09/05/2020,0100 UTC,22:00,"13,20"
10/05/2020,09/05/2020,0200 UTC,23:00,"12,80"
10/05/2020,09/05/2020,0300 UTC,00:00,"12,00"
10/05/2020,09/05/2020,0400 UTC,01:00,"12,80"
10/05/2020,09/05/2020,0500 UTC,02:00,"9,60"
10/05/2020,09/05/2020,0600 UTC,03:00,"9,70"
10/05/2020,09/05/2020,0700 UTC,04:00,"7,80"
10/05/2020,09/05/2020,0800 UTC,05:00,"7,50"
10/05/2020,09/05/2020,0900 UTC,06:00,"7,20"
10/05/2020,09/05/2020,1000 UTC,07:00,"7,10"
10/05/2020,09/05/2020,1100 UTC,08:00,"8,90"
10/05/2020,09/05/2020,1200 UTC,09:00,"13,40"
10/05/2020,09/05/2020,1300 UTC,10:00,"19,50"
10/05/2020,09/05/2020,1400 UTC,11:00,"22,30"
10/05/2020,09/05/2020,1500 UTC,12:00,"23,90"
10/05/2020,09/05/2020,1600 UTC,13:00,"24,20"
10/05/2020,09/05/2020,1700 UTC,14:00,"25,10"
10/05/2020,09/05/2020,1800 UTC,15:00,"25,40"
10/05/2020,09/05/2020,1900 UTC,16:00,"24,60"
10/05/2020,09/05/2020,2000 UTC,17:00,"22,80"
10/05/2020,09/05/2020,2100 UTC,18:00,"20,00"
10/05/2020,09/05/2020,2200 UTC,19:00,"19,30"
10/05/2020,09/05/2020,2300 UTC,20:00,"17,70"
11/05/2020,10/05/2020,0000 UTC,21:00,"15,90"
11/05/2020,10/05/2020,0100 UTC,22:00,"13,80"
11/05/2020,10/05/2020,0200 UTC,23:00,"13,30"
11/05/2020,10/05/2020,0300 UTC,00:00,"11,40"
11/05/2020,10/05/2020,0400 UTC,01:00,"10,60"
11/05/2020,10/05/2020,0500 UTC,02:00,"10,40"
11/05/2020,10/05/2020,0600 UTC,03:00,"9,60"
11/05/2020,10/05/2020,0700 UTC,04:00,"9,20"
11/05/2020,10/05/2020,0800 UTC,05:00,"8,40"
11/05/2020,10/05/2020,0900 UTC,06:00,"9,20"
11/05/2020,10/05/2020,1000 UTC,07:00,"9,40"
11/05/2020,10/05/2020,1100 UTC,08:00,"11,90"
11/05/2020,10/05/2020,1200 UTC,09:00,"18,40"
11/05/2020,10/05/2020,1300 UTC,10:00,"20,90"
11/05/2020,10/05/2020,1400 UTC,11:00,"23,10"
11/05/2020,10/05/2020,1500 UTC,12:00,"24,80"
11/05/2020,10/05/2020,1600 UTC,13:00,"25,80"
11/05/2020,10/05/2020,1700 UTC,14:00,"26,00"
11/05/2020,10/05/2020,1800 UTC,15:00,"26,30"
11/05/2020,10/05/2020,1900 UTC,16:00,"26,10"
11/05/2020,10/05/2020,2000 UTC,17:00,"24,90"
11/05/2020,10/05/2020,2100 UTC,18:00,"21,70"
11/05/2020,10/05/2020,2200 UTC,19:00,"20,40"
11/05/2020,10/05/2020,2300 UTC,20:00,"19,20"
12/05/2020,11/05/2020,0000 UTC,21:00,"14,50"
12/05/2020,11/05/2020,0100 UTC,22:00,"16,70"
12/05/2020,11/05/2020,0200 UTC,23:00,"15,30"
12/05/2020,11/05/2020,0300 UTC,00:00,"13,10"
12/05/2020,11/05/2020,0400 UTC,01:00,"11,60"
12/05/2020,11/05/2020,0500 UTC,02:00,"11,10"
12/05/2020,11/05/2020,0600 UTC,03:00,"10,90"
12/05/2020,11/05/2020,0700 UTC,04:00,"10,80"
12/05/2020,11/05/2020,0800 UTC,05:00,"9,60"
12/05/2020,11/05/2020,0900 UTC,06:00,"10,80"
12/05/2020,11/05/2020,1000 UTC,07:00,"8,70"
12/05/2020,11/05/2020,1100 UTC,08:00,"11,30"
12/05/2020,11/05/2020,1200 UTC,09:00,"15,60"
12/05/2020,11/05/2020,1300 UTC,10:00,"20,60"
12/05/2020,11/05/2020,1400 UTC,11:00,"23,90"
12/05/2020,11/05/2020,1500 UTC,12:00,"25,00"
12/05/2020,11/05/2020,1600 UTC,13:00,"25,80"
12/05/2020,11/05/2020,1700 UTC,14:00,"26,10"
12/05/2020,11/05/2020,1800 UTC,15:00,"26,10"
12/05/2020,11/05/2020,1900 UTC,16:00,"24,00"
12/05/2020,11/05/2020,2000 UTC,17:00,"22,90"
12/05/2020,11/05/2020,2100 UTC,18:00,"21,60"
12/05/2020,11/05/2020,2200 UTC,19:00,"19,40"
12/05/2020,11/05/2020,2300 UTC,20:00,"17,60"
13/05/2020,12/05/2020,0000 UTC,21:00,"16,90"
13/05/2020,12/05/2020,0100 UTC,22:00,"15,90"
13/05/2020,12/05/2020,0200 UTC,23:00,"14,80"
13/05/2020,12/05/2020,0300 UTC,00:00,"15,20"
13/05/2020,12/05/2020,0400 UTC,01:00,"14,80"
13/05/2020,12/05/2020,0500 UTC,02:00,"14,60"
13/05/2020,12/05/2020,0600 UTC,03:00,"13,70"
13/05/2020,12/05/2020,0700 UTC,04:00,"13,80"
13/05/2020,12/05/2020,0800 UTC,05:00,"13,90"
13/05/2020,12/05/2020,0900 UTC,06:00,"12,50"
13/05/2020,12/05/2020,1000 UTC,07:00,"12,50"
13/05/2020,12/05/2020,1100 UTC,08:00,"14,10"
13/05/2020,12/05/2020,1200 UTC,09:00,"17,40"
13/05/2020,12/05/2020,1300 UTC,10:00,"19,70"
13/05/2020,12/05/2020,1400 UTC,11:00,"22,00"
13/05/2020,12/05/2020,1500 UTC,12:00,"22,60"
13/05/2020,12/05/2020,1600 UTC,13:00,"21,70"
13/05/2020,12/05/2020,1700 UTC,14:00,"21,80"
13/05/2020,12/05/2020,1800 UTC,15:00,"20,90"
13/05/2020,12/05/2020,1900 UTC,16:00,"20,50"
13/05/2020,12/05/2020,2000 UTC,17:00,"20,40"
13/05/2020,12/05/2020,2100 UTC,18:00,"19,00"
13/05/2020,12/05/2020,2200 UTC,19:00,"18,70"
13/05/2020,12/05/2020,2300 UTC,20:00,"18,20"
14/05/2020,13/05/2020,0000 UTC,21:00,"17,20"
14/05/2020,13/05/2020,0100 UTC,22:00,"16,60"
14/05/2020,13/05/2020,0200 UTC,23:00,"16,20"
14/05/2020,13/05/2020,0300 UTC,00:00,"15,40"
14/05/2020,13/05/2020,0400 UTC,01:00,"15,60"
14/05/2020,13/05/2020,0500 UTC,02:00,"15,10"
14/05/2020,13/05/2020,0600 UTC,03:00,"15,40"
14/05/2020,13/05/2020,0700 UTC,04:00,"15,60"
14/05/2020,13/05/2020,0800 UTC,05:00,"15,50"
14/05/2020,13/05/2020,0900 UTC,06:00,"15,50"
14/05/2020,13/05/2020,1000 UTC,07:00,"15,40"
14/05/2020,13/05/2020,1100 UTC,08:00,"16,00"
14/05/2020,13/05/2020,1200 UTC,09:00,"18,30"
14/05/2020,13/05/2020,1300 UTC,10:00,"19,00"
14/05/2020,13/05/2020,1400 UTC,11:00,"20,50"
14/05/2020,13/05/2020,1500 UTC,12:00,"20,80"
14/05/2020,13/05/2020,1600 UTC,13:00,"20,00"
14/05/2020,13/05/2020,1700 UTC,14:00,"19,00"
14/05/2020,13/05/2020,1800 UTC,15:00,"18,60"
14/05/2020,13/05/2020,1900 UTC,16:00,"18,30"
14/05/2020,13/05/2020,2000 UTC,17:00,"16,80"
14/05/2020,13/05/2020,2100 UTC,18:00,"16,00"
14/05/2020,13/05/2020,2200 UTC,19:00,"15,40"
14/05/2020,13/05/2020,2300 UTC,20:00,"14,80"
15/05/2020,14/05/2020,0000 UTC,21:00,"14,90"
15/05/2020,14/05/2020,0100 UTC,22:00,"14,50"
15/05/2020,14/05/2020,0200 UTC,23:00,"14,40"
15/05/2020,14/05/2020,0300 UTC,00:00,"14,40"
15/05/2020,14/05/2020,0400 UTC,01:00,"14,30"
15/05/2020,14/05/2020,0500 UTC,02:00,"14,40"
15/05/2020,14/05/2020,0600 UTC,03:00,"14,20"
15/05/2020,14/05/2020,0700 UTC,04:00,"13,80"
15/05/2020,14/05/2020,0800 UTC,05:00,"13,50"
15/05/2020,14/05/2020,0900 UTC,06:00,"13,60"
15/05/2020,14/05/2020,1000 UTC,07:00,"13,80"
15/05/2020,14/05/2020,1100 UTC,08:00,"14,20"
15/05/2020,14/05/2020,1200 UTC,09:00,"14,80"
15/05/2020,14/05/2020,1300 UTC,10:00,"15,70"
15/05/2020,14/05/2020,1400 UTC,11:00,"16,20"
15/05/2020,14/05/2020,1500 UTC,12:00,"16,70"
15/05/2020,14/05/2020,1600 UTC,13:00,"16,80"
15/05/2020,14/05/2020,1700 UTC,14:00,"17,30"
15/05/2020,14/05/2020,1800 UTC,15:00,"17,20"
15/05/2020,14/05/2020,1900 UTC,16:00,"16,70"
15/05/2020,14/05/2020,2000 UTC,17:00,"16,30"
15/05/2020,14/05/2020,2100 UTC,18:00,"15,10"
15/05/2020,14/05/2020,2200 UTC,19:00,"14,90"
15/05/2020,14/05/2020,2300 UTC,20:00,"14,70"
16/05/2020,15/05/2020,0000 UTC,21:00,"13,40"
16/05/2020,15/05/2020,0100 UTC,22:00,"13,50"
16/05/2020,15/05/2020,0200 UTC,23:00,"13,80"
16/05/2020,15/05/2020,0300 UTC,00:00,"13,90"
16/05/2020,15/05/2020,0400 UTC,01:00,"14,00"
16/05/2020,15/05/2020,0500 UTC,02:00,"13,80"
16/05/2020,15/05/2020,0600 UTC,03:00,"13,30"
16/05/2020,15/05/2020,0700 UTC,04:00,"13,10"
16/05/2020,15/05/2020,0800 UTC,05:00,"12,80"
16/05/2020,15/05/2020,0900 UTC,06:00,"12,70"
16/05/2020,15/05/2020,1000 UTC,07:00,"12,80"
16/05/2020,15/05/2020,1100 UTC,08:00,"12,80"
16/05/2020,15/05/2020,1200 UTC,09:00,"13,20"
16/05/2020,15/05/2020,1300 UTC,10:00,"15,10"
16/05/2020,15/05/2020,1400 UTC,11:00,"17,90"
16/05/2020,15/05/2020,1500 UTC,12:00,"21,40"
16/05/2020,15/05/2020,1600 UTC,13:00,"22,90"
16/05/2020,15/05/2020,1700 UTC,14:00,"23,10"
16/05/2020,15/05/2020,1800 UTC,15:00,"23,50"
16/05/2020,15/05/2020,1900 UTC,16:00,"23,00"
16/05/2020,15/05/2020,2000 UTC,17:00,"21,90"
16/05/2020,15/05/2020,2100 UTC,18:00,"18,60"
16/05/2020,15/05/2020,2200 UTC,19:00,"16,90"
16/05/2020,15/05/2020,2300 UTC,20:00,"15,90"
17/05/2020,16/05/2020,0000 UTC,21:00,"14,60"
17/05/2020,16/05/2020,0100 UTC,22:00,"13,90"
17/05/2020,16/05/2020,0200 UTC,23:00,"13,20"
17/05/2020,16/05/2020,0300 UTC,00:00,"11,70"
17/05/2020,16/05/2020,0400 UTC,01:00,"11,10"
17/05/2020,16/05/2020,0500 UTC,02:00,"11,10"
17/05/2020,16/05/2020,0600 UTC,03:00,"10,90"
17/05/2020,16/05/2020,0700 UTC,04:00,"10,00"
17/05/2020,16/05/2020,0800 UTC,05:00,"9,50"
17/05/2020,16/05/2020,0900 UTC,06:00,"8,40"
17/05/2020,16/05/2020,1000 UTC,07:00,"7,70"
17/05/2020,16/05/2020,1100 UTC,08:00,"9,50"
17/05/2020,16/05/2020,1200 UTC,09:00,"12,80"
17/05/2020,16/05/2020,1300 UTC,10:00,"16,30"
17/05/2020,16/05/2020,1400 UTC,11:00,"20,00"
17/05/2020,16/05/2020,1500 UTC,12:00,"22,90"
17/05/2020,16/05/2020,1600 UTC,13:00,"24,50"
17/05/2020,16/05/2020,1700 UTC,14:00,"24,50"
17/05/2020,16/05/2020,1800 UTC,15:00,"25,60"
17/05/2020,16/05/2020,1900 UTC,16:00,"24,90"
17/05/2020,16/05/2020,2000 UTC,17:00,"23,50"
17/05/2020,16/05/2020,2100 UTC,18:00,"19,20"
17/05/2020,16/05/2020,2200 UTC,19:00,"17,70"
17/05/2020,16/05/2020,2300 UTC,20:00,"14,60"
18/05/2020,17/05/2020,0000 UTC,21:00,"14,50"
18/05/2020,17/05/2020,0100 UTC,22:00,"12,90"
18/05/2020,17/05/2020,0200 UTC,23:00,"12,30"
18/05/2020,17/05/2020,0300 UTC,00:00,"11,20"
18/05/2020,17/05/2020,0400 UTC,01:00,"10,40"
18/05/2020,17/05/2020,0500 UTC,02:00,"9,30"
18/05/2020,17/05/2020,0600 UTC,03:00,"8,20"
18/05/2020,17/05/2020,0700 UTC,04:00,"9,70"
18/05/2020,17/05/2020,0800 UTC,05:00,"7,70"
18/05/2020,17/05/2020,0900 UTC,06:00,"7,00"
18/05/2020,17/05/2020,1000 UTC,07:00,"5,80"
18/05/2020,17/05/2020,1100 UTC,08:00,"8,00"
18/05/2020,17/05/2020,1200 UTC,09:00,"12,80"
18/05/2020,17/05/2020,1300 UTC,10:00,"18,90"
18/05/2020,17/05/2020,1400 UTC,11:00,"22,30"
18/05/2020,17/05/2020,1500 UTC,12:00,"24,70"
18/05/2020,17/05/2020,1600 UTC,13:00,"25,60"
18/05/2020,17/05/2020,1700 UTC,14:00,"25,80"
18/05/2020,17/05/2020,1800 UTC,15:00,"25,50"
18/05/2020,17/05/2020,1900 UTC,16:00,"24,10"
18/05/2020,17/05/2020,2000 UTC,17:00,"20,80"
18/05/2020,17/05/2020,2100 UTC,18:00,"17,70"
18/05/2020,17/05/2020,2200 UTC,19:00,"16,00"
18/05/2020,17/05/2020,2300 UTC,20:00,"14,90"
19/05/2020,18/05/2020,0000 UTC,21:00,"13,80"
19/05/2020,18/05/2020,0100 UTC,22:00,"13,30"
19/05/2020,18/05/2020,0200 UTC,23:00,"14,20"
19/05/2020,18/05/2020,0300 UTC,00:00,"14,00"
19/05/2020,18/05/2020,0400 UTC,01:00,"14,00"
19/05/2020,18/05/2020,0500 UTC,02:00,"13,80"
19/05/2020,18/05/2020,0600 UTC,03:00,"13,50"
19/05/2020,18/05/2020,0700 UTC,04:00,"13,50"
19/05/2020,18/05/2020,0800 UTC,05:00,"14,50"
19/05/2020,18/05/2020,0900 UTC,06:00,"14,30"
19/05/2020,18/05/2020,1000 UTC,07:00,"14,50"
19/05/2020,18/05/2020,1100 UTC,08:00,"16,20"
19/05/2020,18/05/2020,1200 UTC,09:00,"18,70"
19/05/2020,18/05/2020,1300 UTC,10:00,"20,70"
19/05/2020,18/05/2020,1400 UTC,11:00,"22,10"
19/05/2020,18/05/2020,1500 UTC,12:00,"23,90"
19/05/2020,18/05/2020,1600 UTC,13:00,"24,70"
19/05/2020,18/05/2020,1700 UTC,14:00,"24,30"
19/05/2020,18/05/2020,1800 UTC,15:00,"22,80"
19/05/2020,18/05/2020,1900 UTC,16:00,"21,20"
19/05/2020,18/05/2020,2000 UTC,17:00,"19,40"
19/05/2020,18/05/2020,2100 UTC,18:00,"18,00"
19/05/2020,18/05/2020,2200 UTC,19:00,"17,90"
19/05/2020,18/05/2020,2300 UTC,20:00,"17,10"
20/05/2020,19/05/2020,0000 UTC,21:00,"17,30"
20/05/2020,19/05/2020,0100 UTC,22:00,"17,60"
20/05/2020,19/05/2020,0200 UTC,23:00,"16,80"
20/05/2020,19/05/2020,0300 UTC,00:00,"16,60"
20/05/2020,19/05/2020,0400 UTC,01:00,"16,40"
20/05/2020,19/05/2020,0500 UTC,02:00,"15,90"
20/05/2020,19/05/2020,0600 UTC,03:00,"16,00"
20/05/2020,19/05/2020,0700 UTC,04:00,"15,60"
20/05/2020,19/05/2020,0800 UTC,05:00,"14,90"
20/05/2020,19/05/2020,0900 UTC,06:00,"14,70"
20/05/2020,19/05/2020,1000 UTC,07:00,"14,30"
20/05/2020,19/05/2020,1100 UTC,08:00,"16,00"
20/05/2020,19/05/2020,1200 UTC,09:00,"18,90"
20/05/2020,19/05/2020,1300 UTC,10:00,"21,90"
20/05/2020,19/05/2020,1400 UTC,11:00,"24,00"
20/05/2020,19/05/2020,1500 UTC,12:00,"25,30"
20/05/2020,19/05/2020,1600 UTC,13:00,"25,90"
20/05/2020,19/05/2020,1700 UTC,14:00,"26,50"
20/05/2020,19/05/2020,1800 UTC,15:00,"25,40"
20/05/2020,19/05/2020,1900 UTC,16:00,"26,00"
20/05/2020,19/05/2020,2000 UTC,17:00,"21,50"
20/05/2020,19/05/2020,2100 UTC,18:00,"19,30"
20/05/2020,19/05/2020,2200 UTC,19:00,"18,50"
20/05/2020,19/05/2020,2300 UTC,20:00,"17,80"
21/05/2020,20/05/2020,0000 UTC,21:00,"17,50"
21/05/2020,20/05/2020,0100 UTC,22:00,"17,00"
21/05/2020,20/05/2020,0200 UTC,23:00,"17,10"
21/05/2020,20/05/2020,0300 UTC,00:00,"16,10"
21/05/2020,20/05/2020,0400 UTC,01:00,"16,60"
21/05/2020,20/05/2020,0500 UTC,02:00,"15,80"
21/05/2020,20/05/2020,0600 UTC,03:00,"15,30"
21/05/2020,20/05/2020,0700 UTC,04:00,"15,00"
21/05/2020,20/05/2020,0800 UTC,05:00,"13,90"
21/05/2020,20/05/2020,0900 UTC,06:00,"14,20"
21/05/2020,20/05/2020,1000 UTC,07:00,"13,20"
21/05/2020,20/05/2020,1100 UTC,08:00,"14,90"
21/05/2020,20/05/2020,1200 UTC,09:00,"18,80"
21/05/2020,20/05/2020,1300 UTC,10:00,"22,20"
21/05/2020,20/05/2020,1400 UTC,11:00,"23,80"
21/05/2020,20/05/2020,1500 UTC,12:00,"24,70"
21/05/2020,20/05/2020,1600 UTC,13:00,"26,20"
21/05/2020,20/05/2020,1700 UTC,14:00,"25,50"
21/05/2020,20/05/2020,1800 UTC,15:00,"26,80"
21/05/2020,20/05/2020,1900 UTC,16:00,"26,20"
21/05/2020,20/05/2020,2000 UTC,17:00,"24,50"
21/05/2020,20/05/2020,2100 UTC,18:00,"21,70"
21/05/2020,20/05/2020,2200 UTC,19:00,"20,40"
21/05/2020,20/05/2020,2300 UTC,20:00,"19,90"
22/05/2020,21/05/2020,0000 UTC,21:00,"19,30"
22/05/2020,21/05/2020,0100 UTC,22:00,"18,80"
22/05/2020,21/05/2020,0200 UTC,23:00,"17,70"
22/05/2020,21/05/2020,0300 UTC,00:00,"17,60"
22/05/2020,21/05/2020,0400 UTC,01:00,"16,90"
22/05/2020,21/05/2020,0500 UTC,02:00,"16,90"
22/05/2020,21/05/2020,0600 UTC,03:00,"16,50"
22/05/2020,21/05/2020,0700 UTC,04:00,"13,70"
22/05/2020,21/05/2020,0800 UTC,05:00,"15,60"
22/05/2020,21/05/2020,0900 UTC,06:00,"15,60"
22/05/2020,21/05/2020,1000 UTC,07:00,"16,10"
22/05/2020,21/05/2020,1100 UTC,08:00,"17,70"
22/05/2020,21/05/2020,1200 UTC,09:00,"19,10"
22/05/2020,21/05/2020,1300 UTC,10:00,"20,50"
22/05/2020,21/05/2020,1400 UTC,11:00,"22,90"
22/05/2020,21/05/2020,1500 UTC,12:00,"24,80"
22/05/2020,21/05/2020,1600 UTC,13:00,"26,10"
22/05/2020,21/05/2020,1700 UTC,14:00,"26,60"
22/05/2020,21/05/2020,1800 UTC,15:00,"26,40"
22/05/2020,21/05/2020,1900 UTC,16:00,"25,90"
22/05/2020,21/05/2020,2000 UTC,17:00,"23,30"
22/05/2020,21/05/2020,2100 UTC,18:00,"22,70"
22/05/2020,21/05/2020,2200 UTC,19:00,"22,20"
22/05/2020,21/05/2020,2300 UTC,20:00,"22,40"
23/05/2020,22/05/2020,0000 UTC,21:00,"20,00"
23/05/2020,22/05/2020,0100 UTC,22:00,"18,40"
23/05/2020,22/05/2020,0200 UTC,23:00,"17,90"
23/05/2020,22/05/2020,0300 UTC,00:00,"17,10"
23/05/2020,22/05/2020,0400 UTC,01:00,"16,90"
23/05/2020,22/05/2020,0500 UTC,02:00,"17,50"
23/05/2020,22/05/2020,0600 UTC,03:00,"17,90"
23/05/2020,22/05/2020,0700 UTC,04:00,"17,80"
23/05/2020,22/05/2020,0800 UTC,05:00,"17,60"
23/05/2020,22/05/2020,0900 UTC,06:00,"17,80"
23/05/2020,22/05/2020,1000 UTC,07:00,"18,10"
23/05/2020,22/05/2020,1100 UTC,08:00,"18,40"
23/05/2020,22/05/2020,1200 UTC,09:00,"19,40"
23/05/2020,22/05/2020,1300 UTC,10:00,"20,30"
23/05/2020,22/05/2020,1400 UTC,11:00,"20,10"
23/05/2020,22/05/2020,1500 UTC,12:00,"20,60"
23/05/2020,22/05/2020,1600 UTC,13:00,"18,20"
23/05/2020,22/05/2020,1700 UTC,14:00,"16,80"
23/05/2020,22/05/2020,1800 UTC,15:00,"15,90"
23/05/2020,22/05/2020,1900 UTC,16:00,"16,40"
23/05/2020,22/05/2020,2000 UTC,17:00,"15,70"
23/05/2020,22/05/2020,2100 UTC,18:00,"14,70"
23/05/2020,22/05/2020,2200 UTC,19:00,"13,80"
23/05/2020,22/05/2020,2300 UTC,20:00,"13,30"
24/05/2020,23/05/2020,0000 UTC,21:00,"12,90"
24/05/2020,23/05/2020,0100 UTC,22:00,"12,20"
24/05/2020,23/05/2020,0200 UTC,23:00,"11,10"
24/05/2020,23/05/2020,0300 UTC,00:00,"10,80"
24/05/2020,23/05/2020,0400 UTC,01:00,"10,40"
24/05/2020,23/05/2020,0500 UTC,02:00,"9,90"
24/05/2020,23/05/2020,0600 UTC,03:00,"9,80"
24/05/2020,23/05/2020,0700 UTC,04:00,"9,30"
24/05/2020,23/05/2020,0800 UTC,05:00,"9,30"
24/05/2020,23/05/2020,0900 UTC,06:00,"9,30"
24/05/2020,23/05/2020,1000 UTC,07:00,"9,50"
24/05/2020,23/05/2020,1100 UTC,08:00,"9,90"
24/05/2020,23/05/2020,1200 UTC,09:00,"10,70"
24/05/2020,23/05/2020,1300 UTC,10:00,"11,60"
24/05/2020,23/05/2020,1400 UTC,11:00,"12,80"
24/05/2020,23/05/2020,1500 UTC,12:00,"14,40"
24/05/2020,23/05/2020,1600 UTC,13:00,"15,30"
24/05/2020,23/05/2020,1700 UTC,14:00,"16,00"
24/05/2020,23/05/2020,1800 UTC,15:00,"15,90"
24/05/2020,23/05/2020,1900 UTC,16:00,"15,80"
24/05/2020,23/05/2020,2000 UTC,17:00,"15,00"
24/05/2020,23/05/2020,2100 UTC,18:00,"14,20"
24/05/2020,23/05/2020,2200 UTC,19:00,"13,50"
24/05/2020,23/05/2020,2300 UTC,20:00,"13,60"
25/05/2020,24/05/2020,0000 UTC,21:00,"13,00"
25/05/2020,24/05/2020,0100 UTC,22:00,"12,90"
25/05/2020,24/05/2020,0200 UTC,23:00,"12,70"
25/05/2020,24/05/2020,0300 UTC,00:00,"12,60"
25/05/2020,24/05/2020,0400 UTC,01:00,"12,40"
25/05/2020,24/05/2020,0500 UTC,02:00,"12,30"
25/05/2020,24/05/2020,0600 UTC,03:00,"11,10"
25/05/2020,24/05/2020,0700 UTC,04:00,"10,00"
25/05/2020,24/05/2020,0800 UTC,05:00,"9,30"
25/05/2020,24/05/2020,0900 UTC,06:00,"9,60"
25/05/2020,24/05/2020,1000 UTC,07:00,"9,70"
25/05/2020,24/05/2020,1100 UTC,08:00,"10,90"
25/05/2020,24/05/2020,1200 UTC,09:00,"11,70"
25/05/2020,24/05/2020,1300 UTC,10:00,"13,30"
25/05/2020,24/05/2020,1400 UTC,11:00,"15,20"
25/05/2020,24/05/2020,1500 UTC,12:00,"16,10"
25/05/2020,24/05/2020,1600 UTC,13:00,"17,90"
25/05/2020,24/05/2020,1700 UTC,14:00,"18,80"
25/05/2020,24/05/2020,1800 UTC,15:00,"18,80"
25/05/2020,24/05/2020,1900 UTC,16:00,"18,20"
25/05/2020,24/05/2020,2000 UTC,17:00,"17,00"
25/05/2020,24/05/2020,2100 UTC,18:00,"15,10"
25/05/2020,24/05/2020,2200 UTC,19:00,"14,50"
25/05/2020,24/05/2020,2300 UTC,20:00,"13,80"
26/05/2020,25/05/2020,0000 UTC,21:00,"12,50"
26/05/2020,25/05/2020,0100 UTC,22:00,"12,10"
26/05/2020,25/05/2020,0200 UTC,23:00,"11,70"
26/05/2020,25/05/2020,0300 UTC,00:00,"10,90"
26/05/2020,25/05/2020,0400 UTC,01:00,"10,30"
26/05/2020,25/05/2020,0500 UTC,02:00,"9,20"
26/05/2020,25/05/2020,0600 UTC,03:00,"8,20"
26/05/2020,25/05/2020,0700 UTC,04:00,"8,90"
26/05/2020,25/05/2020,0800 UTC,05:00,"8,60"
26/05/2020,25/05/2020,0900 UTC,06:00,"8,20"
26/05/2020,25/05/2020,1000 UTC,07:00,"7,50"
26/05/2020,25/05/2020,1100 UTC,08:00,"9,30"
26/05/2020,25/05/2020,1200 UTC,09:00,"11,90"
26/05/2020,25/05/2020,1300 UTC,10:00,"13,70"
26/05/2020,25/05/2020,1400 UTC,11:00,"16,20"
26/05/2020,25/05/2020,1500 UTC,12:00,"18,50"
26/05/2020,25/05/2020,1600 UTC,13:00,"20,20"
26/05/2020,25/05/2020,1700 UTC,14:00,"20,90"
26/05/2020,25/05/2020,1800 UTC,15:00,"21,10"
26/05/2020,25/05/2020,1900 UTC,16:00,"20,70"
26/05/2020,25/05/2020,2000 UTC,17:00,"19,40"
26/05/2020,25/05/2020,2100 UTC,18:00,"16,00"
26/05/2020,25/05/2020,2200 UTC,19:00,"14,20"
26/05/2020,25/05/2020,2300 UTC,20:00,"13,70"
27/05/2020,26/05/2020,0000 UTC,21:00,"12,90"
27/05/2020,26/05/2020,0100 UTC,22:00,"11,80"
27/05/2020,26/05/2020,0200 UTC,23:00,"11,50"
27/05/2020,26/05/2020,0300 UTC,00:00,"10,60"
27/05/2020,26/05/2020,0400 UTC,01:00,"9,10"
27/05/2020,26/05/2020,0500 UTC,02:00,"8,70"
27/05/2020,26/05/2020,0600 UTC,03:00,"7,10"
27/05/2020,26/05/2020,0700 UTC,04:00,"6,20"
27/05/2020,26/05/2020,0800 UTC,05:00,"5,10"
27/05/2020,26/05/2020,0900 UTC,06:00,"4,80"
27/05/2020,26/05/2020,1000 UTC,07:00,"3,40"
27/05/2020,26/05/2020,1100 UTC,08:00,"5,10"
27/05/2020,26/05/2020,1200 UTC,09:00,"10,60"
27/05/2020,26/05/2020,1300 UTC,10:00,"14,00"
27/05/2020,26/05/2020,1400 UTC,11:00,"17,30"
27/05/2020,26/05/2020,1500 UTC,12:00,"20,30"
27/05/2020,26/05/2020,1600 UTC,13:00,"22,30"
27/05/2020,26/05/2020,1700 UTC,14:00,"23,10"
27/05/2020,26/05/2020,1800 UTC,15:00,"22,10"
27/05/2020,26/05/2020,1900 UTC,16:00,"22,30"
27/05/2020,26/05/2020,2000 UTC,17:00,"19,20"
27/05/2020,26/05/2020,2100 UTC,18:00,"15,20"
27/05/2020,26/05/2020,2200 UTC,19:00,"13,70"
27/05/2020,26/05/2020,2300 UTC,20:00,"12,60"
28/05/2020,27/05/2020,0000 UTC,21:00,"11,10"
28/05/2020,27/05/2020,0100 UTC,22:00,"10,60"
28/05/2020,27/05/2020,0200 UTC,23:00,"9,30"
28/05/2020,27/05/2020,0300 UTC,00:00,"8,60"
28/05/2020,27/05/2020,0400 UTC,01:00,"7,40"
28/05/2020,27/05/2020,0500 UTC,02:00,"6,40"
28/05/2020,27/05/2020,0600 UTC,03:00,"5,20"
28/05/2020,27/05/2020,0700 UTC,04:00,"6,00"
28/05/2020,27/05/2020,0800 UTC,05:00,"6,40"
28/05/2020,27/05/2020,0900 UTC,06:00,"5,50"
28/05/2020,27/05/2020,1000 UTC,07:00,"5,00"
28/05/2020,27/05/2020,1100 UTC,08:00,"5,90"
28/05/2020,27/05/2020,1200 UTC,09:00,"7,90"
28/05/2020,27/05/2020,1300 UTC,10:00,"12,20"
28/05/2020,27/05/2020,1400 UTC,11:00,"17,20"
28/05/2020,27/05/2020,1500 UTC,12:00,"19,50"
28/05/2020,27/05/2020,1600 UTC,13:00,"19,80"
28/05/2020,27/05/2020,1700 UTC,14:00,"20,90"
28/05/2020,27/05/2020,1800 UTC,15:00,"21,30"
28/05/2020,27/05/2020,1900 UTC,16:00,"20,50"
28/05/2020,27/05/2020,2000 UTC,17:00,"18,20"
28/05/2020,27/05/2020,2100 UTC,18:00,"15,00"
28/05/2020,27/05/2020,2200 UTC,19:00,"13,10"
28/05/2020,27/05/2020,2300 UTC,20:00,"12,30"
29/05/2020,28/05/2020,0000 UTC,21:00,"11,60"
29/05/2020,28/05/2020,0100 UTC,22:00,"11,40"
29/05/2020,28/05/2020,0200 UTC,23:00,"10,80"
29/05/2020,28/05/2020,0300 UTC,00:00,"8,80"
29/05/2020,28/05/2020,0400 UTC,01:00,"8,40"
29/05/2020,28/05/2020,0500 UTC,02:00,"6,90"
29/05/2020,28/05/2020,0600 UTC,03:00,"6,40"
29/05/2020,28/05/2020,0700 UTC,04:00,"5,60"
29/05/2020,28/05/2020,0800 UTC,05:00,"6,30"
29/05/2020,28/05/2020,0900 UTC,06:00,"7,90"
29/05/2020,28/05/2020,1000 UTC,07:00,"7,50"
29/05/2020,28/05/2020,1100 UTC,08:00,"9,40"
29/05/2020,28/05/2020,1200 UTC,09:00,"11,00"
29/05/2020,28/05/2020,1300 UTC,10:00,"14,00"
29/05/2020,28/05/2020,1400 UTC,11:00,"20,80"
29/05/2020,28/05/2020,1500 UTC,12:00,"23,30"
29/05/2020,28/05/2020,1600 UTC,13:00,"24,00"
29/05/2020,28/05/2020,1700 UTC,14:00,"25,00"
29/05/2020,28/05/2020,1800 UTC,15:00,"26,20"
29/05/2020,28/05/2020,1900 UTC,16:00,"25,60"
29/05/2020,28/05/2020,2000 UTC,17:00,"22,40"
29/05/2020,28/05/2020,2100 UTC,18:00,"20,30"
29/05/2020,28/05/2020,2200 UTC,19:00,"18,50"
29/05/2020,28/05/2020,2300 UTC,20:00,"14,90"
30/05/2020,29/05/2020,0000 UTC,21:00,"12,40"
30/05/2020,29/05/2020,0100 UTC,22:00,"12,10"
30/05/2020,29/05/2020,0200 UTC,23:00,"11,20"
30/05/2020,29/05/2020,0300 UTC,00:00,"9,30"
30/05/2020,29/05/2020,0400 UTC,01:00,"8,20"
30/05/2020,29/05/2020,0500 UTC,02:00,"7,70"
30/05/2020,29/05/2020,0600 UTC,03:00,"6,40"
30/05/2020,29/05/2020,0700 UTC,04:00,"6,70"
30/05/2020,29/05/2020,0800 UTC,05:00,"5,90"
30/05/2020,29/05/2020,0900 UTC,06:00,"5,20"
30/05/2020,29/05/2020,1000 UTC,07:00,"5,00"
30/05/2020,29/05/2020,1100 UTC,08:00,"6,70"
30/05/2020,29/05/2020,1200 UTC,09:00,"9,90"
30/05/2020,29/05/2020,1300 UTC,10:00,"15,50"
30/05/2020,29/05/2020,1400 UTC,11:00,"22,00"
30/05/2020,29/05/2020,1500 UTC,12:00,"24,60"
30/05/2020,29/05/2020,1600 UTC,13:00,"25,60"
30/05/2020,29/05/2020,1700 UTC,14:00,"25,70"
30/05/2020,29/05/2020,1800 UTC,15:00,"25,90"
30/05/2020,29/05/2020,1900 UTC,16:00,"25,00"
30/05/2020,29/05/2020,2000 UTC,17:00,"23,50"
30/05/2020,29/05/2020,2100 UTC,18:00,"19,90"
30/05/2020,29/05/2020,2200 UTC,19:00,"16,90"
30/05/2020,29/05/2020,2300 UTC,20:00,"18,00"
31/05/2020,30/05/2020,0000 UTC,21:00,"13,80"
31/05/2020,30/05/2020,0100 UTC,22:00,"12,60"
31/05/2020,30/05/2020,0200 UTC,23:00,"12,20"
31/05/2020,30/05/2020,0300 UTC,00:00,"9,90"
31/05/2020,30/05/2020,0400 UTC,01:00,"8,90"
31/05/2020,30/05/2020,0500 UTC,02:00,"8,40"
31/05/2020,30/05/2020,0600 UTC,03:00,"7,20"
31/05/2020,30/05/2020,0700 UTC,04:00,"6,60"
31/05/2020,30/05/2020,0800 UTC,05:00,"6,40"
31/05/2020,30/05/2020,0900 UTC,06:00,"6,50"
31/05/2020,30/05/2020,1000 UTC,07:00,"3,20"
31/05/2020,30/05/2020,1100 UTC,08:00,"7,20"
31/05/2020,30/05/2020,1200 UTC,09:00,"10,30"
31/05/2020,30/05/2020,1300 UTC,10:00,"16,50"
31/05/2020,30/05/2020,1400 UTC,11:00,"21,00"
31/05/2020,30/05/2020,1500 UTC,12:00,"24,20"
31/05/2020,30/05/2020,1600 UTC,13:00,"25,60"
31/05/2020,30/05/2020,1700 UTC,14:00,"25,70"
31/05/2020,30/05/2020,1800 UTC,15:00,"25,90"
31/05/2020,30/05/2020,1900 UTC,16:00,"25,70"
31/05/2020,30/05/2020,2000 UTC,17:00,"23,70"
31/05/2020,30/05/2020,2100 UTC,18:00,"20,70"
31/05/2020,30/05/2020,2200 UTC,19:00,"19,40"
31/05/2020,30/05/2020,2300 UTC,20:00,"15,20"
01/06/2020,31/05/2020,0000 UTC,21:00,"14,20"
01/06/2020,31/05/2020,0100 UTC,22:00,"14,00"
01/06/2020,31/05/2020,0200 UTC,23:00,"11,50"
01/06/2020,31/05/2020,0300 UTC,00:00,"10,60"
01/06/2020,31/05/2020,0400 UTC,01:00,"10,20"
01/06/2020,31/05/2020,0500 UTC,02:00,"9,60"
01/06/2020,31/05/2020,0600 UTC,03:00,"8,50"
01/06/2020,31/05/2020,0700 UTC,04:00,"8,40"
01/06/2020,31/05/2020,0800 UTC,05:00,"7,30"
01/06/2020,31/05/2020,0900 UTC,06:00,"8,40"
01/06/2020,31/05/2020,1000 UTC,07:00,"7,60"
01/06/2020,31/05/2020,1100 UTC,08:00,"10,80"
01/06/2020,31/05/2020,1200 UTC,09:00,"15,20"
01/06/2020,31/05/2020,1300 UTC,10:00,"18,80"
01/06/2020,31/05/2020,1400 UTC,11:00,"23,60"
01/06/2020,31/05/2020,1500 UTC,12:00,"25,70"
01/06/2020,31/05/2020,1600 UTC,13:00,"26,70"
01/06/2020,31/05/2020,1700 UTC,14:00,"27,20"
01/06/2020,31/05/2020,1800 UTC,15:00,"27,10"
01/06/2020,31/05/2020,1900 UTC,16:00,"26,60"
01/06/2020,31/05/2020,2000 UTC,17:00,"24,70"
01/06/2020,31/05/2020,2100 UTC,18:00,"22,60"
01/06/2020,31/05/2020,2200 UTC,19:00,"20,10"
01/06/2020,31/05/2020,2300 UTC,20:00,"18,70"
02/06/2020,01/06/2020,0000 UTC,21:00,"17,80"
02/06/2020,01/06/2020,0100 UTC,22:00,"17,30"
02/06/2020,01/06/2020,0200 UTC,23:00,"17,00"
02/06/2020,01/06/2020,0300 UTC,00:00,"16,90"
02/06/2020,01/06/2020,0400 UTC,01:00,"16,60"
02/06/2020,01/06/2020,0500 UTC,02:00,"16,70"
02/06/2020,01/06/2020,0600 UTC,03:00,"16,70"
02/06/2020,01/06/2020,0700 UTC,04:00,"16,90"
02/06/2020,01/06/2020,0800 UTC,05:00,"16,90"
02/06/2020,01/06/2020,0900 UTC,06:00,"16,40"
02/06/2020,01/06/2020,1000 UTC,07:00,"15,40"
02/06/2020,01/06/2020,1100 UTC,08:00,"14,80"
02/06/2020,01/06/2020,1200 UTC,09:00,"15,00"
02/06/2020,01/06/2020,1300 UTC,10:00,"15,60"
02/06/2020,01/06/2020,1400 UTC,11:00,"16,00"
02/06/2020,01/06/2020,1500 UTC,12:00,"16,60"
02/06/2020,01/06/2020,1600 UTC,13:00,"16,50"
02/06/2020,01/06/2020,1700 UTC,14:00,"16,90"
02/06/2020,01/06/2020,1800 UTC,15:00,"17,00"
02/06/2020,01/06/2020,1900 UTC,16:00,"16,60"
02/06/2020,01/06/2020,2000 UTC,17:00,"16,30"
02/06/2020,01/06/2020,2100 UTC,18:00,"15,60"
02/06/2020,01/06/2020,2200 UTC,19:00,"15,30"
02/06/2020,01/06/2020,2300 UTC,20:00,"15,00"
03/06/2020,02/06/2020,0000 UTC,21:00,"14,90"
03/06/2020,02/06/2020,0100 UTC,22:00,"14,90"
03/06/2020,02/06/2020,0200 UTC,23:00,"14,80"
03/06/2020,02/06/2020,0300 UTC,00:00,"14,60"
03/06/2020,02/06/2020,0400 UTC,01:00,"14,60"
03/06/2020,02/06/2020,0500 UTC,02:00,"14,30"
03/06/2020,02/06/2020,0600 UTC,03:00,"14,20"
03/06/2020,02/06/2020,0700 UTC,04:00,"14,20"
03/06/2020,02/06/2020,0800 UTC,05:00,"14,20"
03/06/2020,02/06/2020,0900 UTC,06:00,"14,20"
03/06/2020,02/06/2020,1000 UTC,07:00,"14,30"
03/06/2020,02/06/2020,1100 UTC,08:00,"14,50"
03/06/2020,02/06/2020,1200 UTC,09:00,"14,70"
03/06/2020,02/06/2020,1300 UTC,10:00,"15,40"
03/06/2020,02/06/2020,1400 UTC,11:00,"16,40"
03/06/2020,02/06/2020,1500 UTC,12:00,"17,60"
03/06/2020,02/06/2020,1600 UTC,13:00,"18,30"
03/06/2020,02/06/2020,1700 UTC,14:00,"18,10"
03/06/2020,02/06/2020,1800 UTC,15:00,"17,70"
03/06/2020,02/06/2020,1900 UTC,16:00,"17,30"
03/06/2020,02/06/2020,2000 UTC,17:00,"16,50"
03/06/2020,02/06/2020,2100 UTC,18:00,"15,90"
03/06/2020,02/06/2020,2200 UTC,19:00,"15,20"
03/06/2020,02/06/2020,2300 UTC,20:00,"15,30"
04/06/2020,03/06/2020,0000 UTC,21:00,"15,30"
04/06/2020,03/06/2020,0100 UTC,22:00,"15,20"
04/06/2020,03/06/2020,0200 UTC,23:00,"15,00"
04/06/2020,03/06/2020,0300 UTC,00:00,"15,10"
04/06/2020,03/06/2020,0400 UTC,01:00,"15,10"
04/06/2020,03/06/2020,0500 UTC,02:00,"15,10"
04/06/2020,03/06/2020,0600 UTC,03:00,"15,20"
04/06/2020,03/06/2020,0700 UTC,04:00,"15,20"
04/06/2020,03/06/2020,0800 UTC,05:00,"15,00"
04/06/2020,03/06/2020,0900 UTC,06:00,"14,80"
04/06/2020,03/06/2020,1000 UTC,07:00,"15,00"
04/06/2020,03/06/2020,1100 UTC,08:00,"15,70"
04/06/2020,03/06/2020,1200 UTC,09:00,"16,30"
04/06/2020,03/06/2020,1300 UTC,10:00,"18,30"
04/06/2020,03/06/2020,1400 UTC,11:00,"19,10"
04/06/2020,03/06/2020,1500 UTC,12:00,"19,20"
04/06/2020,03/06/2020,1600 UTC,13:00,"19,70"
04/06/2020,03/06/2020,1700 UTC,14:00,"18,80"
04/06/2020,03/06/2020,1800 UTC,15:00,"18,00"
04/06/2020,03/06/2020,1900 UTC,16:00,"17,00"
04/06/2020,03/06/2020,2000 UTC,17:00,"16,20"
04/06/2020,03/06/2020,2100 UTC,18:00,"16,00"
04/06/2020,03/06/2020,2200 UTC,19:00,"15,80"
04/06/2020,03/06/2020,2300 UTC,20:00,"15,80"
05/06/2020,04/06/2020,0000 UTC,21:00,"15,70"
05/06/2020,04/06/2020,0100 UTC,22:00,"15,50"
05/06/2020,04/06/2020,0200 UTC,23:00,"15,30"
05/06/2020,04/06/2020,0300 UTC,00:00,"15,20"
05/06/2020,04/06/2020,0400 UTC,01:00,"15,20"
05/06/2020,04/06/2020,0500 UTC,02:00,"15,50"
05/06/2020,04/06/2020,0600 UTC,03:00,"15,60"
05/06/2020,04/06/2020,0700 UTC,04:00,"15,50"
05/06/2020,04/06/2020,0800 UTC,05:00,"15,50"
05/06/2020,04/06/2020,0900 UTC,06:00,"15,40"
05/06/2020,04/06/2020,1000 UTC,07:00,"15,40"
05/06/2020,04/06/2020,1100 UTC,08:00,"15,70"
05/06/2020,04/06/2020,1200 UTC,09:00,"16,60"
05/06/2020,04/06/2020,1300 UTC,10:00,"17,80"
05/06/2020,04/06/2020,1400 UTC,11:00,"19,40"
05/06/2020,04/06/2020,1500 UTC,12:00,"21,70"
05/06/2020,04/06/2020,1600 UTC,13:00,"23,80"
05/06/2020,04/06/2020,1700 UTC,14:00,"23,40"
05/06/2020,04/06/2020,1800 UTC,15:00,"22,70"
05/06/2020,04/06/2020,1900 UTC,16:00,"22,60"
05/06/2020,04/06/2020,2000 UTC,17:00,"22,70"
05/06/2020,04/06/2020,2100 UTC,18:00,"20,60"
05/06/2020,04/06/2020,2200 UTC,19:00,"19,90"
05/06/2020,04/06/2020,2300 UTC,20:00,"20,40"
06/06/2020,05/06/2020,0000 UTC,21:00,"19,80"
06/06/2020,05/06/2020,0100 UTC,22:00,"20,20"
06/06/2020,05/06/2020,0200 UTC,23:00,"20,40"
06/06/2020,05/06/2020,0300 UTC,00:00,"20,00"
06/06/2020,05/06/2020,0400 UTC,01:00,"19,80"
06/06/2020,05/06/2020,0500 UTC,02:00,"19,80"
06/06/2020,05/06/2020,0600 UTC,03:00,"19,70"
06/06/2020,05/06/2020,0700 UTC,04:00,"19,30"
06/06/2020,05/06/2020,0800 UTC,05:00,"19,20"
06/06/2020,05/06/2020,0900 UTC,06:00,"18,30"
06/06/2020,05/06/2020,1000 UTC,07:00,"17,90"
06/06/2020,05/06/2020,1100 UTC,08:00,"18,40"
06/06/2020,05/06/2020,1200 UTC,09:00,"19,10"
06/06/2020,05/06/2020,1300 UTC,10:00,"20,80"
06/06/2020,05/06/2020,1400 UTC,11:00,"22,40"
06/06/2020,05/06/2020,1500 UTC,12:00,"23,30"
06/06/2020,05/06/2020,1600 UTC,13:00,"23,80"
06/06/2020,05/06/2020,1700 UTC,14:00,"22,90"
06/06/2020,05/06/2020,1800 UTC,15:00,"21,90"
06/06/2020,05/06/2020,1900 UTC,16:00,"21,50"
06/06/2020,05/06/2020,2000 UTC,17:00,"19,70"
06/06/2020,05/06/2020,2100 UTC,18:00,"19,40"
06/06/2020,05/06/2020,2200 UTC,19:00,"19,10"
06/06/2020,05/06/2020,2300 UTC,20:00,"18,80"
07/06/2020,06/06/2020,0000 UTC,21:00,"18,50"
07/06/2020,06/06/2020,0100 UTC,22:00,"18,30"
07/06/2020,06/06/2020,0200 UTC,23:00,"17,40"
07/06/2020,06/06/2020,0300 UTC,00:00,"16,80"
07/06/2020,06/06/2020,0400 UTC,01:00,"15,90"
07/06/2020,06/06/2020,0500 UTC,02:00,"14,60"
07/06/2020,06/06/2020,0600 UTC,03:00,"13,80"
07/06/2020,06/06/2020,0700 UTC,04:00,"12,80"
07/06/2020,06/06/2020,0800 UTC,05:00,"12,40"
07/06/2020,06/06/2020,0900 UTC,06:00,"12,40"
07/06/2020,06/06/2020,1000 UTC,07:00,"12,40"
07/06/2020,06/06/2020,1100 UTC,08:00,"12,50"
07/06/2020,06/06/2020,1200 UTC,09:00,"12,80"
07/06/2020,06/06/2020,1300 UTC,10:00,"15,80"
07/06/2020,06/06/2020,1400 UTC,11:00,"18,00"
07/06/2020,06/06/2020,1500 UTC,12:00,"20,90"
07/06/2020,06/06/2020,1600 UTC,13:00,"22,10"
07/06/2020,06/06/2020,1700 UTC,14:00,"23,10"
07/06/2020,06/06/2020,1800 UTC,15:00,"23,30"
07/06/2020,06/06/2020,1900 UTC,16:00,"23,40"
07/06/2020,06/06/2020,2000 UTC,17:00,"21,80"
07/06/2020,06/06/2020,2100 UTC,18:00,"18,60"
07/06/2020,06/06/2020,2200 UTC,19:00,"17,80"
07/06/2020,06/06/2020,2300 UTC,20:00,"17,10"
08/06/2020,07/06/2020,0000 UTC,21:00,"16,40"
08/06/2020,07/06/2020,0100 UTC,22:00,"14,10"
08/06/2020,07/06/2020,0200 UTC,23:00,"12,90"
08/06/2020,07/06/2020,0300 UTC,00:00,"12,20"
08/06/2020,07/06/2020,0400 UTC,01:00,"12,40"
08/06/2020,07/06/2020,0500 UTC,02:00,"11,10"
08/06/2020,07/06/2020,0600 UTC,03:00,"10,90"
08/06/2020,07/06/2020,0700 UTC,04:00,"10,60"
08/06/2020,07/06/2020,0800 UTC,05:00,"10,20"
08/06/2020,07/06/2020,0900 UTC,06:00,"10,10"
08/06/2020,07/06/2020,1000 UTC,07:00,"10,40"
08/06/2020,07/06/2020,1100 UTC,08:00,"11,30"
08/06/2020,07/06/2020,1200 UTC,09:00,"14,70"
08/06/2020,07/06/2020,1300 UTC,10:00,"18,50"
08/06/2020,07/06/2020,1400 UTC,11:00,"21,40"
08/06/2020,07/06/2020,1500 UTC,12:00,"23,30"
08/06/2020,07/06/2020,1600 UTC,13:00,"26,50"
08/06/2020,07/06/2020,1700 UTC,14:00,"25,20"
08/06/2020,07/06/2020,1800 UTC,15:00,"24,80"
08/06/2020,07/06/2020,1900 UTC,16:00,"25,90"
08/06/2020,07/06/2020,2000 UTC,17:00,"24,90"
08/06/2020,07/06/2020,2100 UTC,18:00,"22,40"
08/06/2020,07/06/2020,2200 UTC,19:00,"21,80"
08/06/2020,07/06/2020,2300 UTC,20:00,"20,10"
09/06/2020,08/06/2020,0000 UTC,21:00,"18,60"
09/06/2020,08/06/2020,0100 UTC,22:00,"18,00"
09/06/2020,08/06/2020,0200 UTC,23:00,"17,10"
09/06/2020,08/06/2020,0300 UTC,00:00,"16,50"
09/06/2020,08/06/2020,0400 UTC,01:00,"15,70"
09/06/2020,08/06/2020,0500 UTC,02:00,"16,10"
09/06/2020,08/06/2020,0600 UTC,03:00,"14,90"
09/06/2020,08/06/2020,0700 UTC,04:00,"14,10"
09/06/2020,08/06/2020,0800 UTC,05:00,"13,80"
09/06/2020,08/06/2020,0900 UTC,06:00,"14,00"
09/06/2020,08/06/2020,1000 UTC,07:00,"14,60"
09/06/2020,08/06/2020,1100 UTC,08:00,"15,60"
09/06/2020,08/06/2020,1200 UTC,09:00,"17,20"
09/06/2020,08/06/2020,1300 UTC,10:00,"22,10"
09/06/2020,08/06/2020,1400 UTC,11:00,"26,50"
09/06/2020,08/06/2020,1500 UTC,12:00,"26,30"
09/06/2020,08/06/2020,1600 UTC,13:00,"26,20"
09/06/2020,08/06/2020,1700 UTC,14:00,"25,80"
09/06/2020,08/06/2020,1800 UTC,15:00,"24,10"
09/06/2020,08/06/2020,1900 UTC,16:00,"22,70"
09/06/2020,08/06/2020,2000 UTC,17:00,"21,50"
09/06/2020,08/06/2020,2100 UTC,18:00,"20,10"
09/06/2020,08/06/2020,2200 UTC,19:00,"19,90"
09/06/2020,08/06/2020,2300 UTC,20:00,"19,50"
10/06/2020,09/06/2020,0000 UTC,21:00,"19,40"
10/06/2020,09/06/2020,0100 UTC,22:00,"18,50"
10/06/2020,09/06/2020,0200 UTC,23:00,"18,40"
10/06/2020,09/06/2020,0300 UTC,00:00,"18,00"
10/06/2020,09/06/2020,0400 UTC,01:00,"18,10"
10/06/2020,09/06/2020,0500 UTC,02:00,"17,50"
10/06/2020,09/06/2020,0600 UTC,03:00,"17,40"
10/06/2020,09/06/2020,0700 UTC,04:00,"17,30"
10/06/2020,09/06/2020,0800 UTC,05:00,"16,90"
10/06/2020,09/06/2020,0900 UTC,06:00,"16,70"
10/06/2020,09/06/2020,1000 UTC,07:00,"17,10"
10/06/2020,09/06/2020,1100 UTC,08:00,"17,50"
10/06/2020,09/06/2020,1200 UTC,09:00,"19,20"
10/06/2020,09/06/2020,1300 UTC,10:00,"20,40"
10/06/2020,09/06/2020,1400 UTC,11:00,"22,30"
10/06/2020,09/06/2020,1500 UTC,12:00,"24,10"
10/06/2020,09/06/2020,1600 UTC,13:00,"26,50"
10/06/2020,09/06/2020,1700 UTC,14:00,"26,40"
10/06/2020,09/06/2020,1800 UTC,15:00,"25,40"
10/06/2020,09/06/2020,1900 UTC,16:00,"25,30"
10/06/2020,09/06/2020,2000 UTC,17:00,"23,80"
10/06/2020,09/06/2020,2100 UTC,18:00,"22,60"
10/06/2020,09/06/2020,2200 UTC,19:00,"21,70"
10/06/2020,09/06/2020,2300 UTC,20:00,"20,80"
11/06/2020,10/06/2020,0000 UTC,21:00,"20,70"
11/06/2020,10/06/2020,0100 UTC,22:00,"21,00"
11/06/2020,10/06/2020,0200 UTC,23:00,"21,20"
11/06/2020,10/06/2020,0300 UTC,00:00,"20,70"
11/06/2020,10/06/2020,0400 UTC,01:00,"19,90"
11/06/2020,10/06/2020,0500 UTC,02:00,"19,80"
11/06/2020,10/06/2020,0600 UTC,03:00,"19,40"
11/06/2020,10/06/2020,0700 UTC,04:00,"19,20"
11/06/2020,10/06/2020,0800 UTC,05:00,"18,60"
11/06/2020,10/06/2020,0900 UTC,06:00,"18,30"
11/06/2020,10/06/2020,1000 UTC,07:00,"17,90"
11/06/2020,10/06/2020,1100 UTC,08:00,"20,00"
11/06/2020,10/06/2020,1200 UTC,09:00,"22,70"
11/06/2020,10/06/2020,1300 UTC,10:00,"24,10"
11/06/2020,10/06/2020,1400 UTC,11:00,"25,80"
11/06/2020,10/06/2020,1500 UTC,12:00,"27,30"
11/06/2020,10/06/2020,1600 UTC,13:00,"27,70"
11/06/2020,10/06/2020,1700 UTC,14:00,"28,20"
11/06/2020,10/06/2020,1800 UTC,15:00,"28,50"
11/06/2020,10/06/2020,1900 UTC,16:00,"28,10"
11/06/2020,10/06/2020,2000 UTC,17:00,"26,50"
11/06/2020,10/06/2020,2100 UTC,18:00,"23,90"
11/06/2020,10/06/2020,2200 UTC,19:00,"23,20"
11/06/2020,10/06/2020,2300 UTC,20:00,"22,00"
12/06/2020,11/06/2020,0000 UTC,21:00,"21,30"
12/06/2020,11/06/2020,0100 UTC,22:00,"20,70"
12/06/2020,11/06/2020,0200 UTC,23:00,"19,90"
12/06/2020,11/06/2020,0300 UTC,00:00,"17,40"
12/06/2020,11/06/2020,0400 UTC,01:00,"16,80"
12/06/2020,11/06/2020,0500 UTC,02:00,"15,60"
12/06/2020,11/06/2020,0600 UTC,03:00,"15,30"
12/06/2020,11/06/2020,0700 UTC,04:00,"14,20"
12/06/2020,11/06/2020,0800 UTC,05:00,"13,20"
12/06/2020,11/06/2020,0900 UTC,06:00,"13,00"
12/06/2020,11/06/2020,1000 UTC,07:00,"12,20"
12/06/2020,11/06/2020,1100 UTC,08:00,"14,20"
12/06/2020,11/06/2020,1200 UTC,09:00,"17,90"
12/06/2020,11/06/2020,1300 UTC,10:00,"23,50"
12/06/2020,11/06/2020,1400 UTC,11:00,"26,40"
12/06/2020,11/06/2020,1500 UTC,12:00,"27,90"
12/06/2020,11/06/2020,1600 UTC,13:00,"28,20"
12/06/2020,11/06/2020,1700 UTC,14:00,"29,00"
12/06/2020,11/06/2020,1800 UTC,15:00,"28,80"
12/06/2020,11/06/2020,1900 UTC,16:00,"28,50"
12/06/2020,11/06/2020,2000 UTC,17:00,"26,70"
12/06/2020,11/06/2020,2100 UTC,18:00,"24,10"
12/06/2020,11/06/2020,2200 UTC,19:00,"22,70"
12/06/2020,11/06/2020,2300 UTC,20:00,"21,60"
13/06/2020,12/06/2020,0000 UTC,21:00,"21,20"
13/06/2020,12/06/2020,0100 UTC,22:00,"20,10"
13/06/2020,12/06/2020,0200 UTC,23:00,"16,90"
13/06/2020,12/06/2020,0300 UTC,00:00,"16,30"
13/06/2020,12/06/2020,0400 UTC,01:00,"15,70"
13/06/2020,12/06/2020,0500 UTC,02:00,"15,20"
13/06/2020,12/06/2020,0600 UTC,03:00,"15,50"
13/06/2020,12/06/2020,0700 UTC,04:00,"14,20"
13/06/2020,12/06/2020,0800 UTC,05:00,"13,30"
13/06/2020,12/06/2020,0900 UTC,06:00,"13,20"
13/06/2020,12/06/2020,1000 UTC,07:00,"13,50"
13/06/2020,12/06/2020,1100 UTC,08:00,"14,00"
13/06/2020,12/06/2020,1200 UTC,09:00,"17,20"
13/06/2020,12/06/2020,1300 UTC,10:00,"21,30"
13/06/2020,12/06/2020,1400 UTC,11:00,"25,40"
13/06/2020,12/06/2020,1500 UTC,12:00,"27,80"
13/06/2020,12/06/2020,1600 UTC,13:00,"29,10"
13/06/2020,12/06/2020,1700 UTC,14:00,"29,20"
13/06/2020,12/06/2020,1800 UTC,15:00,"28,70"
13/06/2020,12/06/2020,1900 UTC,16:00,"28,00"
13/06/2020,12/06/2020,2000 UTC,17:00,"25,70"
13/06/2020,12/06/2020,2100 UTC,18:00,"23,70"
13/06/2020,12/06/2020,2200 UTC,19:00,"22,10"
13/06/2020,12/06/2020,2300 UTC,20:00,"20,80"
14/06/2020,13/06/2020,0000 UTC,21:00,"18,40"
14/06/2020,13/06/2020,0100 UTC,22:00,"18,10"
14/06/2020,13/06/2020,0200 UTC,23:00,"18,40"
14/06/2020,13/06/2020,0300 UTC,00:00,"17,70"
14/06/2020,13/06/2020,0400 UTC,01:00,"17,10"
14/06/2020,13/06/2020,0500 UTC,02:00,"17,30"
14/06/2020,13/06/2020,0600 UTC,03:00,"17,00"
14/06/2020,13/06/2020,0700 UTC,04:00,"17,10"
14/06/2020,13/06/2020,0800 UTC,05:00,"17,00"
14/06/2020,13/06/2020,0900 UTC,06:00,"16,90"
14/06/2020,13/06/2020,1000 UTC,07:00,"16,60"
14/06/2020,13/06/2020,1100 UTC,08:00,"15,50"
14/06/2020,13/06/2020,1200 UTC,09:00,"15,20"
14/06/2020,13/06/2020,1300 UTC,10:00,"15,60"
14/06/2020,13/06/2020,1400 UTC,11:00,"16,10"
14/06/2020,13/06/2020,1500 UTC,12:00,"17,00"
14/06/2020,13/06/2020,1600 UTC,13:00,"16,50"
14/06/2020,13/06/2020,1700 UTC,14:00,"16,00"
14/06/2020,13/06/2020,1800 UTC,15:00,"15,30"
14/06/2020,13/06/2020,1900 UTC,16:00,"15,00"
14/06/2020,13/06/2020,2000 UTC,17:00,"14,60"
14/06/2020,13/06/2020,2100 UTC,18:00,"13,80"
14/06/2020,13/06/2020,2200 UTC,19:00,"13,80"
14/06/2020,13/06/2020,2300 UTC,20:00,"13,90"
15/06/2020,14/06/2020,0000 UTC,21:00,"14,00"
15/06/2020,14/06/2020,0100 UTC,22:00,"14,00"
15/06/2020,14/06/2020,0200 UTC,23:00,"13,90"
15/06/2020,14/06/2020,0300 UTC,00:00,"14,00"
15/06/2020,14/06/2020,0400 UTC,01:00,"14,00"
15/06/2020,14/06/2020,0500 UTC,02:00,"13,90"
15/06/2020,14/06/2020,0600 UTC,03:00,"13,80"
15/06/2020,14/06/2020,0700 UTC,04:00,"13,80"
15/06/2020,14/06/2020,0800 UTC,05:00,"14,00"
15/06/2020,14/06/2020,0900 UTC,06:00,"13,90"
15/06/2020,14/06/2020,1000 UTC,07:00,"14,10"
15/06/2020,14/06/2020,1100 UTC,08:00,"14,60"
15/06/2020,14/06/2020,1200 UTC,09:00,"16,20"
15/06/2020,14/06/2020,1300 UTC,10:00,"17,00"
15/06/2020,14/06/2020,1400 UTC,11:00,"18,50"
15/06/2020,14/06/2020,1500 UTC,12:00,"20,20"
15/06/2020,14/06/2020,1600 UTC,13:00,"20,30"
15/06/2020,14/06/2020,1700 UTC,14:00,"19,90"
15/06/2020,14/06/2020,1800 UTC,15:00,"20,20"
15/06/2020,14/06/2020,1900 UTC,16:00,"18,90"
15/06/2020,14/06/2020,2000 UTC,17:00,"17,50"
15/06/2020,14/06/2020,2100 UTC,18:00,"16,80"
15/06/2020,14/06/2020,2200 UTC,19:00,"15,70"
15/06/2020,14/06/2020,2300 UTC,20:00,"16,20"
16/06/2020,15/06/2020,0000 UTC,21:00,"15,90"
16/06/2020,15/06/2020,0100 UTC,22:00,"15,80"
16/06/2020,15/06/2020,0200 UTC,23:00,"16,30"
16/06/2020,15/06/2020,0300 UTC,00:00,"16,40"
16/06/2020,15/06/2020,0400 UTC,01:00,"16,40"
16/06/2020,15/06/2020,0500 UTC,02:00,"15,90"
16/06/2020,15/06/2020,0600 UTC,03:00,"15,50"
16/06/2020,15/06/2020,0700 UTC,04:00,"15,60"
16/06/2020,15/06/2020,0800 UTC,05:00,"14,40"
16/06/2020,15/06/2020,0900 UTC,06:00,"15,00"
16/06/2020,15/06/2020,1000 UTC,07:00,"15,50"
16/06/2020,15/06/2020,1100 UTC,08:00,"16,10"
16/06/2020,15/06/2020,1200 UTC,09:00,"17,60"
16/06/2020,15/06/2020,1300 UTC,10:00,"19,80"
16/06/2020,15/06/2020,1400 UTC,11:00,"21,70"
16/06/2020,15/06/2020,1500 UTC,12:00,"23,00"
16/06/2020,15/06/2020,1600 UTC,13:00,"23,90"
16/06/2020,15/06/2020,1700 UTC,14:00,"24,90"
16/06/2020,15/06/2020,1800 UTC,15:00,"22,60"
16/06/2020,15/06/2020,1900 UTC,16:00,"20,90"
16/06/2020,15/06/2020,2000 UTC,17:00,"19,30"
16/06/2020,15/06/2020,2100 UTC,18:00,"17,80"
16/06/2020,15/06/2020,2200 UTC,19:00,"16,90"
16/06/2020,15/06/2020,2300 UTC,20:00,"16,50"
17/06/2020,16/06/2020,0000 UTC,21:00,"16,20"
17/06/2020,16/06/2020,0100 UTC,22:00,"15,70"
17/06/2020,16/06/2020,0200 UTC,23:00,"15,60"
17/06/2020,16/06/2020,0300 UTC,00:00,"15,40"
17/06/2020,16/06/2020,0400 UTC,01:00,"15,00"
17/06/2020,16/06/2020,0500 UTC,02:00,"14,70"
17/06/2020,16/06/2020,0600 UTC,03:00,"15,00"
17/06/2020,16/06/2020,0700 UTC,04:00,"14,80"
17/06/2020,16/06/2020,0800 UTC,05:00,"14,90"
17/06/2020,16/06/2020,0900 UTC,06:00,"14,70"
17/06/2020,16/06/2020,1000 UTC,07:00,"14,80"
17/06/2020,16/06/2020,1100 UTC,08:00,"16,20"
17/06/2020,16/06/2020,1200 UTC,09:00,"18,30"
17/06/2020,16/06/2020,1300 UTC,10:00,"19,90"
17/06/2020,16/06/2020,1400 UTC,11:00,"22,00"
17/06/2020,16/06/2020,1500 UTC,12:00,"23,60"
17/06/2020,16/06/2020,1600 UTC,13:00,"23,60"
17/06/2020,16/06/2020,1700 UTC,14:00,"25,40"
17/06/2020,16/06/2020,1800 UTC,15:00,"25,30"
17/06/2020,16/06/2020,1900 UTC,16:00,"23,70"
17/06/2020,16/06/2020,2000 UTC,17:00,"21,80"
17/06/2020,16/06/2020,2100 UTC,18:00,"18,70"
17/06/2020,16/06/2020,2200 UTC,19:00,"17,40"
17/06/2020,16/06/2020,2300 UTC,20:00,"16,60"
18/06/2020,17/06/2020,0000 UTC,21:00,"16,10"
18/06/2020,17/06/2020,0100 UTC,22:00,"15,60"
18/06/2020,17/06/2020,0200 UTC,23:00,"15,90"
18/06/2020,17/06/2020,0300 UTC,00:00,"16,60"
18/06/2020,17/06/2020,0400 UTC,01:00,"16,20"
18/06/2020,17/06/2020,0500 UTC,02:00,"16,10"
18/06/2020,17/06/2020,0600 UTC,03:00,"15,70"
18/06/2020,17/06/2020,0700 UTC,04:00,"15,40"
18/06/2020,17/06/2020,0800 UTC,05:00,"15,10"
18/06/2020,17/06/2020,0900 UTC,06:00,"14,70"
18/06/2020,17/06/2020,1000 UTC,07:00,"13,80"
18/06/2020,17/06/2020,1100 UTC,08:00,"15,90"
18/06/2020,17/06/2020,1200 UTC,09:00,"18,00"
18/06/2020,17/06/2020,1300 UTC,10:00,"20,30"
18/06/2020,17/06/2020,1400 UTC,11:00,"21,80"
18/06/2020,17/06/2020,1500 UTC,12:00,"23,50"
18/06/2020,17/06/2020,1600 UTC,13:00,"24,30"
18/06/2020,17/06/2020,1700 UTC,14:00,"24,30"
18/06/2020,17/06/2020,1800 UTC,15:00,"23,70"
18/06/2020,17/06/2020,1900 UTC,16:00,"23,20"
18/06/2020,17/06/2020,2000 UTC,17:00,"22,90"
18/06/2020,17/06/2020,2100 UTC,18:00,"19,90"
18/06/2020,17/06/2020,2200 UTC,19:00,"19,00"
18/06/2020,17/06/2020,2300 UTC,20:00,"18,50"
19/06/2020,18/06/2020,0000 UTC,21:00,"17,90"
19/06/2020,18/06/2020,0100 UTC,22:00,"17,20"
19/06/2020,18/06/2020,0200 UTC,23:00,"16,00"
19/06/2020,18/06/2020,0300 UTC,00:00,"14,80"
19/06/2020,18/06/2020,0400 UTC,01:00,"13,50"
19/06/2020,18/06/2020,0500 UTC,02:00,"12,60"
19/06/2020,18/06/2020,0600 UTC,03:00,"12,50"
19/06/2020,18/06/2020,0700 UTC,04:00,"12,00"
19/06/2020,18/06/2020,0800 UTC,05:00,"11,80"
19/06/2020,18/06/2020,0900 UTC,06:00,"10,90"
19/06/2020,18/06/2020,1000 UTC,07:00,"10,20"
19/06/2020,18/06/2020,1100 UTC,08:00,"11,90"
19/06/2020,18/06/2020,1200 UTC,09:00,"15,20"
19/06/2020,18/06/2020,1300 UTC,10:00,"21,40"
19/06/2020,18/06/2020,1400 UTC,11:00,"23,70"
19/06/2020,18/06/2020,1500 UTC,12:00,"24,70"
19/06/2020,18/06/2020,1600 UTC,13:00,"25,60"
19/06/2020,18/06/2020,1700 UTC,14:00,"26,80"
19/06/2020,18/06/2020,1800 UTC,15:00,"26,60"
19/06/2020,18/06/2020,1900 UTC,16:00,"25,90"
19/06/2020,18/06/2020,2000 UTC,17:00,"24,70"
19/06/2020,18/06/2020,2100 UTC,18:00,"21,50"
19/06/2020,18/06/2020,2200 UTC,19:00,"20,50"
19/06/2020,18/06/2020,2300 UTC,20:00,"19,60"
20/06/2020,19/06/2020,0000 UTC,21:00,"18,00"
20/06/2020,19/06/2020,0100 UTC,22:00,"17,70"
20/06/2020,19/06/2020,0200 UTC,23:00,"16,40"
20/06/2020,19/06/2020,0300 UTC,00:00,"16,10"
20/06/2020,19/06/2020,0400 UTC,01:00,"13,90"
20/06/2020,19/06/2020,0500 UTC,02:00,"12,30"
20/06/2020,19/06/2020,0600 UTC,03:00,"13,50"
20/06/2020,19/06/2020,0700 UTC,04:00,"13,00"
20/06/2020,19/06/2020,0800 UTC,05:00,"11,80"
20/06/2020,19/06/2020,0900 UTC,06:00,"9,90"
20/06/2020,19/06/2020,1000 UTC,07:00,"9,50"
20/06/2020,19/06/2020,1100 UTC,08:00,"10,40"
20/06/2020,19/06/2020,1200 UTC,09:00,"14,90"
20/06/2020,19/06/2020,1300 UTC,10:00,"21,30"
20/06/2020,19/06/2020,1400 UTC,11:00,"25,10"
20/06/2020,19/06/2020,1500 UTC,12:00,"26,70"
20/06/2020,19/06/2020,1600 UTC,13:00,"27,30"
20/06/2020,19/06/2020,1700 UTC,14:00,"27,70"
20/06/2020,19/06/2020,1800 UTC,15:00,"28,00"
20/06/2020,19/06/2020,1900 UTC,16:00,"27,50"
20/06/2020,19/06/2020,2000 UTC,17:00,"25,50"
20/06/2020,19/06/2020,2100 UTC,18:00,"22,60"
20/06/2020,19/06/2020,2200 UTC,19:00,"22,00"
20/06/2020,19/06/2020,2300 UTC,20:00,"19,90"
21/06/2020,20/06/2020,0000 UTC,21:00,"17,00"
21/06/2020,20/06/2020,0100 UTC,22:00,"14,80"
21/06/2020,20/06/2020,0200 UTC,23:00,"14,20"
21/06/2020,20/06/2020,0300 UTC,00:00,"13,50"
21/06/2020,20/06/2020,0400 UTC,01:00,"13,00"
21/06/2020,20/06/2020,0500 UTC,02:00,"12,60"
21/06/2020,20/06/2020,0600 UTC,03:00,"12,80"
21/06/2020,20/06/2020,0700 UTC,04:00,"12,60"
21/06/2020,20/06/2020,0800 UTC,05:00,"11,60"
21/06/2020,20/06/2020,0900 UTC,06:00,"11,50"
21/06/2020,20/06/2020,1000 UTC,07:00,"11,30"
21/06/2020,20/06/2020,1100 UTC,08:00,"12,90"
21/06/2020,20/06/2020,1200 UTC,09:00,"18,80"
21/06/2020,20/06/2020,1300 UTC,10:00,"23,70"
21/06/2020,20/06/2020,1400 UTC,11:00,"24,80"
21/06/2020,20/06/2020,1500 UTC,12:00,"26,20"
21/06/2020,20/06/2020,1600 UTC,13:00,"27,30"
21/06/2020,20/06/2020,1700 UTC,14:00,"28,20"
21/06/2020,20/06/2020,1800 UTC,15:00,"27,00"
21/06/2020,20/06/2020,1900 UTC,16:00,"27,40"
21/06/2020,20/06/2020,2000 UTC,17:00,"25,70"
21/06/2020,20/06/2020,2100 UTC,18:00,"22,80"
21/06/2020,20/06/2020,2200 UTC,19:00,"21,40"
21/06/2020,20/06/2020,2300 UTC,20:00,"19,80"
22/06/2020,21/06/2020,0000 UTC,21:00,"20,20"
22/06/2020,21/06/2020,0100 UTC,22:00,"15,60"
22/06/2020,21/06/2020,0200 UTC,23:00,"15,60"
22/06/2020,21/06/2020,0300 UTC,00:00,"13,70"
22/06/2020,21/06/2020,0400 UTC,01:00,"13,70"
22/06/2020,21/06/2020,0500 UTC,02:00,"13,10"
22/06/2020,21/06/2020,0600 UTC,03:00,"13,10"
22/06/2020,21/06/2020,0700 UTC,04:00,"12,00"
22/06/2020,21/06/2020,0800 UTC,05:00,"11,20"
22/06/2020,21/06/2020,0900 UTC,06:00,"11,00"
22/06/2020,21/06/2020,1000 UTC,07:00,"11,90"
22/06/2020,21/06/2020,1100 UTC,08:00,"12,10"
22/06/2020,21/06/2020,1200 UTC,09:00,"15,70"
22/06/2020,21/06/2020,1300 UTC,10:00,"20,10"
22/06/2020,21/06/2020,1400 UTC,11:00,"25,20"
22/06/2020,21/06/2020,1500 UTC,12:00,"26,00"
22/06/2020,21/06/2020,1600 UTC,13:00,"26,70"
22/06/2020,21/06/2020,1700 UTC,14:00,"27,10"
22/06/2020,21/06/2020,1800 UTC,15:00,"26,70"
22/06/2020,21/06/2020,1900 UTC,16:00,"25,70"
22/06/2020,21/06/2020,2000 UTC,17:00,"24,00"
22/06/2020,21/06/2020,2100 UTC,18:00,"22,60"
22/06/2020,21/06/2020,2200 UTC,19:00,"20,20"
22/06/2020,21/06/2020,2300 UTC,20:00,"19,40"
23/06/2020,22/06/2020,0000 UTC,21:00,"18,40"
23/06/2020,22/06/2020,0100 UTC,22:00,"16,80"
23/06/2020,22/06/2020,0200 UTC,23:00,"16,30"
23/06/2020,22/06/2020,0300 UTC,00:00,"15,10"
23/06/2020,22/06/2020,0400 UTC,01:00,"13,70"
23/06/2020,22/06/2020,0500 UTC,02:00,"12,90"
23/06/2020,22/06/2020,0600 UTC,03:00,"13,50"
23/06/2020,22/06/2020,0700 UTC,04:00,"12,40"
23/06/2020,22/06/2020,0800 UTC,05:00,"11,60"
23/06/2020,22/06/2020,0900 UTC,06:00,"10,80"
23/06/2020,22/06/2020,1000 UTC,07:00,"9,90"
23/06/2020,22/06/2020,1100 UTC,08:00,"12,40"
23/06/2020,22/06/2020,1200 UTC,09:00,"15,20"
23/06/2020,22/06/2020,1300 UTC,10:00,"21,50"
23/06/2020,22/06/2020,1400 UTC,11:00,"23,80"
23/06/2020,22/06/2020,1500 UTC,12:00,"24,80"
23/06/2020,22/06/2020,1600 UTC,13:00,"24,60"
23/06/2020,22/06/2020,1700 UTC,14:00,"24,30"
23/06/2020,22/06/2020,1800 UTC,15:00,"25,40"
23/06/2020,22/06/2020,1900 UTC,16:00,"23,80"
23/06/2020,22/06/2020,2000 UTC,17:00,"21,80"
23/06/2020,22/06/2020,2100 UTC,18:00,"19,80"
23/06/2020,22/06/2020,2200 UTC,19:00,"19,10"
23/06/2020,22/06/2020,2300 UTC,20:00,"19,00"
24/06/2020,23/06/2020,0000 UTC,21:00,"17,40"
24/06/2020,23/06/2020,0100 UTC,22:00,"17,30"
24/06/2020,23/06/2020,0200 UTC,23:00,"15,80"
24/06/2020,23/06/2020,0300 UTC,00:00,"13,50"
24/06/2020,23/06/2020,0400 UTC,01:00,"12,70"
24/06/2020,23/06/2020,0500 UTC,02:00,"12,50"
24/06/2020,23/06/2020,0600 UTC,03:00,"12,00"
24/06/2020,23/06/2020,0700 UTC,04:00,"11,60"
24/06/2020,23/06/2020,0800 UTC,05:00,"11,80"
24/06/2020,23/06/2020,0900 UTC,06:00,"11,00"
24/06/2020,23/06/2020,1000 UTC,07:00,"10,90"
24/06/2020,23/06/2020,1100 UTC,08:00,"12,90"
24/06/2020,23/06/2020,1200 UTC,09:00,"17,00"
24/06/2020,23/06/2020,1300 UTC,10:00,"20,30"
24/06/2020,23/06/2020,1400 UTC,11:00,"22,90"
24/06/2020,23/06/2020,1500 UTC,12:00,"24,80"
24/06/2020,23/06/2020,1600 UTC,13:00,"25,90"
24/06/2020,23/06/2020,1700 UTC,14:00,"26,30"
24/06/2020,23/06/2020,1800 UTC,15:00,"26,70"
24/06/2020,23/06/2020,1900 UTC,16:00,"26,20"
24/06/2020,23/06/2020,2000 UTC,17:00,"23,70"
24/06/2020,23/06/2020,2100 UTC,18:00,"20,40"
24/06/2020,23/06/2020,2200 UTC,19:00,"19,60"
24/06/2020,23/06/2020,2300 UTC,20:00,"18,00"
25/06/2020,24/06/2020,0000 UTC,21:00,"17,50"
25/06/2020,24/06/2020,0100 UTC,22:00,"17,50"
25/06/2020,24/06/2020,0200 UTC,23:00,"16,40"
25/06/2020,24/06/2020,0300 UTC,00:00,"16,40"
25/06/2020,24/06/2020,0400 UTC,01:00,"13,60"
25/06/2020,24/06/2020,0500 UTC,02:00,"15,70"
25/06/2020,24/06/2020,0600 UTC,03:00,"15,40"
25/06/2020,24/06/2020,0700 UTC,04:00,"15,20"
25/06/2020,24/06/2020,0800 UTC,05:00,"14,60"
25/06/2020,24/06/2020,0900 UTC,06:00,"14,60"
25/06/2020,24/06/2020,1000 UTC,07:00,"14,80"
25/06/2020,24/06/2020,1100 UTC,08:00,"15,00"
25/06/2020,24/06/2020,1200 UTC,09:00,"18,90"
25/06/2020,24/06/2020,1300 UTC,10:00,"21,30"
25/06/2020,24/06/2020,1400 UTC,11:00,"24,40"
25/06/2020,24/06/2020,1500 UTC,12:00,"27,30"
25/06/2020,24/06/2020,1600 UTC,13:00,"28,00"
25/06/2020,24/06/2020,1700 UTC,14:00,"28,30"
25/06/2020,24/06/2020,1800 UTC,15:00,"28,40"
25/06/2020,24/06/2020,1900 UTC,16:00,"27,90"
25/06/2020,24/06/2020,2000 UTC,17:00,"26,20"
25/06/2020,24/06/2020,2100 UTC,18:00,"23,70"
25/06/2020,24/06/2020,2200 UTC,19:00,"22,30"
25/06/2020,24/06/2020,2300 UTC,20:00,"21,90"
26/06/2020,25/06/2020,0000 UTC,21:00,"22,20"
26/06/2020,25/06/2020,0100 UTC,22:00,"18,90"
26/06/2020,25/06/2020,0200 UTC,23:00,"17,10"
26/06/2020,25/06/2020,0300 UTC,00:00,"16,80"
26/06/2020,25/06/2020,0400 UTC,01:00,"16,60"
26/06/2020,25/06/2020,0500 UTC,02:00,"16,60"
26/06/2020,25/06/2020,0600 UTC,03:00,"16,20"
26/06/2020,25/06/2020,0700 UTC,04:00,"15,90"
26/06/2020,25/06/2020,0800 UTC,05:00,"15,70"
26/06/2020,25/06/2020,0900 UTC,06:00,"15,50"
26/06/2020,25/06/2020,1000 UTC,07:00,"15,50"
26/06/2020,25/06/2020,1100 UTC,08:00,"15,80"
26/06/2020,25/06/2020,1200 UTC,09:00,"16,60"
26/06/2020,25/06/2020,1300 UTC,10:00,"17,10"
26/06/2020,25/06/2020,1400 UTC,11:00,"16,80"
26/06/2020,25/06/2020,1500 UTC,12:00,"17,10"
26/06/2020,25/06/2020,1600 UTC,13:00,"16,10"
26/06/2020,25/06/2020,1700 UTC,14:00,"16,10"
26/06/2020,25/06/2020,1800 UTC,15:00,"15,90"
26/06/2020,25/06/2020,1900 UTC,16:00,"15,10"
26/06/2020,25/06/2020,2000 UTC,17:00,"14,80"
26/06/2020,25/06/2020,2100 UTC,18:00,"14,40"
26/06/2020,25/06/2020,2200 UTC,19:00,"14,10"
26/06/2020,25/06/2020,2300 UTC,20:00,"13,90"
27/06/2020,26/06/2020,0000 UTC,21:00,"13,50"
27/06/2020,26/06/2020,0100 UTC,22:00,"13,20"
27/06/2020,26/06/2020,0200 UTC,23:00,"13,00"
27/06/2020,26/06/2020,0300 UTC,00:00,"13,00"
27/06/2020,26/06/2020,0400 UTC,01:00,"13,10"
27/06/2020,26/06/2020,0500 UTC,02:00,"13,30"
27/06/2020,26/06/2020,0600 UTC,03:00,"12,90"
27/06/2020,26/06/2020,0700 UTC,04:00,"12,40"
27/06/2020,26/06/2020,0800 UTC,05:00,"12,20"
27/06/2020,26/06/2020,0900 UTC,06:00,"12,00"
27/06/2020,26/06/2020,1000 UTC,07:00,"11,70"
27/06/2020,26/06/2020,1100 UTC,08:00,"11,60"
27/06/2020,26/06/2020,1200 UTC,09:00,"12,30"
27/06/2020,26/06/2020,1300 UTC,10:00,"13,00"
27/06/2020,26/06/2020,1400 UTC,11:00,"13,30"
27/06/2020,26/06/2020,1500 UTC,12:00,"13,60"
27/06/2020,26/06/2020,1600 UTC,13:00,"14,80"
27/06/2020,26/06/2020,1700 UTC,14:00,"14,50"
27/06/2020,26/06/2020,1800 UTC,15:00,"14,70"
27/06/2020,26/06/2020,1900 UTC,16:00,"14,50"
27/06/2020,26/06/2020,2000 UTC,17:00,"13,80"
27/06/2020,26/06/2020,2100 UTC,18:00,"13,20"
27/06/2020,26/06/2020,2200 UTC,19:00,"12,70"
27/06/2020,26/06/2020,2300 UTC,20:00,"12,50"
28/06/2020,27/06/2020,0000 UTC,21:00,"12,50"
28/06/2020,27/06/2020,0100 UTC,22:00,"12,30"
28/06/2020,27/06/2020,0200 UTC,23:00,"12,10"
28/06/2020,27/06/2020,0300 UTC,00:00,"11,70"
28/06/2020,27/06/2020,0400 UTC,01:00,"11,90"
28/06/2020,27/06/2020,0500 UTC,02:00,"12,00"
28/06/2020,27/06/2020,0600 UTC,03:00,"11,90"
28/06/2020,27/06/2020,0700 UTC,04:00,"11,80"
28/06/2020,27/06/2020,0800 UTC,05:00,"11,50"
28/06/2020,27/06/2020,0900 UTC,06:00,"11,50"
28/06/2020,27/06/2020,1000 UTC,07:00,"11,60"
28/06/2020,27/06/2020,1100 UTC,08:00,"12,20"
28/06/2020,27/06/2020,1200 UTC,09:00,"13,70"
28/06/2020,27/06/2020,1300 UTC,10:00,"15,30"
28/06/2020,27/06/2020,1400 UTC,11:00,"16,90"
28/06/2020,27/06/2020,1500 UTC,12:00,"17,10"
28/06/2020,27/06/2020,1600 UTC,13:00,"17,10"
28/06/2020,27/06/2020,1700 UTC,14:00,"16,30"
28/06/2020,27/06/2020,1800 UTC,15:00,"15,60"
28/06/2020,27/06/2020,1900 UTC,16:00,"14,90"
28/06/2020,27/06/2020,2000 UTC,17:00,"14,60"
28/06/2020,27/06/2020,2100 UTC,18:00,"13,10"
28/06/2020,27/06/2020,2200 UTC,19:00,"13,20"
28/06/2020,27/06/2020,2300 UTC,20:00,"12,80"
29/06/2020,28/06/2020,0000 UTC,21:00,"12,80"
29/06/2020,28/06/2020,0100 UTC,22:00,"12,20"
29/06/2020,28/06/2020,0200 UTC,23:00,"12,00"
29/06/2020,28/06/2020,0300 UTC,00:00,"12,50"
29/06/2020,28/06/2020,0400 UTC,01:00,"13,00"
29/06/2020,28/06/2020,0500 UTC,02:00,"13,20"
29/06/2020,28/06/2020,0600 UTC,03:00,"13,20"
29/06/2020,28/06/2020,0700 UTC,04:00,"13,30"
29/06/2020,28/06/2020,0800 UTC,05:00,"13,40"
29/06/2020,28/06/2020,0900 UTC,06:00,"13,30"
29/06/2020,28/06/2020,1000 UTC,07:00,"13,40"
29/06/2020,28/06/2020,1100 UTC,08:00,"13,90"
29/06/2020,28/06/2020,1200 UTC,09:00,"15,20"
29/06/2020,28/06/2020,1300 UTC,10:00,"15,70"
29/06/2020,28/06/2020,1400 UTC,11:00,"17,70"
29/06/2020,28/06/2020,1500 UTC,12:00,"19,90"
29/06/2020,28/06/2020,1600 UTC,13:00,"21,90"
29/06/2020,28/06/2020,1700 UTC,14:00,"21,90"
29/06/2020,28/06/2020,1800 UTC,15:00,"21,50"
29/06/2020,28/06/2020,1900 UTC,16:00,"18,90"
29/06/2020,28/06/2020,2000 UTC,17:00,"16,50"
29/06/2020,28/06/2020,2100 UTC,18:00,"15,60"
29/06/2020,28/06/2020,2200 UTC,19:00,"15,40"
29/06/2020,28/06/2020,2300 UTC,20:00,"15,30"
30/06/2020,29/06/2020,0000 UTC,21:00,"15,30"
30/06/2020,29/06/2020,0100 UTC,22:00,"15,30"
30/06/2020,29/06/2020,0200 UTC,23:00,"15,20"
30/06/2020,29/06/2020,0300 UTC,00:00,"14,90"
30/06/2020,29/06/2020,0400 UTC,01:00,"14,30"
30/06/2020,29/06/2020,0500 UTC,02:00,"13,60"
30/06/2020,29/06/2020,0600 UTC,03:00,"14,20"
30/06/2020,29/06/2020,0700 UTC,04:00,"13,60"
30/06/2020,29/06/2020,0800 UTC,05:00,"15,70"
30/06/2020,29/06/2020,0900 UTC,06:00,"15,90"
30/06/2020,29/06/2020,1000 UTC,07:00,"15,20"
30/06/2020,29/06/2020,1100 UTC,08:00,"16,10"
30/06/2020,29/06/2020,1200 UTC,09:00,"18,00"
30/06/2020,29/06/2020,1300 UTC,10:00,"20,60"
30/06/2020,29/06/2020,1400 UTC,11:00,"22,00"
30/06/2020,29/06/2020,1500 UTC,12:00,"23,20"
30/06/2020,29/06/2020,1600 UTC,13:00,"24,50"
30/06/2020,29/06/2020,1700 UTC,14:00,"25,10"
30/06/2020,29/06/2020,1800 UTC,15:00,"24,90"
30/06/2020,29/06/2020,1900 UTC,16:00,"24,60"
30/06/2020,29/06/2020,2000 UTC,17:00,"23,70"
30/06/2020,29/06/2020,2100 UTC,18:00,"22,40"
30/06/2020,29/06/2020,2200 UTC,19:00,"21,60"
30/06/2020,29/06/2020,2300 UTC,20:00,"21,30"
01/07/2020,30/06/2020,0000 UTC,21:00,"16,90"
01/07/2020,30/06/2020,0100 UTC,22:00,"15,30"
01/07/2020,30/06/2020,0200 UTC,23:00,"15,30"
01/07/2020,30/06/2020,0300 UTC,00:00,"15,50"
01/07/2020,30/06/2020,0400 UTC,01:00,"15,40"
01/07/2020,30/06/2020,0500 UTC,02:00,"15,30"
01/07/2020,30/06/2020,0600 UTC,03:00,"15,70"
01/07/2020,30/06/2020,0700 UTC,04:00,"16,10"
01/07/2020,30/06/2020,0800 UTC,05:00,"15,90"
01/07/2020,30/06/2020,0900 UTC,06:00,"15,90"
01/07/2020,30/06/2020,1000 UTC,07:00,"15,60"
01/07/2020,30/06/2020,1100 UTC,08:00,"15,60"
01/07/2020,30/06/2020,1200 UTC,09:00,"15,80"
01/07/2020,30/06/2020,1300 UTC,10:00,"16,30"
01/07/2020,30/06/2020,1400 UTC,11:00,"16,90"
01/07/2020,30/06/2020,1500 UTC,12:00,"17,70"
01/07/2020,30/06/2020,1600 UTC,13:00,"18,30"
01/07/2020,30/06/2020,1700 UTC,14:00,"19,00"
01/07/2020,30/06/2020,1800 UTC,15:00,"18,90"
01/07/2020,30/06/2020,1900 UTC,16:00,"18,70"
01/07/2020,30/06/2020,2000 UTC,17:00,"16,80"
01/07/2020,30/06/2020,2100 UTC,18:00,"14,10"
01/07/2020,30/06/2020,2200 UTC,19:00,"13,10"
01/07/2020,30/06/2020,2300 UTC,20:00,"11,80"
02/07/2020,01/07/2020,0000 UTC,21:00,"11,10"
02/07/2020,01/07/2020,0100 UTC,22:00,"10,90"
02/07/2020,01/07/2020,0200 UTC,23:00,"10,20"
02/07/2020,01/07/2020,0300 UTC,00:00,"8,60"
02/07/2020,01/07/2020,0400 UTC,01:00,"7,80"
02/07/2020,01/07/2020,0500 UTC,02:00,"6,10"
02/07/2020,01/07/2020,0600 UTC,03:00,"6,40"
02/07/2020,01/07/2020,0700 UTC,04:00,"5,80"
02/07/2020,01/07/2020,0800 UTC,05:00,"5,30"
02/07/2020,01/07/2020,0900 UTC,06:00,"5,10"
02/07/2020,01/07/2020,1000 UTC,07:00,"3,50"
02/07/2020,01/07/2020,1100 UTC,08:00,"4,80"
02/07/2020,01/07/2020,1200 UTC,09:00,"7,70"
02/07/2020,01/07/2020,1300 UTC,10:00,"11,50"
02/07/2020,01/07/2020,1400 UTC,11:00,"15,10"
02/07/2020,01/07/2020,1500 UTC,12:00,"15,80"
02/07/2020,01/07/2020,1600 UTC,13:00,"17,30"
02/07/2020,01/07/2020,1700 UTC,14:00,"18,20"
02/07/2020,01/07/2020,1800 UTC,15:00,"19,10"
02/07/2020,01/07/2020,1900 UTC,16:00,"18,50"
02/07/2020,01/07/2020,2000 UTC,17:00,"17,00"
02/07/2020,01/07/2020,2100 UTC,18:00,"14,10"
02/07/2020,01/07/2020,2200 UTC,19:00,"12,30"
02/07/2020,01/07/2020,2300 UTC,20:00,"11,10"
03/07/2020,02/07/2020,0000 UTC,21:00,"10,00"
03/07/2020,02/07/2020,0100 UTC,22:00,"9,20"
03/07/2020,02/07/2020,0200 UTC,23:00,"9,10"
03/07/2020,02/07/2020,0300 UTC,00:00,"9,50"
03/07/2020,02/07/2020,0400 UTC,01:00,"9,70"
03/07/2020,02/07/2020,0500 UTC,02:00,"9,60"
03/07/2020,02/07/2020,0600 UTC,03:00,"9,90"
03/07/2020,02/07/2020,0700 UTC,04:00,"10,00"
03/07/2020,02/07/2020,0800 UTC,05:00,"10,10"
03/07/2020,02/07/2020,0900 UTC,06:00,"10,20"
03/07/2020,02/07/2020,1000 UTC,07:00,"10,10"
03/07/2020,02/07/2020,1100 UTC,08:00,"10,30"
03/07/2020,02/07/2020,1200 UTC,09:00,"10,90"
03/07/2020,02/07/2020,1300 UTC,10:00,"13,70"
03/07/2020,02/07/2020,1400 UTC,11:00,"14,90"
03/07/2020,02/07/2020,1500 UTC,12:00,"16,30"
03/07/2020,02/07/2020,1600 UTC,13:00,"17,50"
03/07/2020,02/07/2020,1700 UTC,14:00,"18,00"
03/07/2020,02/07/2020,1800 UTC,15:00,"18,50"
03/07/2020,02/07/2020,1900 UTC,16:00,"19,00"
03/07/2020,02/07/2020,2000 UTC,17:00,"15,70"
03/07/2020,02/07/2020,2100 UTC,18:00,"12,50"
03/07/2020,02/07/2020,2200 UTC,19:00,"11,50"
03/07/2020,02/07/2020,2300 UTC,20:00,"10,50"
04/07/2020,03/07/2020,0000 UTC,21:00,"10,10"
04/07/2020,03/07/2020,0100 UTC,22:00,"10,20"
04/07/2020,03/07/2020,0200 UTC,23:00,"10,70"
04/07/2020,03/07/2020,0300 UTC,00:00,"10,50"
04/07/2020,03/07/2020,0400 UTC,01:00,"10,50"
04/07/2020,03/07/2020,0500 UTC,02:00,"10,30"
04/07/2020,03/07/2020,0600 UTC,03:00,"9,70"
04/07/2020,03/07/2020,0700 UTC,04:00,"8,70"
04/07/2020,03/07/2020,0800 UTC,05:00,"7,30"
04/07/2020,03/07/2020,0900 UTC,06:00,"6,40"
04/07/2020,03/07/2020,1000 UTC,07:00,"8,20"
04/07/2020,03/07/2020,1100 UTC,08:00,"8,10"
04/07/2020,03/07/2020,1200 UTC,09:00,"9,20"
04/07/2020,03/07/2020,1300 UTC,10:00,"11,80"
04/07/2020,03/07/2020,1400 UTC,11:00,"16,60"
04/07/2020,03/07/2020,1500 UTC,12:00,"19,30"
04/07/2020,03/07/2020,1600 UTC,13:00,"21,70"
04/07/2020,03/07/2020,1700 UTC,14:00,"22,40"
04/07/2020,03/07/2020,1800 UTC,15:00,"23,10"
04/07/2020,03/07/2020,1900 UTC,16:00,"22,70"
04/07/2020,03/07/2020,2000 UTC,17:00,"21,00"
04/07/2020,03/07/2020,2100 UTC,18:00,"19,10"
04/07/2020,03/07/2020,2200 UTC,19:00,"16,50"
04/07/2020,03/07/2020,2300 UTC,20:00,"14,80"
05/07/2020,04/07/2020,0000 UTC,21:00,"13,90"
05/07/2020,04/07/2020,0100 UTC,22:00,"12,90"
05/07/2020,04/07/2020,0200 UTC,23:00,"12,50"
05/07/2020,04/07/2020,0300 UTC,00:00,"11,70"
05/07/2020,04/07/2020,0400 UTC,01:00,"11,20"
05/07/2020,04/07/2020,0500 UTC,02:00,"10,70"
05/07/2020,04/07/2020,0600 UTC,03:00,"8,70"
05/07/2020,04/07/2020,0700 UTC,04:00,"8,60"
05/07/2020,04/07/2020,0800 UTC,05:00,"9,30"
05/07/2020,04/07/2020,0900 UTC,06:00,"8,90"
05/07/2020,04/07/2020,1000 UTC,07:00,"9,50"
05/07/2020,04/07/2020,1100 UTC,08:00,"11,10"
05/07/2020,04/07/2020,1200 UTC,09:00,"11,60"
05/07/2020,04/07/2020,1300 UTC,10:00,"13,90"
05/07/2020,04/07/2020,1400 UTC,11:00,"19,90"
05/07/2020,04/07/2020,1500 UTC,12:00,"22,90"
05/07/2020,04/07/2020,1600 UTC,13:00,"25,40"
05/07/2020,04/07/2020,1700 UTC,14:00,"25,90"
05/07/2020,04/07/2020,1800 UTC,15:00,"26,30"
05/07/2020,04/07/2020,1900 UTC,16:00,"26,10"
05/07/2020,04/07/2020,2000 UTC,17:00,"24,20"
05/07/2020,04/07/2020,2100 UTC,18:00,"21,80"
05/07/2020,04/07/2020,2200 UTC,19:00,"21,00"
05/07/2020,04/07/2020,2300 UTC,20:00,"18,30"
06/07/2020,05/07/2020,0000 UTC,21:00,"17,20"
06/07/2020,05/07/2020,0100 UTC,22:00,"16,80"
06/07/2020,05/07/2020,0200 UTC,23:00,"15,70"
06/07/2020,05/07/2020,0300 UTC,00:00,"14,60"
06/07/2020,05/07/2020,0400 UTC,01:00,"14,40"
06/07/2020,05/07/2020,0500 UTC,02:00,"16,30"
06/07/2020,05/07/2020,0600 UTC,03:00,"16,70"
06/07/2020,05/07/2020,0700 UTC,04:00,"16,80"
06/07/2020,05/07/2020,0800 UTC,05:00,"16,70"
06/07/2020,05/07/2020,0900 UTC,06:00,"14,40"
06/07/2020,05/07/2020,1000 UTC,07:00,"14,80"
06/07/2020,05/07/2020,1100 UTC,08:00,"15,40"
06/07/2020,05/07/2020,1200 UTC,09:00,"16,80"
06/07/2020,05/07/2020,1300 UTC,10:00,"18,70"
06/07/2020,05/07/2020,1400 UTC,11:00,"22,10"
06/07/2020,05/07/2020,1500 UTC,12:00,"24,20"
06/07/2020,05/07/2020,1600 UTC,13:00,"25,00"
06/07/2020,05/07/2020,1700 UTC,14:00,"23,80"
06/07/2020,05/07/2020,1800 UTC,15:00,"24,60"
06/07/2020,05/07/2020,1900 UTC,16:00,"23,70"
06/07/2020,05/07/2020,2000 UTC,17:00,"21,60"
06/07/2020,05/07/2020,2100 UTC,18:00,"19,90"
06/07/2020,05/07/2020,2200 UTC,19:00,"18,40"
06/07/2020,05/07/2020,2300 UTC,20:00,"17,40"
07/07/2020,06/07/2020,0000 UTC,21:00,"17,10"
07/07/2020,06/07/2020,0100 UTC,22:00,"17,20"
07/07/2020,06/07/2020,0200 UTC,23:00,"17,20"
07/07/2020,06/07/2020,0300 UTC,00:00,"17,10"
07/07/2020,06/07/2020,0400 UTC,01:00,"16,90"
07/07/2020,06/07/2020,0500 UTC,02:00,"16,80"
07/07/2020,06/07/2020,0600 UTC,03:00,"16,60"
07/07/2020,06/07/2020,0700 UTC,04:00,"16,50"
07/07/2020,06/07/2020,0800 UTC,05:00,"16,40"
07/07/2020,06/07/2020,0900 UTC,06:00,"16,30"
07/07/2020,06/07/2020,1000 UTC,07:00,"16,20"
07/07/2020,06/07/2020,1100 UTC,08:00,"16,90"
07/07/2020,06/07/2020,1200 UTC,09:00,"18,50"
07/07/2020,06/07/2020,1300 UTC,10:00,"22,00"
07/07/2020,06/07/2020,1400 UTC,11:00,"23,20"
07/07/2020,06/07/2020,1500 UTC,12:00,"25,20"
07/07/2020,06/07/2020,1600 UTC,13:00,"26,60"
07/07/2020,06/07/2020,1700 UTC,14:00,"26,30"
07/07/2020,06/07/2020,1800 UTC,15:00,"26,40"
07/07/2020,06/07/2020,1900 UTC,16:00,"25,80"
07/07/2020,06/07/2020,2000 UTC,17:00,"24,40"
07/07/2020,06/07/2020,2100 UTC,18:00,"22,10"
07/07/2020,06/07/2020,2200 UTC,19:00,"20,50"
07/07/2020,06/07/2020,2300 UTC,20:00,"20,20"
08/07/2020,07/07/2020,0000 UTC,21:00,"19,80"
08/07/2020,07/07/2020,0100 UTC,22:00,"18,80"
08/07/2020,07/07/2020,0200 UTC,23:00,"17,90"
08/07/2020,07/07/2020,0300 UTC,00:00,"18,30"
08/07/2020,07/07/2020,0400 UTC,01:00,"18,40"
08/07/2020,07/07/2020,0500 UTC,02:00,"17,60"
08/07/2020,07/07/2020,0600 UTC,03:00,"15,90"
08/07/2020,07/07/2020,0700 UTC,04:00,"16,30"
08/07/2020,07/07/2020,0800 UTC,05:00,"16,10"
08/07/2020,07/07/2020,0900 UTC,06:00,"15,90"
08/07/2020,07/07/2020,1000 UTC,07:00,"14,90"
08/07/2020,07/07/2020,1100 UTC,08:00,"16,90"
08/07/2020,07/07/2020,1200 UTC,09:00,"19,10"
08/07/2020,07/07/2020,1300 UTC,10:00,"22,20"
08/07/2020,07/07/2020,1400 UTC,11:00,"24,40"
08/07/2020,07/07/2020,1500 UTC,12:00,"26,10"
08/07/2020,07/07/2020,1600 UTC,13:00,"26,90"
08/07/2020,07/07/2020,1700 UTC,14:00,"27,50"
08/07/2020,07/07/2020,1800 UTC,15:00,"26,70"
08/07/2020,07/07/2020,1900 UTC,16:00,"26,10"
08/07/2020,07/07/2020,2000 UTC,17:00,"23,00"
08/07/2020,07/07/2020,2100 UTC,18:00,"20,70"
08/07/2020,07/07/2020,2200 UTC,19:00,"20,60"
08/07/2020,07/07/2020,2300 UTC,20:00,"19,80"
09/07/2020,08/07/2020,0000 UTC,21:00,"19,10"
09/07/2020,08/07/2020,0100 UTC,22:00,"18,30"
09/07/2020,08/07/2020,0200 UTC,23:00,"18,50"
09/07/2020,08/07/2020,0300 UTC,00:00,"18,20"
09/07/2020,08/07/2020,0400 UTC,01:00,"17,50"
09/07/2020,08/07/2020,0500 UTC,02:00,"16,80"
09/07/2020,08/07/2020,0600 UTC,03:00,"16,40"
09/07/2020,08/07/2020,0700 UTC,04:00,"15,20"
09/07/2020,08/07/2020,0800 UTC,05:00,"14,10"
09/07/2020,08/07/2020,0900 UTC,06:00,"13,30"
09/07/2020,08/07/2020,1000 UTC,07:00,"12,50"
09/07/2020,08/07/2020,1100 UTC,08:00,"13,10"
09/07/2020,08/07/2020,1200 UTC,09:00,"13,80"
09/07/2020,08/07/2020,1300 UTC,10:00,"16,80"
09/07/2020,08/07/2020,1400 UTC,11:00,"18,60"
09/07/2020,08/07/2020,1500 UTC,12:00,"19,70"
09/07/2020,08/07/2020,1600 UTC,13:00,"20,70"
09/07/2020,08/07/2020,1700 UTC,14:00,"22,00"
09/07/2020,08/07/2020,1800 UTC,15:00,"22,40"
09/07/2020,08/07/2020,1900 UTC,16:00,"22,80"
09/07/2020,08/07/2020,2000 UTC,17:00,"20,80"
09/07/2020,08/07/2020,2100 UTC,18:00,"18,30"
09/07/2020,08/07/2020,2200 UTC,19:00,"15,00"
09/07/2020,08/07/2020,2300 UTC,20:00,"13,50"
10/07/2020,09/07/2020,0000 UTC,21:00,"12,20"
10/07/2020,09/07/2020,0100 UTC,22:00,"10,30"
10/07/2020,09/07/2020,0200 UTC,23:00,"9,70"
10/07/2020,09/07/2020,0300 UTC,00:00,"10,80"
10/07/2020,09/07/2020,0400 UTC,01:00,"11,10"
10/07/2020,09/07/2020,0500 UTC,02:00,"11,20"
10/07/2020,09/07/2020,0600 UTC,03:00,"11,10"
10/07/2020,09/07/2020,0700 UTC,04:00,"10,70"
10/07/2020,09/07/2020,0800 UTC,05:00,"9,70"
10/07/2020,09/07/2020,0900 UTC,06:00,"9,00"
10/07/2020,09/07/2020,1000 UTC,07:00,"8,40"
10/07/2020,09/07/2020,1100 UTC,08:00,"10,10"
10/07/2020,09/07/2020,1200 UTC,09:00,"12,30"
10/07/2020,09/07/2020,1300 UTC,10:00,"15,30"
10/07/2020,09/07/2020,1400 UTC,11:00,"18,10"
10/07/2020,09/07/2020,1500 UTC,12:00,"21,00"
10/07/2020,09/07/2020,1600 UTC,13:00,"22,10"
10/07/2020,09/07/2020,1700 UTC,14:00,"23,20"
10/07/2020,09/07/2020,1800 UTC,15:00,"23,90"
10/07/2020,09/07/2020,1900 UTC,16:00,"23,80"
10/07/2020,09/07/2020,2000 UTC,17:00,"21,70"
10/07/2020,09/07/2020,2100 UTC,18:00,"18,00"
10/07/2020,09/07/2020,2200 UTC,19:00,"15,50"
10/07/2020,09/07/2020,2300 UTC,20:00,"14,10"
11/07/2020,10/07/2020,0000 UTC,21:00,"13,40"
11/07/2020,10/07/2020,0100 UTC,22:00,"13,00"
11/07/2020,10/07/2020,0200 UTC,23:00,"12,50"
11/07/2020,10/07/2020,0300 UTC,00:00,"12,10"
11/07/2020,10/07/2020,0400 UTC,01:00,"12,10"
11/07/2020,10/07/2020,0500 UTC,02:00,"11,40"
11/07/2020,10/07/2020,0600 UTC,03:00,"10,40"
11/07/2020,10/07/2020,0700 UTC,04:00,"10,10"
11/07/2020,10/07/2020,0800 UTC,05:00,"9,60"
11/07/2020,10/07/2020,0900 UTC,06:00,"9,40"
11/07/2020,10/07/2020,1000 UTC,07:00,"9,10"
11/07/2020,10/07/2020,1100 UTC,08:00,"10,90"
11/07/2020,10/07/2020,1200 UTC,09:00,"18,40"
11/07/2020,10/07/2020,1300 UTC,10:00,"21,40"
11/07/2020,10/07/2020,1400 UTC,11:00,"23,80"
11/07/2020,10/07/2020,1500 UTC,12:00,"25,60"
11/07/2020,10/07/2020,1600 UTC,13:00,"26,20"
11/07/2020,10/07/2020,1700 UTC,14:00,"26,90"
11/07/2020,10/07/2020,1800 UTC,15:00,"27,20"
11/07/2020,10/07/2020,1900 UTC,16:00,"26,80"
11/07/2020,10/07/2020,2000 UTC,17:00,"25,50"
11/07/2020,10/07/2020,2100 UTC,18:00,"22,70"
11/07/2020,10/07/2020,2200 UTC,19:00,"21,70"
11/07/2020,10/07/2020,2300 UTC,20:00,"20,40"
12/07/2020,11/07/2020,0000 UTC,21:00,"17,80"
12/07/2020,11/07/2020,0100 UTC,22:00,"18,10"
12/07/2020,11/07/2020,0200 UTC,23:00,"16,60"
12/07/2020,11/07/2020,0300 UTC,00:00,"15,60"
12/07/2020,11/07/2020,0400 UTC,01:00,"16,00"
12/07/2020,11/07/2020,0500 UTC,02:00,"14,70"
12/07/2020,11/07/2020,0600 UTC,03:00,"13,90"
12/07/2020,11/07/2020,0700 UTC,04:00,"14,80"
12/07/2020,11/07/2020,0800 UTC,05:00,"16,30"
12/07/2020,11/07/2020,0900 UTC,06:00,"15,30"
12/07/2020,11/07/2020,1000 UTC,07:00,"15,10"
12/07/2020,11/07/2020,1100 UTC,08:00,"15,90"
12/07/2020,11/07/2020,1200 UTC,09:00,"19,20"
12/07/2020,11/07/2020,1300 UTC,10:00,"22,10"
12/07/2020,11/07/2020,1400 UTC,11:00,"24,40"
12/07/2020,11/07/2020,1500 UTC,12:00,"26,20"
12/07/2020,11/07/2020,1600 UTC,13:00,"27,10"
12/07/2020,11/07/2020,1700 UTC,14:00,"27,60"
12/07/2020,11/07/2020,1800 UTC,15:00,"27,50"
12/07/2020,11/07/2020,1900 UTC,16:00,"27,30"
12/07/2020,11/07/2020,2000 UTC,17:00,"26,10"
12/07/2020,11/07/2020,2100 UTC,18:00,"23,60"
12/07/2020,11/07/2020,2200 UTC,19:00,"21,80"
12/07/2020,11/07/2020,2300 UTC,20:00,"21,90"
13/07/2020,12/07/2020,0000 UTC,21:00,"20,70"
13/07/2020,12/07/2020,0100 UTC,22:00,"19,60"
13/07/2020,12/07/2020,0200 UTC,23:00,"18,60"
13/07/2020,12/07/2020,0300 UTC,00:00,"19,50"
13/07/2020,12/07/2020,0400 UTC,01:00,"17,90"
13/07/2020,12/07/2020,0500 UTC,02:00,"18,20"
13/07/2020,12/07/2020,0600 UTC,03:00,"15,00"
13/07/2020,12/07/2020,0700 UTC,04:00,"14,10"
13/07/2020,12/07/2020,0800 UTC,05:00,"13,60"
13/07/2020,12/07/2020,0900 UTC,06:00,"12,70"
13/07/2020,12/07/2020,1000 UTC,07:00,"13,10"
13/07/2020,12/07/2020,1100 UTC,08:00,"14,80"
13/07/2020,12/07/2020,1200 UTC,09:00,"17,70"
13/07/2020,12/07/2020,1300 UTC,10:00,"22,70"
13/07/2020,12/07/2020,1400 UTC,11:00,"25,20"
13/07/2020,12/07/2020,1500 UTC,12:00,"26,80"
13/07/2020,12/07/2020,1600 UTC,13:00,"28,20"
13/07/2020,12/07/2020,1700 UTC,14:00,"27,90"
13/07/2020,12/07/2020,1800 UTC,15:00,"27,80"
13/07/2020,12/07/2020,1900 UTC,16:00,"26,50"
13/07/2020,12/07/2020,2000 UTC,17:00,"26,40"
13/07/2020,12/07/2020,2100 UTC,18:00,"23,30"
13/07/2020,12/07/2020,2200 UTC,19:00,"21,20"
13/07/2020,12/07/2020,2300 UTC,20:00,"21,00"
14/07/2020,13/07/2020,0000 UTC,21:00,"20,60"
14/07/2020,13/07/2020,0100 UTC,22:00,"19,90"
14/07/2020,13/07/2020,0200 UTC,23:00,"19,20"
14/07/2020,13/07/2020,0300 UTC,00:00,"17,60"
14/07/2020,13/07/2020,0400 UTC,01:00,"16,50"
14/07/2020,13/07/2020,0500 UTC,02:00,"15,90"
14/07/2020,13/07/2020,0600 UTC,03:00,"16,00"
14/07/2020,13/07/2020,0700 UTC,04:00,"15,70"
14/07/2020,13/07/2020,0800 UTC,05:00,"14,90"
14/07/2020,13/07/2020,0900 UTC,06:00,"14,70"
14/07/2020,13/07/2020,1000 UTC,07:00,"14,60"
14/07/2020,13/07/2020,1100 UTC,08:00,"14,50"
14/07/2020,13/07/2020,1200 UTC,09:00,"15,10"
14/07/2020,13/07/2020,1300 UTC,10:00,"15,80"
14/07/2020,13/07/2020,1400 UTC,11:00,"16,40"
14/07/2020,13/07/2020,1500 UTC,12:00,"17,90"
14/07/2020,13/07/2020,1600 UTC,13:00,"17,60"
14/07/2020,13/07/2020,1700 UTC,14:00,"16,60"
14/07/2020,13/07/2020,1800 UTC,15:00,"16,80"
14/07/2020,13/07/2020,1900 UTC,16:00,"15,80"
14/07/2020,13/07/2020,2000 UTC,17:00,"15,30"
14/07/2020,13/07/2020,2100 UTC,18:00,"14,50"
14/07/2020,13/07/2020,2200 UTC,19:00,"13,80"
14/07/2020,13/07/2020,2300 UTC,20:00,"13,50"
15/07/2020,14/07/2020,0000 UTC,21:00,"13,50"
15/07/2020,14/07/2020,0100 UTC,22:00,"13,60"
15/07/2020,14/07/2020,0200 UTC,23:00,"13,20"
15/07/2020,14/07/2020,0300 UTC,00:00,"13,20"
15/07/2020,14/07/2020,0400 UTC,01:00,"13,10"
15/07/2020,14/07/2020,0500 UTC,02:00,"13,40"
15/07/2020,14/07/2020,0600 UTC,03:00,"13,30"
15/07/2020,14/07/2020,0700 UTC,04:00,"12,90"
15/07/2020,14/07/2020,0800 UTC,05:00,"12,40"
15/07/2020,14/07/2020,0900 UTC,06:00,"11,40"
15/07/2020,14/07/2020,1000 UTC,07:00,"11,00"
15/07/2020,14/07/2020,1100 UTC,08:00,"12,30"
15/07/2020,14/07/2020,1200 UTC,09:00,"13,50"
15/07/2020,14/07/2020,1300 UTC,10:00,"14,00"
15/07/2020,14/07/2020,1400 UTC,11:00,"14,70"
15/07/2020,14/07/2020,1500 UTC,12:00,"15,60"
15/07/2020,14/07/2020,1600 UTC,13:00,"16,90"
15/07/2020,14/07/2020,1700 UTC,14:00,"17,10"
15/07/2020,14/07/2020,1800 UTC,15:00,"15,90"
15/07/2020,14/07/2020,1900 UTC,16:00,"14,70"
15/07/2020,14/07/2020,2000 UTC,17:00,"14,10"
15/07/2020,14/07/2020,2100 UTC,18:00,"13,30"
15/07/2020,14/07/2020,2200 UTC,19:00,"13,00"
15/07/2020,14/07/2020,2300 UTC,20:00,"13,00"
16/07/2020,15/07/2020,0000 UTC,21:00,"12,70"
16/07/2020,15/07/2020,0100 UTC,22:00,"12,30"
16/07/2020,15/07/2020,0200 UTC,23:00,"12,40"
16/07/2020,15/07/2020,0300 UTC,00:00,"12,20"
16/07/2020,15/07/2020,0400 UTC,01:00,"12,10"
16/07/2020,15/07/2020,0500 UTC,02:00,"12,30"
16/07/2020,15/07/2020,0600 UTC,03:00,"12,30"
16/07/2020,15/07/2020,0700 UTC,04:00,"12,40"
16/07/2020,15/07/2020,0800 UTC,05:00,"12,40"
16/07/2020,15/07/2020,0900 UTC,06:00,"12,50"
16/07/2020,15/07/2020,1000 UTC,07:00,"12,60"
16/07/2020,15/07/2020,1100 UTC,08:00,"13,00"
16/07/2020,15/07/2020,1200 UTC,09:00,"13,90"
16/07/2020,15/07/2020,1300 UTC,10:00,"14,90"
16/07/2020,15/07/2020,1400 UTC,11:00,"16,70"
16/07/2020,15/07/2020,1500 UTC,12:00,"17,30"
16/07/2020,15/07/2020,1600 UTC,13:00,"17,80"
16/07/2020,15/07/2020,1700 UTC,14:00,"19,90"
16/07/2020,15/07/2020,1800 UTC,15:00,"19,20"
16/07/2020,15/07/2020,1900 UTC,16:00,"16,70"
16/07/2020,15/07/2020,2000 UTC,17:00,"15,30"
16/07/2020,15/07/2020,2100 UTC,18:00,"14,10"
16/07/2020,15/07/2020,2200 UTC,19:00,"13,60"
16/07/2020,15/07/2020,2300 UTC,20:00,"13,30"
17/07/2020,16/07/2020,0000 UTC,21:00,"13,10"
17/07/2020,16/07/2020,0100 UTC,22:00,"13,00"
17/07/2020,16/07/2020,0200 UTC,23:00,"12,90"
17/07/2020,16/07/2020,0300 UTC,00:00,"12,60"
17/07/2020,16/07/2020,0400 UTC,01:00,"12,50"
17/07/2020,16/07/2020,0500 UTC,02:00,"12,30"
17/07/2020,16/07/2020,0600 UTC,03:00,"12,20"
17/07/2020,16/07/2020,0700 UTC,04:00,"12,20"
17/07/2020,16/07/2020,0800 UTC,05:00,"12,10"
17/07/2020,16/07/2020,0900 UTC,06:00,"12,40"
17/07/2020,16/07/2020,1000 UTC,07:00,"13,40"
17/07/2020,16/07/2020,1100 UTC,08:00,"14,10"
17/07/2020,16/07/2020,1200 UTC,09:00,"15,40"
17/07/2020,16/07/2020,1300 UTC,10:00,"18,50"
17/07/2020,16/07/2020,1400 UTC,11:00,"21,00"
17/07/2020,16/07/2020,1500 UTC,12:00,"22,70"
17/07/2020,16/07/2020,1600 UTC,13:00,"23,50"
17/07/2020,16/07/2020,1700 UTC,14:00,"24,50"
17/07/2020,16/07/2020,1800 UTC,15:00,"24,00"
17/07/2020,16/07/2020,1900 UTC,16:00,"22,80"
17/07/2020,16/07/2020,2000 UTC,17:00,"22,30"
17/07/2020,16/07/2020,2100 UTC,18:00,"21,10"
17/07/2020,16/07/2020,2200 UTC,19:00,"20,00"
17/07/2020,16/07/2020,2300 UTC,20:00,"18,30"
18/07/2020,17/07/2020,0000 UTC,21:00,"17,00"
18/07/2020,17/07/2020,0100 UTC,22:00,"16,10"
18/07/2020,17/07/2020,0200 UTC,23:00,"15,80"
18/07/2020,17/07/2020,0300 UTC,00:00,"16,00"
18/07/2020,17/07/2020,0400 UTC,01:00,"15,80"
18/07/2020,17/07/2020,0500 UTC,02:00,"15,60"
18/07/2020,17/07/2020,0600 UTC,03:00,"15,70"
18/07/2020,17/07/2020,0700 UTC,04:00,"15,50"
18/07/2020,17/07/2020,0800 UTC,05:00,"15,40"
18/07/2020,17/07/2020,0900 UTC,06:00,"15,20"
18/07/2020,17/07/2020,1000 UTC,07:00,"15,20"
18/07/2020,17/07/2020,1100 UTC,08:00,"15,30"
18/07/2020,17/07/2020,1200 UTC,09:00,"16,00"
18/07/2020,17/07/2020,1300 UTC,10:00,"20,10"
18/07/2020,17/07/2020,1400 UTC,11:00,"22,60"
18/07/2020,17/07/2020,1500 UTC,12:00,"25,60"
18/07/2020,17/07/2020,1600 UTC,13:00,"26,50"
18/07/2020,17/07/2020,1700 UTC,14:00,"26,90"
18/07/2020,17/07/2020,1800 UTC,15:00,"27,00"
18/07/2020,17/07/2020,1900 UTC,16:00,"26,60"
18/07/2020,17/07/2020,2000 UTC,17:00,"25,70"
18/07/2020,17/07/2020,2100 UTC,18:00,"21,20"
18/07/2020,17/07/2020,2200 UTC,19:00,"17,50"
18/07/2020,17/07/2020,2300 UTC,20:00,"17,10"
19/07/2020,18/07/2020,0000 UTC,21:00,"16,90"
19/07/2020,18/07/2020,0100 UTC,22:00,"16,90"
19/07/2020,18/07/2020,0200 UTC,23:00,"16,90"
19/07/2020,18/07/2020,0300 UTC,00:00,"17,00"
19/07/2020,18/07/2020,0400 UTC,01:00,"17,00"
19/07/2020,18/07/2020,0500 UTC,02:00,"16,70"
19/07/2020,18/07/2020,0600 UTC,03:00,"16,50"
19/07/2020,18/07/2020,0700 UTC,04:00,"16,30"
19/07/2020,18/07/2020,0800 UTC,05:00,"15,50"
19/07/2020,18/07/2020,0900 UTC,06:00,"15,30"
19/07/2020,18/07/2020,1000 UTC,07:00,"14,90"
19/07/2020,18/07/2020,1100 UTC,08:00,"15,10"
19/07/2020,18/07/2020,1200 UTC,09:00,"16,30"
19/07/2020,18/07/2020,1300 UTC,10:00,"20,50"
19/07/2020,18/07/2020,1400 UTC,11:00,"22,20"
19/07/2020,18/07/2020,1500 UTC,12:00,"24,00"
19/07/2020,18/07/2020,1600 UTC,13:00,"25,00"
19/07/2020,18/07/2020,1700 UTC,14:00,"25,30"
19/07/2020,18/07/2020,1800 UTC,15:00,"24,90"
19/07/2020,18/07/2020,1900 UTC,16:00,"24,70"
19/07/2020,18/07/2020,2000 UTC,17:00,"23,20"
19/07/2020,18/07/2020,2100 UTC,18:00,"20,50"
19/07/2020,18/07/2020,2200 UTC,19:00,"20,60"
19/07/2020,18/07/2020,2300 UTC,20:00,"17,70"
20/07/2020,19/07/2020,0000 UTC,21:00,"17,10"
20/07/2020,19/07/2020,0100 UTC,22:00,"16,00"
20/07/2020,19/07/2020,0200 UTC,23:00,"14,20"
20/07/2020,19/07/2020,0300 UTC,00:00,"13,20"
20/07/2020,19/07/2020,0400 UTC,01:00,"12,70"
20/07/2020,19/07/2020,0500 UTC,02:00,"11,70"
20/07/2020,19/07/2020,0600 UTC,03:00,"11,20"
20/07/2020,19/07/2020,0700 UTC,04:00,"10,20"
20/07/2020,19/07/2020,0800 UTC,05:00,"9,80"
20/07/2020,19/07/2020,0900 UTC,06:00,"9,20"
20/07/2020,19/07/2020,1000 UTC,07:00,"9,20"
20/07/2020,19/07/2020,1100 UTC,08:00,"10,70"
20/07/2020,19/07/2020,1200 UTC,09:00,"16,80"
20/07/2020,19/07/2020,1300 UTC,10:00,"20,00"
20/07/2020,19/07/2020,1400 UTC,11:00,"22,60"
20/07/2020,19/07/2020,1500 UTC,12:00,"24,50"
20/07/2020,19/07/2020,1600 UTC,13:00,"24,90"
20/07/2020,19/07/2020,1700 UTC,14:00,"25,30"
20/07/2020,19/07/2020,1800 UTC,15:00,"25,10"
20/07/2020,19/07/2020,1900 UTC,16:00,"25,60"
20/07/2020,19/07/2020,2000 UTC,17:00,"24,40"
20/07/2020,19/07/2020,2100 UTC,18:00,"21,20"
20/07/2020,19/07/2020,2200 UTC,19:00,"18,60"
20/07/2020,19/07/2020,2300 UTC,20:00,"17,10"
21/07/2020,20/07/2020,0000 UTC,21:00,"15,50"
21/07/2020,20/07/2020,0100 UTC,22:00,"14,30"
21/07/2020,20/07/2020,0200 UTC,23:00,"12,40"
21/07/2020,20/07/2020,0300 UTC,00:00,"12,80"
21/07/2020,20/07/2020,0400 UTC,01:00,"11,90"
21/07/2020,20/07/2020,0500 UTC,02:00,"10,80"
21/07/2020,20/07/2020,0600 UTC,03:00,"10,20"
21/07/2020,20/07/2020,0700 UTC,04:00,"9,50"
21/07/2020,20/07/2020,0800 UTC,05:00,"9,50"
21/07/2020,20/07/2020,0900 UTC,06:00,"8,00"
21/07/2020,20/07/2020,1000 UTC,07:00,"8,30"
21/07/2020,20/07/2020,1100 UTC,08:00,"9,80"
21/07/2020,20/07/2020,1200 UTC,09:00,"13,80"
21/07/2020,20/07/2020,1300 UTC,10:00,"17,80"
21/07/2020,20/07/2020,1400 UTC,11:00,"23,60"
21/07/2020,20/07/2020,1500 UTC,12:00,"25,60"
21/07/2020,20/07/2020,1600 UTC,13:00,"26,40"
21/07/2020,20/07/2020,1700 UTC,14:00,"26,10"
21/07/2020,20/07/2020,1800 UTC,15:00,"26,20"
21/07/2020,20/07/2020,1900 UTC,16:00,"26,30"
21/07/2020,20/07/2020,2000 UTC,17:00,"25,00"
21/07/2020,20/07/2020,2100 UTC,18:00,"21,80"
21/07/2020,20/07/2020,2200 UTC,19:00,"21,20"
21/07/2020,20/07/2020,2300 UTC,20:00,"17,10"
22/07/2020,21/07/2020,0000 UTC,21:00,"15,80"
22/07/2020,21/07/2020,0100 UTC,22:00,"14,20"
22/07/2020,21/07/2020,0200 UTC,23:00,"14,10"
22/07/2020,21/07/2020,0300 UTC,00:00,"12,50"
22/07/2020,21/07/2020,0400 UTC,01:00,"12,40"
22/07/2020,21/07/2020,0500 UTC,02:00,"11,20"
22/07/2020,21/07/2020,0600 UTC,03:00,"11,40"
22/07/2020,21/07/2020,0700 UTC,04:00,"10,90"
22/07/2020,21/07/2020,0800 UTC,05:00,"10,30"
22/07/2020,21/07/2020,0900 UTC,06:00,"9,90"
22/07/2020,21/07/2020,1000 UTC,07:00,"9,00"
22/07/2020,21/07/2020,1100 UTC,08:00,"10,40"
22/07/2020,21/07/2020,1200 UTC,09:00,"14,00"
22/07/2020,21/07/2020,1300 UTC,10:00,"19,50"
22/07/2020,21/07/2020,1400 UTC,11:00,"24,60"
22/07/2020,21/07/2020,1500 UTC,12:00,"25,80"
22/07/2020,21/07/2020,1600 UTC,13:00,"26,70"
22/07/2020,21/07/2020,1700 UTC,14:00,"27,30"
22/07/2020,21/07/2020,1800 UTC,15:00,"27,10"
22/07/2020,21/07/2020,1900 UTC,16:00,"26,40"
22/07/2020,21/07/2020,2000 UTC,17:00,"24,30"
22/07/2020,21/07/2020,2100 UTC,18:00,"21,90"
22/07/2020,21/07/2020,2200 UTC,19:00,"20,30"
22/07/2020,21/07/2020,2300 UTC,20:00,"18,80"
23/07/2020,22/07/2020,0000 UTC,21:00,"17,10"
23/07/2020,22/07/2020,0100 UTC,22:00,"17,20"
23/07/2020,22/07/2020,0200 UTC,23:00,"15,00"
23/07/2020,22/07/2020,0300 UTC,00:00,"14,20"
23/07/2020,22/07/2020,0400 UTC,01:00,"13,10"
23/07/2020,22/07/2020,0500 UTC,02:00,"12,90"
23/07/2020,22/07/2020,0600 UTC,03:00,"11,50"
23/07/2020,22/07/2020,0700 UTC,04:00,"10,80"
23/07/2020,22/07/2020,0800 UTC,05:00,"10,00"
23/07/2020,22/07/2020,0900 UTC,06:00,"10,60"
23/07/2020,22/07/2020,1000 UTC,07:00,"9,70"
23/07/2020,22/07/2020,1100 UTC,08:00,"12,40"
23/07/2020,22/07/2020,1200 UTC,09:00,"15,50"
23/07/2020,22/07/2020,1300 UTC,10:00,"19,20"
23/07/2020,22/07/2020,1400 UTC,11:00,"23,90"
23/07/2020,22/07/2020,1500 UTC,12:00,"25,90"
23/07/2020,22/07/2020,1600 UTC,13:00,"26,20"
23/07/2020,22/07/2020,1700 UTC,14:00,"27,30"
23/07/2020,22/07/2020,1800 UTC,15:00,"27,30"
23/07/2020,22/07/2020,1900 UTC,16:00,"26,40"
23/07/2020,22/07/2020,2000 UTC,17:00,"24,80"
23/07/2020,22/07/2020,2100 UTC,18:00,"20,80"
23/07/2020,22/07/2020,2200 UTC,19:00,"19,00"
23/07/2020,22/07/2020,2300 UTC,20:00,"17,70"
24/07/2020,23/07/2020,0000 UTC,21:00,"16,60"
24/07/2020,23/07/2020,0100 UTC,22:00,"15,90"
24/07/2020,23/07/2020,0200 UTC,23:00,"15,20"
24/07/2020,23/07/2020,0300 UTC,00:00,"14,10"
24/07/2020,23/07/2020,0400 UTC,01:00,"13,90"
24/07/2020,23/07/2020,0500 UTC,02:00,"12,70"
24/07/2020,23/07/2020,0600 UTC,03:00,"11,20"
24/07/2020,23/07/2020,0700 UTC,04:00,"11,50"
24/07/2020,23/07/2020,0800 UTC,05:00,"10,70"
24/07/2020,23/07/2020,0900 UTC,06:00,"10,40"
24/07/2020,23/07/2020,1000 UTC,07:00,"9,70"
24/07/2020,23/07/2020,1100 UTC,08:00,"12,10"
24/07/2020,23/07/2020,1200 UTC,09:00,"14,80"
24/07/2020,23/07/2020,1300 UTC,10:00,"20,80"
24/07/2020,23/07/2020,1400 UTC,11:00,"23,30"
24/07/2020,23/07/2020,1500 UTC,12:00,"25,00"
24/07/2020,23/07/2020,1600 UTC,13:00,"25,60"
24/07/2020,23/07/2020,1700 UTC,14:00,"26,40"
24/07/2020,23/07/2020,1800 UTC,15:00,"26,60"
24/07/2020,23/07/2020,1900 UTC,16:00,"25,60"
24/07/2020,23/07/2020,2000 UTC,17:00,"24,10"
24/07/2020,23/07/2020,2100 UTC,18:00,"21,40"
24/07/2020,23/07/2020,2200 UTC,19:00,"20,40"
24/07/2020,23/07/2020,2300 UTC,20:00,"18,70"
25/07/2020,24/07/2020,0000 UTC,21:00,"16,40"
25/07/2020,24/07/2020,0100 UTC,22:00,"14,30"
25/07/2020,24/07/2020,0200 UTC,23:00,"13,10"
25/07/2020,24/07/2020,0300 UTC,00:00,"14,00"
25/07/2020,24/07/2020,0400 UTC,01:00,"12,10"
25/07/2020,24/07/2020,0500 UTC,02:00,"11,40"
25/07/2020,24/07/2020,0600 UTC,03:00,"11,00"
25/07/2020,24/07/2020,0700 UTC,04:00,"10,40"
25/07/2020,24/07/2020,0800 UTC,05:00,"11,00"
25/07/2020,24/07/2020,0900 UTC,06:00,"9,70"
25/07/2020,24/07/2020,1000 UTC,07:00,"12,90"
25/07/2020,24/07/2020,1100 UTC,08:00,"12,40"
25/07/2020,24/07/2020,1200 UTC,09:00,"16,50"
25/07/2020,24/07/2020,1300 UTC,10:00,"23,20"
25/07/2020,24/07/2020,1400 UTC,11:00,"25,90"
25/07/2020,24/07/2020,1500 UTC,12:00,"26,90"
25/07/2020,24/07/2020,1600 UTC,13:00,"27,60"
25/07/2020,24/07/2020,1700 UTC,14:00,"27,70"
25/07/2020,24/07/2020,1800 UTC,15:00,"28,10"
25/07/2020,24/07/2020,1900 UTC,16:00,"27,60"
25/07/2020,24/07/2020,2000 UTC,17:00,"25,80"
25/07/2020,24/07/2020,2100 UTC,18:00,"22,10"
25/07/2020,24/07/2020,2200 UTC,19:00,"20,90"
25/07/2020,24/07/2020,2300 UTC,20:00,"15,80"
26/07/2020,25/07/2020,0000 UTC,21:00,"15,30"
26/07/2020,25/07/2020,0100 UTC,22:00,"14,90"
26/07/2020,25/07/2020,0200 UTC,23:00,"15,00"
26/07/2020,25/07/2020,0300 UTC,00:00,"14,90"
26/07/2020,25/07/2020,0400 UTC,01:00,"14,70"
26/07/2020,25/07/2020,0500 UTC,02:00,"14,60"
26/07/2020,25/07/2020,0600 UTC,03:00,"14,70"
26/07/2020,25/07/2020,0700 UTC,04:00,"14,50"
26/07/2020,25/07/2020,0800 UTC,05:00,"13,90"
26/07/2020,25/07/2020,0900 UTC,06:00,"14,00"
26/07/2020,25/07/2020,1000 UTC,07:00,"13,90"
26/07/2020,25/07/2020,1100 UTC,08:00,"14,20"
26/07/2020,25/07/2020,1200 UTC,09:00,"15,10"
26/07/2020,25/07/2020,1300 UTC,10:00,"16,00"
26/07/2020,25/07/2020,1400 UTC,11:00,"16,50"
26/07/2020,25/07/2020,1500 UTC,12:00,"17,20"
26/07/2020,25/07/2020,1600 UTC,13:00,"17,70"
26/07/2020,25/07/2020,1700 UTC,14:00,"18,40"
26/07/2020,25/07/2020,1800 UTC,15:00,"18,00"
26/07/2020,25/07/2020,1900 UTC,16:00,"17,40"
26/07/2020,25/07/2020,2000 UTC,17:00,"16,80"
26/07/2020,25/07/2020,2100 UTC,18:00,"15,30"
26/07/2020,25/07/2020,2200 UTC,19:00,"15,00"
26/07/2020,25/07/2020,2300 UTC,20:00,"14,60"
27/07/2020,26/07/2020,0000 UTC,21:00,"14,40"
27/07/2020,26/07/2020,0100 UTC,22:00,"14,10"
27/07/2020,26/07/2020,0200 UTC,23:00,"13,90"
27/07/2020,26/07/2020,0300 UTC,00:00,"13,80"
27/07/2020,26/07/2020,0400 UTC,01:00,"13,70"
27/07/2020,26/07/2020,0500 UTC,02:00,"13,50"
27/07/2020,26/07/2020,0600 UTC,03:00,"13,30"
27/07/2020,26/07/2020,0700 UTC,04:00,"12,80"
27/07/2020,26/07/2020,0800 UTC,05:00,"12,80"
27/07/2020,26/07/2020,0900 UTC,06:00,"12,30"
27/07/2020,26/07/2020,1000 UTC,07:00,"12,00"
27/07/2020,26/07/2020,1100 UTC,08:00,"12,30"
27/07/2020,26/07/2020,1200 UTC,09:00,"14,10"
27/07/2020,26/07/2020,1300 UTC,10:00,"21,20"
27/07/2020,26/07/2020,1400 UTC,11:00,"24,20"
27/07/2020,26/07/2020,1500 UTC,12:00,"25,60"
27/07/2020,26/07/2020,1600 UTC,13:00,"26,90"
27/07/2020,26/07/2020,1700 UTC,14:00,"27,10"
27/07/2020,26/07/2020,1800 UTC,15:00,"25,90"
27/07/2020,26/07/2020,1900 UTC,16:00,"25,50"
27/07/2020,26/07/2020,2000 UTC,17:00,"25,40"
27/07/2020,26/07/2020,2100 UTC,18:00,"23,10"
27/07/2020,26/07/2020,2200 UTC,19:00,"23,10"
27/07/2020,26/07/2020,2300 UTC,20:00,"21,60"
28/07/2020,27/07/2020,0000 UTC,21:00,"17,80"
28/07/2020,27/07/2020,0100 UTC,22:00,"16,30"
28/07/2020,27/07/2020,0200 UTC,23:00,"16,50"
28/07/2020,27/07/2020,0300 UTC,00:00,"15,70"
28/07/2020,27/07/2020,0400 UTC,01:00,"14,90"
28/07/2020,27/07/2020,0500 UTC,02:00,"14,70"
28/07/2020,27/07/2020,0600 UTC,03:00,"14,80"
28/07/2020,27/07/2020,0700 UTC,04:00,"13,60"
28/07/2020,27/07/2020,0800 UTC,05:00,"14,40"
28/07/2020,27/07/2020,0900 UTC,06:00,"14,00"
28/07/2020,27/07/2020,1000 UTC,07:00,"13,70"
28/07/2020,27/07/2020,1100 UTC,08:00,"15,60"
28/07/2020,27/07/2020,1200 UTC,09:00,"19,30"
28/07/2020,27/07/2020,1300 UTC,10:00,"24,80"
28/07/2020,27/07/2020,1400 UTC,11:00,"26,60"
28/07/2020,27/07/2020,1500 UTC,12:00,"27,60"
28/07/2020,27/07/2020,1600 UTC,13:00,"28,70"
28/07/2020,27/07/2020,1700 UTC,14:00,"28,60"
28/07/2020,27/07/2020,1800 UTC,15:00,"27,70"
28/07/2020,27/07/2020,1900 UTC,16:00,"27,50"
28/07/2020,27/07/2020,2000 UTC,17:00,"26,70"
28/07/2020,27/07/2020,2100 UTC,18:00,"23,80"
28/07/2020,27/07/2020,2200 UTC,19:00,"22,40"
28/07/2020,27/07/2020,2300 UTC,20:00,"22,70"
29/07/2020,28/07/2020,0000 UTC,21:00,"18,30"
29/07/2020,28/07/2020,0100 UTC,22:00,"17,00"
29/07/2020,28/07/2020,0200 UTC,23:00,"16,50"
29/07/2020,28/07/2020,0300 UTC,00:00,"15,40"
29/07/2020,28/07/2020,0400 UTC,01:00,"14,90"
29/07/2020,28/07/2020,0500 UTC,02:00,"14,30"
29/07/2020,28/07/2020,0600 UTC,03:00,"14,10"
29/07/2020,28/07/2020,0700 UTC,04:00,"14,20"
29/07/2020,28/07/2020,0800 UTC,05:00,"14,50"
29/07/2020,28/07/2020,0900 UTC,06:00,"14,20"
29/07/2020,28/07/2020,1000 UTC,07:00,"13,80"
29/07/2020,28/07/2020,1100 UTC,08:00,"14,00"
29/07/2020,28/07/2020,1200 UTC,09:00,"14,90"
29/07/2020,28/07/2020,1300 UTC,10:00,"14,80"
29/07/2020,28/07/2020,1400 UTC,11:00,"16,00"
29/07/2020,28/07/2020,1500 UTC,12:00,"16,70"
29/07/2020,28/07/2020,1600 UTC,13:00,"16,00"
29/07/2020,28/07/2020,1700 UTC,14:00,"14,90"
29/07/2020,28/07/2020,1800 UTC,15:00,"15,20"
29/07/2020,28/07/2020,1900 UTC,16:00,"12,90"
29/07/2020,28/07/2020,2000 UTC,17:00,"11,80"
29/07/2020,28/07/2020,2100 UTC,18:00,"11,50"
29/07/2020,28/07/2020,2200 UTC,19:00,"11,30"
29/07/2020,28/07/2020,2300 UTC,20:00,"11,20"
30/07/2020,29/07/2020,0000 UTC,21:00,"11,20"
30/07/2020,29/07/2020,0100 UTC,22:00,"11,20"
30/07/2020,29/07/2020,0200 UTC,23:00,"11,00"
30/07/2020,29/07/2020,0300 UTC,00:00,"10,90"
30/07/2020,29/07/2020,0400 UTC,01:00,"10,90"
30/07/2020,29/07/2020,0500 UTC,02:00,"10,80"
30/07/2020,29/07/2020,0600 UTC,03:00,"10,90"
30/07/2020,29/07/2020,0700 UTC,04:00,"10,80"
30/07/2020,29/07/2020,0800 UTC,05:00,"10,80"
30/07/2020,29/07/2020,0900 UTC,06:00,"10,80"
30/07/2020,29/07/2020,1000 UTC,07:00,"10,90"
30/07/2020,29/07/2020,1100 UTC,08:00,"11,30"
30/07/2020,29/07/2020,1200 UTC,09:00,"12,70"
30/07/2020,29/07/2020,1300 UTC,10:00,"14,60"
30/07/2020,29/07/2020,1400 UTC,11:00,"14,80"
30/07/2020,29/07/2020,1500 UTC,12:00,"17,00"
30/07/2020,29/07/2020,1600 UTC,13:00,"15,60"
30/07/2020,29/07/2020,1700 UTC,14:00,"15,60"
30/07/2020,29/07/2020,1800 UTC,15:00,"15,70"
30/07/2020,29/07/2020,1900 UTC,16:00,"14,80"
30/07/2020,29/07/2020,2000 UTC,17:00,"13,60"
30/07/2020,29/07/2020,2100 UTC,18:00,"12,50"
30/07/2020,29/07/2020,2200 UTC,19:00,"12,20"
30/07/2020,29/07/2020,2300 UTC,20:00,"12,00"
31/07/2020,30/07/2020,0000 UTC,21:00,"12,00"
31/07/2020,30/07/2020,0100 UTC,22:00,"12,00"
31/07/2020,30/07/2020,0200 UTC,23:00,"11,90"
31/07/2020,30/07/2020,0300 UTC,00:00,"11,90"
31/07/2020,30/07/2020,0400 UTC,01:00,"12,20"
31/07/2020,30/07/2020,0500 UTC,02:00,"12,30"
31/07/2020,30/07/2020,0600 UTC,03:00,"12,40"
31/07/2020,30/07/2020,0700 UTC,04:00,"12,30"
31/07/2020,30/07/2020,0800 UTC,05:00,"12,60"
31/07/2020,30/07/2020,0900 UTC,06:00,"12,80"
31/07/2020,30/07/2020,1000 UTC,07:00,"12,80"
31/07/2020,30/07/2020,1100 UTC,08:00,"13,40"
31/07/2020,30/07/2020,1200 UTC,09:00,"14,30"
31/07/2020,30/07/2020,1300 UTC,10:00,"16,50"
31/07/2020,30/07/2020,1400 UTC,11:00,"17,00"
31/07/2020,30/07/2020,1500 UTC,12:00,"18,00"
31/07/2020,30/07/2020,1600 UTC,13:00,"19,50"
31/07/2020,30/07/2020,1700 UTC,14:00,"20,10"
31/07/2020,30/07/2020,1800 UTC,15:00,"18,20"
31/07/2020,30/07/2020,1900 UTC,16:00,"18,80"
31/07/2020,30/07/2020,2000 UTC,17:00,"17,50"
31/07/2020,30/07/2020,2100 UTC,18:00,"15,10"
31/07/2020,30/07/2020,2200 UTC,19:00,"14,90"
31/07/2020,30/07/2020,2300 UTC,20:00,"15,10"
01/08/2020,31/07/2020,0000 UTC,21:00,"14,80"
01/08/2020,31/07/2020,0100 UTC,22:00,"14,70"
01/08/2020,31/07/2020,0200 UTC,23:00,"13,10"
01/08/2020,31/07/2020,0300 UTC,00:00,"12,80"
01/08/2020,31/07/2020,0400 UTC,01:00,"12,60"
01/08/2020,31/07/2020,0500 UTC,02:00,"12,80"
01/08/2020,31/07/2020,0600 UTC,03:00,"13,30"
01/08/2020,31/07/2020,0700 UTC,04:00,"12,10"
01/08/2020,31/07/2020,0800 UTC,05:00,"13,40"
01/08/2020,31/07/2020,0900 UTC,06:00,"12,80"
01/08/2020,31/07/2020,1000 UTC,07:00,"12,80"
01/08/2020,31/07/2020,1100 UTC,08:00,"14,20"
01/08/2020,31/07/2020,1200 UTC,09:00,"17,00"
01/08/2020,31/07/2020,1300 UTC,10:00,"18,40"
01/08/2020,31/07/2020,1400 UTC,11:00,"19,80"
01/08/2020,31/07/2020,1500 UTC,12:00,"21,40"
01/08/2020,31/07/2020,1600 UTC,13:00,"21,20"
01/08/2020,31/07/2020,1700 UTC,14:00,"21,80"
01/08/2020,31/07/2020,1800 UTC,15:00,"21,60"
01/08/2020,31/07/2020,1900 UTC,16:00,"20,20"
01/08/2020,31/07/2020,2000 UTC,17:00,"18,60"
01/08/2020,31/07/2020,2100 UTC,18:00,"16,30"
01/08/2020,31/07/2020,2200 UTC,19:00,"14,80"
01/08/2020,31/07/2020,2300 UTC,20:00,"14,30"
02/08/2020,01/08/2020,0000 UTC,21:00,"14,60"
02/08/2020,01/08/2020,0100 UTC,22:00,"14,80"
02/08/2020,01/08/2020,0200 UTC,23:00,"15,00"
02/08/2020,01/08/2020,0300 UTC,00:00,"14,60"
02/08/2020,01/08/2020,0400 UTC,01:00,"14,70"
02/08/2020,01/08/2020,0500 UTC,02:00,"14,70"
02/08/2020,01/08/2020,0600 UTC,03:00,"14,00"
02/08/2020,01/08/2020,0700 UTC,04:00,"13,60"
02/08/2020,01/08/2020,0800 UTC,05:00,"12,90"
02/08/2020,01/08/2020,0900 UTC,06:00,"13,60"
02/08/2020,01/08/2020,1000 UTC,07:00,"13,00"
02/08/2020,01/08/2020,1100 UTC,08:00,"14,10"
02/08/2020,01/08/2020,1200 UTC,09:00,"16,40"
02/08/2020,01/08/2020,1300 UTC,10:00,"17,40"
02/08/2020,01/08/2020,1400 UTC,11:00,"19,50"
02/08/2020,01/08/2020,1500 UTC,12:00,"20,20"
02/08/2020,01/08/2020,1600 UTC,13:00,"22,30"
02/08/2020,01/08/2020,1700 UTC,14:00,"22,70"
02/08/2020,01/08/2020,1800 UTC,15:00,"22,10"
02/08/2020,01/08/2020,1900 UTC,16:00,"20,40"
02/08/2020,01/08/2020,2000 UTC,17:00,"18,80"
02/08/2020,01/08/2020,2100 UTC,18:00,"16,50"
02/08/2020,01/08/2020,2200 UTC,19:00,"15,30"
02/08/2020,01/08/2020,2300 UTC,20:00,"14,80"
03/08/2020,02/08/2020,0000 UTC,21:00,"14,40"
03/08/2020,02/08/2020,0100 UTC,22:00,"14,40"
03/08/2020,02/08/2020,0200 UTC,23:00,"14,10"
03/08/2020,02/08/2020,0300 UTC,00:00,"13,00"
03/08/2020,02/08/2020,0400 UTC,01:00,"13,30"
03/08/2020,02/08/2020,0500 UTC,02:00,"12,20"
03/08/2020,02/08/2020,0600 UTC,03:00,"11,80"
03/08/2020,02/08/2020,0700 UTC,04:00,"10,90"
03/08/2020,02/08/2020,0800 UTC,05:00,"10,40"
03/08/2020,02/08/2020,0900 UTC,06:00,"9,90"
03/08/2020,02/08/2020,1000 UTC,07:00,"8,20"
03/08/2020,02/08/2020,1100 UTC,08:00,"9,80"
03/08/2020,02/08/2020,1200 UTC,09:00,"13,10"
03/08/2020,02/08/2020,1300 UTC,10:00,"16,80"
03/08/2020,02/08/2020,1400 UTC,11:00,"19,10"
03/08/2020,02/08/2020,1500 UTC,12:00,"20,70"
03/08/2020,02/08/2020,1600 UTC,13:00,"21,70"
03/08/2020,02/08/2020,1700 UTC,14:00,"22,10"
03/08/2020,02/08/2020,1800 UTC,15:00,"22,40"
03/08/2020,02/08/2020,1900 UTC,16:00,"21,90"
03/08/2020,02/08/2020,2000 UTC,17:00,"20,80"
03/08/2020,02/08/2020,2100 UTC,18:00,"17,60"
03/08/2020,02/08/2020,2200 UTC,19:00,"15,30"
03/08/2020,02/08/2020,2300 UTC,20:00,"14,40"
04/08/2020,03/08/2020,0000 UTC,21:00,"13,70"
04/08/2020,03/08/2020,0100 UTC,22:00,"12,90"
04/08/2020,03/08/2020,0200 UTC,23:00,"12,20"
04/08/2020,03/08/2020,0300 UTC,00:00,"12,30"
04/08/2020,03/08/2020,0400 UTC,01:00,"11,90"
04/08/2020,03/08/2020,0500 UTC,02:00,"10,10"
04/08/2020,03/08/2020,0600 UTC,03:00,"9,50"
04/08/2020,03/08/2020,0700 UTC,04:00,"9,60"
04/08/2020,03/08/2020,0800 UTC,05:00,"9,50"
04/08/2020,03/08/2020,0900 UTC,06:00,"8,80"
04/08/2020,03/08/2020,1000 UTC,07:00,"7,30"
04/08/2020,03/08/2020,1100 UTC,08:00,"10,40"
04/08/2020,03/08/2020,1200 UTC,09:00,"14,40"
04/08/2020,03/08/2020,1300 UTC,10:00,"17,30"
04/08/2020,03/08/2020,1400 UTC,11:00,"20,60"
04/08/2020,03/08/2020,1500 UTC,12:00,"22,50"
04/08/2020,03/08/2020,1600 UTC,13:00,"23,70"
04/08/2020,03/08/2020,1700 UTC,14:00,"23,90"
04/08/2020,03/08/2020,1800 UTC,15:00,"23,80"
04/08/2020,03/08/2020,1900 UTC,16:00,"22,10"
04/08/2020,03/08/2020,2000 UTC,17:00,"19,70"
04/08/2020,03/08/2020,2100 UTC,18:00,"16,10"
04/08/2020,03/08/2020,2200 UTC,19:00,"14,60"
04/08/2020,03/08/2020,2300 UTC,20:00,"14,40"
05/08/2020,04/08/2020,0000 UTC,21:00,"13,80"
05/08/2020,04/08/2020,0100 UTC,22:00,"13,70"
05/08/2020,04/08/2020,0200 UTC,23:00,"13,10"
05/08/2020,04/08/2020,0300 UTC,00:00,"13,30"
05/08/2020,04/08/2020,0400 UTC,01:00,"13,00"
05/08/2020,04/08/2020,0500 UTC,02:00,"12,20"
05/08/2020,04/08/2020,0600 UTC,03:00,"12,10"
05/08/2020,04/08/2020,0700 UTC,04:00,"11,70"
05/08/2020,04/08/2020,0800 UTC,05:00,"11,20"
05/08/2020,04/08/2020,0900 UTC,06:00,"10,10"
05/08/2020,04/08/2020,1000 UTC,07:00,"9,50"
05/08/2020,04/08/2020,1100 UTC,08:00,"12,20"
05/08/2020,04/08/2020,1200 UTC,09:00,"15,10"
05/08/2020,04/08/2020,1300 UTC,10:00,"17,80"
05/08/2020,04/08/2020,1400 UTC,11:00,"19,90"
05/08/2020,04/08/2020,1500 UTC,12:00,"22,20"
05/08/2020,04/08/2020,1600 UTC,13:00,"23,80"
05/08/2020,04/08/2020,1700 UTC,14:00,"24,40"
05/08/2020,04/08/2020,1800 UTC,15:00,"25,10"
05/08/2020,04/08/2020,1900 UTC,16:00,"22,50"
05/08/2020,04/08/2020,2000 UTC,17:00,"19,60"
05/08/2020,04/08/2020,2100 UTC,18:00,"16,20"
05/08/2020,04/08/2020,2200 UTC,19:00,"15,10"
05/08/2020,04/08/2020,2300 UTC,20:00,"14,30"
06/08/2020,05/08/2020,0000 UTC,21:00,"14,20"
06/08/2020,05/08/2020,0100 UTC,22:00,"13,90"
06/08/2020,05/08/2020,0200 UTC,23:00,"13,70"
06/08/2020,05/08/2020,0300 UTC,00:00,"13,40"
06/08/2020,05/08/2020,0400 UTC,01:00,"12,70"
06/08/2020,05/08/2020,0500 UTC,02:00,"11,90"
06/08/2020,05/08/2020,0600 UTC,03:00,"11,20"
06/08/2020,05/08/2020,0700 UTC,04:00,"10,70"
06/08/2020,05/08/2020,0800 UTC,05:00,"9,80"
06/08/2020,05/08/2020,0900 UTC,06:00,"10,20"
06/08/2020,05/08/2020,1000 UTC,07:00,"8,50"
06/08/2020,05/08/2020,1100 UTC,08:00,"9,50"
06/08/2020,05/08/2020,1200 UTC,09:00,"14,50"
06/08/2020,05/08/2020,1300 UTC,10:00,"17,70"
06/08/2020,05/08/2020,1400 UTC,11:00,"21,40"
06/08/2020,05/08/2020,1500 UTC,12:00,"22,90"
06/08/2020,05/08/2020,1600 UTC,13:00,"24,10"
06/08/2020,05/08/2020,1700 UTC,14:00,"24,00"
06/08/2020,05/08/2020,1800 UTC,15:00,"24,90"
06/08/2020,05/08/2020,1900 UTC,16:00,"24,70"
06/08/2020,05/08/2020,2000 UTC,17:00,"21,60"
06/08/2020,05/08/2020,2100 UTC,18:00,"18,10"
06/08/2020,05/08/2020,2200 UTC,19:00,"15,90"
06/08/2020,05/08/2020,2300 UTC,20:00,"14,90"
07/08/2020,06/08/2020,0000 UTC,21:00,"14,10"
07/08/2020,06/08/2020,0100 UTC,22:00,"13,70"
07/08/2020,06/08/2020,0200 UTC,23:00,"13,40"
07/08/2020,06/08/2020,0300 UTC,00:00,"12,60"
07/08/2020,06/08/2020,0400 UTC,01:00,"9,90"
07/08/2020,06/08/2020,0500 UTC,02:00,"9,60"
07/08/2020,06/08/2020,0600 UTC,03:00,"9,00"
07/08/2020,06/08/2020,0700 UTC,04:00,"9,60"
07/08/2020,06/08/2020,0800 UTC,05:00,"9,90"
07/08/2020,06/08/2020,0900 UTC,06:00,"9,40"
07/08/2020,06/08/2020,1000 UTC,07:00,"8,60"
07/08/2020,06/08/2020,1100 UTC,08:00,"10,10"
07/08/2020,06/08/2020,1200 UTC,09:00,"13,90"
07/08/2020,06/08/2020,1300 UTC,10:00,"17,70"
07/08/2020,06/08/2020,1400 UTC,11:00,"21,40"
07/08/2020,06/08/2020,1500 UTC,12:00,"22,80"
07/08/2020,06/08/2020,1600 UTC,13:00,"24,10"
07/08/2020,06/08/2020,1700 UTC,14:00,"24,60"
07/08/2020,06/08/2020,1800 UTC,15:00,"25,30"
07/08/2020,06/08/2020,1900 UTC,16:00,"25,00"
07/08/2020,06/08/2020,2000 UTC,17:00,"23,60"
07/08/2020,06/08/2020,2100 UTC,18:00,"19,10"
07/08/2020,06/08/2020,2200 UTC,19:00,"17,40"
07/08/2020,06/08/2020,2300 UTC,20:00,"16,10"
08/08/2020,07/08/2020,0000 UTC,21:00,"15,20"
08/08/2020,07/08/2020,0100 UTC,22:00,"14,80"
08/08/2020,07/08/2020,0200 UTC,23:00,"14,30"
08/08/2020,07/08/2020,0300 UTC,00:00,"14,30"
08/08/2020,07/08/2020,0400 UTC,01:00,"13,70"
08/08/2020,07/08/2020,0500 UTC,02:00,"12,40"
08/08/2020,07/08/2020,0600 UTC,03:00,"11,60"
08/08/2020,07/08/2020,0700 UTC,04:00,"11,10"
08/08/2020,07/08/2020,0800 UTC,05:00,"10,40"
08/08/2020,07/08/2020,0900 UTC,06:00,"9,70"
08/08/2020,07/08/2020,1000 UTC,07:00,"8,80"
08/08/2020,07/08/2020,1100 UTC,08:00,"11,40"
08/08/2020,07/08/2020,1200 UTC,09:00,"14,70"
08/08/2020,07/08/2020,1300 UTC,10:00,"19,40"
08/08/2020,07/08/2020,1400 UTC,11:00,"22,10"
08/08/2020,07/08/2020,1500 UTC,12:00,"23,00"
08/08/2020,07/08/2020,1600 UTC,13:00,"25,10"
08/08/2020,07/08/2020,1700 UTC,14:00,"25,90"
08/08/2020,07/08/2020,1800 UTC,15:00,"25,20"
08/08/2020,07/08/2020,1900 UTC,16:00,"23,40"
08/08/2020,07/08/2020,2000 UTC,17:00,"21,70"
08/08/2020,07/08/2020,2100 UTC,18:00,"18,40"
08/08/2020,07/08/2020,2200 UTC,19:00,"16,70"
08/08/2020,07/08/2020,2300 UTC,20:00,"15,80"
09/08/2020,08/08/2020,0000 UTC,21:00,"14,90"
09/08/2020,08/08/2020,0100 UTC,22:00,"14,80"
09/08/2020,08/08/2020,0200 UTC,23:00,"15,30"
09/08/2020,08/08/2020,0300 UTC,00:00,"15,00"
09/08/2020,08/08/2020,0400 UTC,01:00,"14,70"
09/08/2020,08/08/2020,0500 UTC,02:00,"14,20"
09/08/2020,08/08/2020,0600 UTC,03:00,"14,10"
09/08/2020,08/08/2020,0700 UTC,04:00,"13,20"
09/08/2020,08/08/2020,0800 UTC,05:00,"13,40"
09/08/2020,08/08/2020,0900 UTC,06:00,"12,50"
09/08/2020,08/08/2020,1000 UTC,07:00,"12,30"
09/08/2020,08/08/2020,1100 UTC,08:00,"14,50"
09/08/2020,08/08/2020,1200 UTC,09:00,"16,20"
09/08/2020,08/08/2020,1300 UTC,10:00,"20,00"
09/08/2020,08/08/2020,1400 UTC,11:00,"21,80"
09/08/2020,08/08/2020,1500 UTC,12:00,"23,50"
09/08/2020,08/08/2020,1600 UTC,13:00,"25,30"
09/08/2020,08/08/2020,1700 UTC,14:00,"24,10"
09/08/2020,08/08/2020,1800 UTC,15:00,"26,40"
09/08/2020,08/08/2020,1900 UTC,16:00,"25,70"
09/08/2020,08/08/2020,2000 UTC,17:00,"23,50"
09/08/2020,08/08/2020,2100 UTC,18:00,"20,60"
09/08/2020,08/08/2020,2200 UTC,19:00,"17,90"
09/08/2020,08/08/2020,2300 UTC,20:00,"16,40"
10/08/2020,09/08/2020,0000 UTC,21:00,"15,60"
10/08/2020,09/08/2020,0100 UTC,22:00,"14,40"
10/08/2020,09/08/2020,0200 UTC,23:00,"14,10"
10/08/2020,09/08/2020,0300 UTC,00:00,"14,50"
10/08/2020,09/08/2020,0400 UTC,01:00,"11,70"
10/08/2020,09/08/2020,0500 UTC,02:00,"11,10"
10/08/2020,09/08/2020,0600 UTC,03:00,"11,30"
10/08/2020,09/08/2020,0700 UTC,04:00,"10,80"
10/08/2020,09/08/2020,0800 UTC,05:00,"10,20"
10/08/2020,09/08/2020,0900 UTC,06:00,"9,80"
10/08/2020,09/08/2020,1000 UTC,07:00,"9,10"
10/08/2020,09/08/2020,1100 UTC,08:00,"10,20"
10/08/2020,09/08/2020,1200 UTC,09:00,"14,10"
10/08/2020,09/08/2020,1300 UTC,10:00,"20,60"
10/08/2020,09/08/2020,1400 UTC,11:00,"23,50"
10/08/2020,09/08/2020,1500 UTC,12:00,"25,70"
10/08/2020,09/08/2020,1600 UTC,13:00,"27,10"
10/08/2020,09/08/2020,1700 UTC,14:00,"27,90"
10/08/2020,09/08/2020,1800 UTC,15:00,"28,00"
10/08/2020,09/08/2020,1900 UTC,16:00,"26,10"
10/08/2020,09/08/2020,2000 UTC,17:00,"26,20"
10/08/2020,09/08/2020,2100 UTC,18:00,"23,50"
10/08/2020,09/08/2020,2200 UTC,19:00,"21,50"
10/08/2020,09/08/2020,2300 UTC,20:00,"21,30"
11/08/2020,10/08/2020,0000 UTC,21:00,"19,70"
11/08/2020,10/08/2020,0100 UTC,22:00,"15,10"
11/08/2020,10/08/2020,0200 UTC,23:00,"13,60"
11/08/2020,10/08/2020,0300 UTC,00:00,"12,40"
11/08/2020,10/08/2020,0400 UTC,01:00,"11,40"
11/08/2020,10/08/2020,0500 UTC,02:00,"11,50"
11/08/2020,10/08/2020,0600 UTC,03:00,"10,70"
11/08/2020,10/08/2020,0700 UTC,04:00,"10,00"
11/08/2020,10/08/2020,0800 UTC,05:00,"9,40"
11/08/2020,10/08/2020,0900 UTC,06:00,"9,00"
11/08/2020,10/08/2020,1000 UTC,07:00,"9,40"
11/08/2020,10/08/2020,1100 UTC,08:00,"11,20"
11/08/2020,10/08/2020,1200 UTC,09:00,"16,70"
11/08/2020,10/08/2020,1300 UTC,10:00,"19,20"
11/08/2020,10/08/2020,1400 UTC,11:00,"22,70"
11/08/2020,10/08/2020,1500 UTC,12:00,"25,40"
11/08/2020,10/08/2020,1600 UTC,13:00,"26,10"
11/08/2020,10/08/2020,1700 UTC,14:00,"28,40"
11/08/2020,10/08/2020,1800 UTC,15:00,"27,10"
11/08/2020,10/08/2020,1900 UTC,16:00,"27,20"
11/08/2020,10/08/2020,2000 UTC,17:00,"26,30"
11/08/2020,10/08/2020,2100 UTC,18:00,"24,10"
11/08/2020,10/08/2020,2200 UTC,19:00,"22,10"
11/08/2020,10/08/2020,2300 UTC,20:00,"20,20"
12/08/2020,11/08/2020,0000 UTC,21:00,"15,80"
12/08/2020,11/08/2020,0100 UTC,22:00,"15,50"
12/08/2020,11/08/2020,0200 UTC,23:00,"15,20"
12/08/2020,11/08/2020,0300 UTC,00:00,"15,10"
12/08/2020,11/08/2020,0400 UTC,01:00,"15,00"
12/08/2020,11/08/2020,0500 UTC,02:00,"14,90"
12/08/2020,11/08/2020,0600 UTC,03:00,"15,00"
12/08/2020,11/08/2020,0700 UTC,04:00,"14,80"
12/08/2020,11/08/2020,0800 UTC,05:00,"14,60"
12/08/2020,11/08/2020,0900 UTC,06:00,"14,40"
12/08/2020,11/08/2020,1000 UTC,07:00,"14,30"
12/08/2020,11/08/2020,1100 UTC,08:00,"14,90"
12/08/2020,11/08/2020,1200 UTC,09:00,"18,00"
12/08/2020,11/08/2020,1300 UTC,10:00,"21,10"
12/08/2020,11/08/2020,1400 UTC,11:00,"24,60"
12/08/2020,11/08/2020,1500 UTC,12:00,"26,60"
12/08/2020,11/08/2020,1600 UTC,13:00,"28,10"
12/08/2020,11/08/2020,1700 UTC,14:00,"28,40"
12/08/2020,11/08/2020,1800 UTC,15:00,"28,30"
12/08/2020,11/08/2020,1900 UTC,16:00,"27,40"
12/08/2020,11/08/2020,2000 UTC,17:00,"26,50"
12/08/2020,11/08/2020,2100 UTC,18:00,"17,30"
12/08/2020,11/08/2020,2200 UTC,19:00,"16,30"
12/08/2020,11/08/2020,2300 UTC,20:00,"16,10"
13/08/2020,12/08/2020,0000 UTC,21:00,"16,20"
13/08/2020,12/08/2020,0100 UTC,22:00,"16,00"
13/08/2020,12/08/2020,0200 UTC,23:00,"15,90"
13/08/2020,12/08/2020,0300 UTC,00:00,"15,50"
13/08/2020,12/08/2020,0400 UTC,01:00,"15,20"
13/08/2020,12/08/2020,0500 UTC,02:00,"14,80"
13/08/2020,12/08/2020,0600 UTC,03:00,"14,50"
13/08/2020,12/08/2020,0700 UTC,04:00,"14,00"
13/08/2020,12/08/2020,0800 UTC,05:00,"14,00"
13/08/2020,12/08/2020,0900 UTC,06:00,"14,30"
13/08/2020,12/08/2020,1000 UTC,07:00,"14,30"
13/08/2020,12/08/2020,1100 UTC,08:00,"15,30"
13/08/2020,12/08/2020,1200 UTC,09:00,"17,80"
13/08/2020,12/08/2020,1300 UTC,10:00,"19,80"
13/08/2020,12/08/2020,1400 UTC,11:00,"23,50"
13/08/2020,12/08/2020,1500 UTC,12:00,"25,50"
13/08/2020,12/08/2020,1600 UTC,13:00,"26,80"
13/08/2020,12/08/2020,1700 UTC,14:00,"27,50"
13/08/2020,12/08/2020,1800 UTC,15:00,"27,90"
13/08/2020,12/08/2020,1900 UTC,16:00,"21,70"
13/08/2020,12/08/2020,2000 UTC,17:00,"18,30"
13/08/2020,12/08/2020,2100 UTC,18:00,"18,40"
13/08/2020,12/08/2020,2200 UTC,19:00,"17,40"
13/08/2020,12/08/2020,2300 UTC,20:00,"17,00"
14/08/2020,13/08/2020,0000 UTC,21:00,"16,40"
14/08/2020,13/08/2020,0100 UTC,22:00,"16,20"
14/08/2020,13/08/2020,0200 UTC,23:00,"16,10"
14/08/2020,13/08/2020,0300 UTC,00:00,"15,50"
14/08/2020,13/08/2020,0400 UTC,01:00,"15,10"
14/08/2020,13/08/2020,0500 UTC,02:00,"14,30"
14/08/2020,13/08/2020,0600 UTC,03:00,"14,10"
14/08/2020,13/08/2020,0700 UTC,04:00,"14,50"
14/08/2020,13/08/2020,0800 UTC,05:00,"16,30"
14/08/2020,13/08/2020,0900 UTC,06:00,"16,50"
14/08/2020,13/08/2020,1000 UTC,07:00,"16,30"
14/08/2020,13/08/2020,1100 UTC,08:00,"17,50"
14/08/2020,13/08/2020,1200 UTC,09:00,"19,00"
14/08/2020,13/08/2020,1300 UTC,10:00,"20,90"
14/08/2020,13/08/2020,1400 UTC,11:00,"20,50"
14/08/2020,13/08/2020,1500 UTC,12:00,"20,20"
14/08/2020,13/08/2020,1600 UTC,13:00,"22,30"
14/08/2020,13/08/2020,1700 UTC,14:00,"25,50"
14/08/2020,13/08/2020,1800 UTC,15:00,"26,80"
14/08/2020,13/08/2020,1900 UTC,16:00,"25,70"
14/08/2020,13/08/2020,2000 UTC,17:00,"24,60"
14/08/2020,13/08/2020,2100 UTC,18:00,"21,70"
14/08/2020,13/08/2020,2200 UTC,19:00,"20,40"
14/08/2020,13/08/2020,2300 UTC,20:00,"20,30"
15/08/2020,14/08/2020,0000 UTC,21:00,"18,40"
15/08/2020,14/08/2020,0100 UTC,22:00,"18,40"
15/08/2020,14/08/2020,0200 UTC,23:00,"19,80"
15/08/2020,14/08/2020,0300 UTC,00:00,"19,90"
15/08/2020,14/08/2020,0400 UTC,01:00,"20,50"
15/08/2020,14/08/2020,0500 UTC,02:00,"19,80"
15/08/2020,14/08/2020,0600 UTC,03:00,"19,80"
15/08/2020,14/08/2020,0700 UTC,04:00,"18,80"
15/08/2020,14/08/2020,0800 UTC,05:00,"18,50"
15/08/2020,14/08/2020,0900 UTC,06:00,"18,60"
15/08/2020,14/08/2020,1000 UTC,07:00,"20,40"
15/08/2020,14/08/2020,1100 UTC,08:00,"17,30"
15/08/2020,14/08/2020,1200 UTC,09:00,"16,90"
15/08/2020,14/08/2020,1300 UTC,10:00,"16,50"
15/08/2020,14/08/2020,1400 UTC,11:00,"17,70"
15/08/2020,14/08/2020,1500 UTC,12:00,"17,70"
15/08/2020,14/08/2020,1600 UTC,13:00,"17,30"
15/08/2020,14/08/2020,1700 UTC,14:00,"19,10"
15/08/2020,14/08/2020,1800 UTC,15:00,"19,80"
15/08/2020,14/08/2020,1900 UTC,16:00,"19,60"
15/08/2020,14/08/2020,2000 UTC,17:00,"18,90"
15/08/2020,14/08/2020,2100 UTC,18:00,"17,90"
15/08/2020,14/08/2020,2200 UTC,19:00,"17,20"
15/08/2020,14/08/2020,2300 UTC,20:00,"16,80"
16/08/2020,15/08/2020,0000 UTC,21:00,"16,60"
16/08/2020,15/08/2020,0100 UTC,22:00,"16,50"
16/08/2020,15/08/2020,0200 UTC,23:00,"16,30"
16/08/2020,15/08/2020,0300 UTC,00:00,"16,60"
16/08/2020,15/08/2020,0400 UTC,01:00,"15,20"
16/08/2020,15/08/2020,0500 UTC,02:00,"15,10"
16/08/2020,15/08/2020,0600 UTC,03:00,"15,40"
16/08/2020,15/08/2020,0700 UTC,04:00,"15,20"
16/08/2020,15/08/2020,0800 UTC,05:00,"15,30"
16/08/2020,15/08/2020,0900 UTC,06:00,"15,30"
16/08/2020,15/08/2020,1000 UTC,07:00,"15,60"
16/08/2020,15/08/2020,1100 UTC,08:00,"15,80"
16/08/2020,15/08/2020,1200 UTC,09:00,"16,10"
16/08/2020,15/08/2020,1300 UTC,10:00,"16,70"
16/08/2020,15/08/2020,1400 UTC,11:00,"17,60"
16/08/2020,15/08/2020,1500 UTC,12:00,"18,30"
16/08/2020,15/08/2020,1600 UTC,13:00,"17,70"
16/08/2020,15/08/2020,1700 UTC,14:00,"17,90"
16/08/2020,15/08/2020,1800 UTC,15:00,"18,40"
16/08/2020,15/08/2020,1900 UTC,16:00,"18,30"
16/08/2020,15/08/2020,2000 UTC,17:00,"18,00"
16/08/2020,15/08/2020,2100 UTC,18:00,"17,50"
16/08/2020,15/08/2020,2200 UTC,19:00,"17,10"
16/08/2020,15/08/2020,2300 UTC,20:00,"16,80"
17/08/2020,16/08/2020,0000 UTC,21:00,"16,60"
17/08/2020,16/08/2020,0100 UTC,22:00,"16,70"
17/08/2020,16/08/2020,0200 UTC,23:00,"16,80"
17/08/2020,16/08/2020,0300 UTC,00:00,"16,70"
17/08/2020,16/08/2020,0400 UTC,01:00,"16,60"
17/08/2020,16/08/2020,0500 UTC,02:00,"16,70"
17/08/2020,16/08/2020,0600 UTC,03:00,"16,70"
17/08/2020,16/08/2020,0700 UTC,04:00,"16,90"
17/08/2020,16/08/2020,0800 UTC,05:00,"16,60"
17/08/2020,16/08/2020,0900 UTC,06:00,"16,80"
17/08/2020,16/08/2020,1000 UTC,07:00,"16,10"
17/08/2020,16/08/2020,1100 UTC,08:00,"17,00"
17/08/2020,16/08/2020,1200 UTC,09:00,"17,50"
17/08/2020,16/08/2020,1300 UTC,10:00,"18,70"
17/08/2020,16/08/2020,1400 UTC,11:00,"18,60"
17/08/2020,16/08/2020,1500 UTC,12:00,"19,60"
17/08/2020,16/08/2020,1600 UTC,13:00,"19,20"
17/08/2020,16/08/2020,1700 UTC,14:00,"19,70"
17/08/2020,16/08/2020,1800 UTC,15:00,"19,60"
17/08/2020,16/08/2020,1900 UTC,16:00,"19,20"
17/08/2020,16/08/2020,2000 UTC,17:00,"18,40"
17/08/2020,16/08/2020,2100 UTC,18:00,"17,90"
17/08/2020,16/08/2020,2200 UTC,19:00,"17,40"
17/08/2020,16/08/2020,2300 UTC,20:00,"17,30"
18/08/2020,17/08/2020,0000 UTC,21:00,"17,30"
18/08/2020,17/08/2020,0100 UTC,22:00,"17,00"
18/08/2020,17/08/2020,0200 UTC,23:00,"16,70"
18/08/2020,17/08/2020,0300 UTC,00:00,"16,30"
18/08/2020,17/08/2020,0400 UTC,01:00,"16,30"
18/08/2020,17/08/2020,0500 UTC,02:00,
18/08/2020,17/08/2020,0600 UTC,03:00,
18/08/2020,17/08/2020,0700 UTC,04:00,
18/08/2020,17/08/2020,0800 UTC,05:00,
18/08/2020,17/08/2020,0900 UTC,06:00,
18/08/2020,17/08/2020,1000 UTC,07:00,
18/08/2020,17/08/2020,1100 UTC,08:00,"16,70"
18/08/2020,17/08/2020,1200 UTC,09:00,"17,50"
18/08/2020,17/08/2020,1300 UTC,10:00,"19,40"
18/08/2020,17/08/2020,1400 UTC,11:00,"19,70"
18/08/2020,17/08/2020,1500 UTC,12:00,"19,60"
18/08/2020,17/08/2020,1600 UTC,13:00,"18,00"
18/08/2020,17/08/2020,1700 UTC,14:00,"18,50"
18/08/2020,17/08/2020,1800 UTC,15:00,"17,50"
18/08/2020,17/08/2020,1900 UTC,16:00,"17,70"
18/08/2020,17/08/2020,2000 UTC,17:00,"18,20"
18/08/2020,17/08/2020,2100 UTC,18:00,"17,40"
18/08/2020,17/08/2020,2200 UTC,19:00,"17,10"
18/08/2020,17/08/2020,2300 UTC,20:00,"17,00"
19/08/2020,18/08/2020,0000 UTC,21:00,"16,90"
19/08/2020,18/08/2020,0100 UTC,22:00,"16,90"
19/08/2020,18/08/2020,0200 UTC,23:00,"17,20"
19/08/2020,18/08/2020,0300 UTC,00:00,"16,40"
19/08/2020,18/08/2020,0400 UTC,01:00,
19/08/2020,18/08/2020,0500 UTC,02:00,
19/08/2020,18/08/2020,0600 UTC,03:00,
19/08/2020,18/08/2020,0700 UTC,04:00,
19/08/2020,18/08/2020,0800 UTC,05:00,
19/08/2020,18/08/2020,0900 UTC,06:00,
19/08/2020,18/08/2020,1000 UTC,07:00,"15,50"
19/08/2020,18/08/2020,1100 UTC,08:00,"16,40"
19/08/2020,18/08/2020,1200 UTC,09:00,"18,10"
19/08/2020,18/08/2020,1300 UTC,10:00,"17,40"
19/08/2020,18/08/2020,1400 UTC,11:00,"17,30"
19/08/2020,18/08/2020,1500 UTC,12:00,"19,30"
19/08/2020,18/08/2020,1600 UTC,13:00,"18,90"
19/08/2020,18/08/2020,1700 UTC,14:00,"20,90"
19/08/2020,18/08/2020,1800 UTC,15:00,"20,80"
19/08/2020,18/08/2020,1900 UTC,16:00,"19,20"
19/08/2020,18/08/2020,2000 UTC,17:00,"17,70"
19/08/2020,18/08/2020,2100 UTC,18:00,"16,10"
19/08/2020,18/08/2020,2200 UTC,19:00,"15,80"
19/08/2020,18/08/2020,2300 UTC,20:00,"15,00"
20/08/2020,19/08/2020,0000 UTC,21:00,"14,90"
20/08/2020,19/08/2020,0100 UTC,22:00,"14,80"
20/08/2020,19/08/2020,0200 UTC,23:00,"14,30"
20/08/2020,19/08/2020,0300 UTC,00:00,"14,70"
20/08/2020,19/08/2020,0400 UTC,01:00,"14,20"
20/08/2020,19/08/2020,0500 UTC,02:00,"14,20"
20/08/2020,19/08/2020,0600 UTC,03:00,"14,40"
20/08/2020,19/08/2020,0700 UTC,04:00,"14,80"
20/08/2020,19/08/2020,0800 UTC,05:00,"14,30"
20/08/2020,19/08/2020,0900 UTC,06:00,"14,10"
20/08/2020,19/08/2020,1000 UTC,07:00,"14,20"
20/08/2020,19/08/2020,1100 UTC,08:00,"14,30"
20/08/2020,19/08/2020,1200 UTC,09:00,"14,40"
20/08/2020,19/08/2020,1300 UTC,10:00,"14,60"
20/08/2020,19/08/2020,1400 UTC,11:00,"14,40"
20/08/2020,19/08/2020,1500 UTC,12:00,"14,40"
20/08/2020,19/08/2020,1600 UTC,13:00,"13,70"
20/08/2020,19/08/2020,1700 UTC,14:00,"12,90"
20/08/2020,19/08/2020,1800 UTC,15:00,"12,50"
20/08/2020,19/08/2020,1900 UTC,16:00,"11,90"
20/08/2020,19/08/2020,2000 UTC,17:00,"11,40"
20/08/2020,19/08/2020,2100 UTC,18:00,"11,20"
20/08/2020,19/08/2020,2200 UTC,19:00,"10,90"
20/08/2020,19/08/2020,2300 UTC,20:00,"10,80"
21/08/2020,20/08/2020,0000 UTC,21:00,"10,70"
21/08/2020,20/08/2020,0100 UTC,22:00,"10,80"
21/08/2020,20/08/2020,0200 UTC,23:00,"10,40"
21/08/2020,20/08/2020,0300 UTC,00:00,"10,20"
21/08/2020,20/08/2020,0400 UTC,01:00,"10,10"
21/08/2020,20/08/2020,0500 UTC,02:00,"10,10"
21/08/2020,20/08/2020,0600 UTC,03:00,"10,00"
21/08/2020,20/08/2020,0700 UTC,04:00,"9,70"
21/08/2020,20/08/2020,0800 UTC,05:00,"9,40"
21/08/2020,20/08/2020,0900 UTC,06:00,"9,00"
21/08/2020,20/08/2020,1000 UTC,07:00,"8,80"
21/08/2020,20/08/2020,1100 UTC,08:00,"8,50"
21/08/2020,20/08/2020,1200 UTC,09:00,"8,50"
21/08/2020,20/08/2020,1300 UTC,10:00,"8,40"
21/08/2020,20/08/2020,1400 UTC,11:00,"8,50"
21/08/2020,20/08/2020,1500 UTC,12:00,"8,40"
21/08/2020,20/08/2020,1600 UTC,13:00,"8,40"
21/08/2020,20/08/2020,1700 UTC,14:00,"8,30"
21/08/2020,20/08/2020,1800 UTC,15:00,"8,30"
21/08/2020,20/08/2020,1900 UTC,16:00,"7,30"
21/08/2020,20/08/2020,2000 UTC,17:00,"6,70"
21/08/2020,20/08/2020,2100 UTC,18:00,"6,10"
21/08/2020,20/08/2020,2200 UTC,19:00,"5,90"
21/08/2020,20/08/2020,2300 UTC,20:00,"5,80"
22/08/2020,21/08/2020,0000 UTC,21:00,"5,50"
22/08/2020,21/08/2020,0100 UTC,22:00,"5,60"
22/08/2020,21/08/2020,0200 UTC,23:00,"6,20"
22/08/2020,21/08/2020,0300 UTC,00:00,"6,60"
22/08/2020,21/08/2020,0400 UTC,01:00,"7,00"
22/08/2020,21/08/2020,0500 UTC,02:00,"7,40"
22/08/2020,21/08/2020,0600 UTC,03:00,"7,50"
22/08/2020,21/08/2020,0700 UTC,04:00,"7,30"
22/08/2020,21/08/2020,0800 UTC,05:00,"7,40"
22/08/2020,21/08/2020,0900 UTC,06:00,"7,50"
22/08/2020,21/08/2020,1000 UTC,07:00,"7,70"
22/08/2020,21/08/2020,1100 UTC,08:00,"8,40"
22/08/2020,21/08/2020,1200 UTC,09:00,"9,60"
22/08/2020,21/08/2020,1300 UTC,10:00,"10,40"
22/08/2020,21/08/2020,1400 UTC,11:00,"11,00"
22/08/2020,21/08/2020,1500 UTC,12:00,"11,40"
22/08/2020,21/08/2020,1600 UTC,13:00,"11,60"
22/08/2020,21/08/2020,1700 UTC,14:00,"10,60"
22/08/2020,21/08/2020,1800 UTC,15:00,"10,80"
22/08/2020,21/08/2020,1900 UTC,16:00,"10,60"
22/08/2020,21/08/2020,2000 UTC,17:00,"9,80"
22/08/2020,21/08/2020,2100 UTC,18:00,"9,40"
22/08/2020,21/08/2020,2200 UTC,19:00,"9,70"
22/08/2020,21/08/2020,2300 UTC,20:00,"9,70"
23/08/2020,22/08/2020,0000 UTC,21:00,"10,10"
23/08/2020,22/08/2020,0100 UTC,22:00,"10,10"
23/08/2020,22/08/2020,0200 UTC,23:00,"10,30"
23/08/2020,22/08/2020,0300 UTC,00:00,"10,50"
23/08/2020,22/08/2020,0400 UTC,01:00,"10,20"
23/08/2020,22/08/2020,0500 UTC,02:00,"10,30"
23/08/2020,22/08/2020,0600 UTC,03:00,"10,60"
23/08/2020,22/08/2020,0700 UTC,04:00,"10,60"
23/08/2020,22/08/2020,0800 UTC,05:00,"10,60"
23/08/2020,22/08/2020,0900 UTC,06:00,"10,60"
23/08/2020,22/08/2020,1000 UTC,07:00,"11,00"
23/08/2020,22/08/2020,1100 UTC,08:00,"11,60"
23/08/2020,22/08/2020,1200 UTC,09:00,"12,50"
23/08/2020,22/08/2020,1300 UTC,10:00,"14,60"
23/08/2020,22/08/2020,1400 UTC,11:00,"16,90"
23/08/2020,22/08/2020,1500 UTC,12:00,"16,30"
23/08/2020,22/08/2020,1600 UTC,13:00,"17,50"
23/08/2020,22/08/2020,1700 UTC,14:00,"17,10"
23/08/2020,22/08/2020,1800 UTC,15:00,"16,30"
23/08/2020,22/08/2020,1900 UTC,16:00,"16,30"
23/08/2020,22/08/2020,2000 UTC,17:00,"15,10"
23/08/2020,22/08/2020,2100 UTC,18:00,"13,30"
23/08/2020,22/08/2020,2200 UTC,19:00,"13,10"
23/08/2020,22/08/2020,2300 UTC,20:00,"12,50"
24/08/2020,23/08/2020,0000 UTC,21:00,"12,40"
24/08/2020,23/08/2020,0100 UTC,22:00,"12,60"
24/08/2020,23/08/2020,0200 UTC,23:00,"12,50"
24/08/2020,23/08/2020,0300 UTC,00:00,"12,00"
24/08/2020,23/08/2020,0400 UTC,01:00,"12,30"
24/08/2020,23/08/2020,0500 UTC,02:00,"12,20"
24/08/2020,23/08/2020,0600 UTC,03:00,"12,50"
24/08/2020,23/08/2020,0700 UTC,04:00,"12,60"
24/08/2020,23/08/2020,0800 UTC,05:00,"11,90"
24/08/2020,23/08/2020,0900 UTC,06:00,"11,70"
24/08/2020,23/08/2020,1000 UTC,07:00,"12,60"
24/08/2020,23/08/2020,1100 UTC,08:00,"13,70"
24/08/2020,23/08/2020,1200 UTC,09:00,"14,50"
24/08/2020,23/08/2020,1300 UTC,10:00,"16,90"
24/08/2020,23/08/2020,1400 UTC,11:00,"18,10"
24/08/2020,23/08/2020,1500 UTC,12:00,"19,00"
24/08/2020,23/08/2020,1600 UTC,13:00,"19,50"
24/08/2020,23/08/2020,1700 UTC,14:00,"20,50"
24/08/2020,23/08/2020,1800 UTC,15:00,"19,30"
24/08/2020,23/08/2020,1900 UTC,16:00,"17,90"
24/08/2020,23/08/2020,2000 UTC,17:00,"17,80"
24/08/2020,23/08/2020,2100 UTC,18:00,"14,80"
24/08/2020,23/08/2020,2200 UTC,19:00,"13,20"
24/08/2020,23/08/2020,2300 UTC,20:00,"12,30"
25/08/2020,24/08/2020,0000 UTC,21:00,"11,60"
25/08/2020,24/08/2020,0100 UTC,22:00,"11,40"
25/08/2020,24/08/2020,0200 UTC,23:00,"12,00"
25/08/2020,24/08/2020,0300 UTC,00:00,"11,00"
25/08/2020,24/08/2020,0400 UTC,01:00,"11,20"
25/08/2020,24/08/2020,0500 UTC,02:00,"11,30"
25/08/2020,24/08/2020,0600 UTC,03:00,"11,60"
25/08/2020,24/08/2020,0700 UTC,04:00,"11,30"
25/08/2020,24/08/2020,0800 UTC,05:00,"11,10"
25/08/2020,24/08/2020,0900 UTC,06:00,"10,60"
25/08/2020,24/08/2020,1000 UTC,07:00,"11,50"
25/08/2020,24/08/2020,1100 UTC,08:00,"13,60"
25/08/2020,24/08/2020,1200 UTC,09:00,"16,00"
25/08/2020,24/08/2020,1300 UTC,10:00,"17,60"
25/08/2020,24/08/2020,1400 UTC,11:00,"16,80"
25/08/2020,24/08/2020,1500 UTC,12:00,"20,30"
25/08/2020,24/08/2020,1600 UTC,13:00,"20,90"
25/08/2020,24/08/2020,1700 UTC,14:00,"21,00"
25/08/2020,24/08/2020,1800 UTC,15:00,"20,00"
25/08/2020,24/08/2020,1900 UTC,16:00,"19,70"
25/08/2020,24/08/2020,2000 UTC,17:00,"18,50"
25/08/2020,24/08/2020,2100 UTC,18:00,"15,60"
25/08/2020,24/08/2020,2200 UTC,19:00,"13,90"
25/08/2020,24/08/2020,2300 UTC,20:00,"12,80"
26/08/2020,25/08/2020,0000 UTC,21:00,"11,70"
26/08/2020,25/08/2020,0100 UTC,22:00,"10,70"
26/08/2020,25/08/2020,0200 UTC,23:00,"10,30"
26/08/2020,25/08/2020,0300 UTC,00:00,"9,90"
26/08/2020,25/08/2020,0400 UTC,01:00,"9,50"
26/08/2020,25/08/2020,0500 UTC,02:00,"9,90"
26/08/2020,25/08/2020,0600 UTC,03:00,"9,40"
26/08/2020,25/08/2020,0700 UTC,04:00,"9,50"
26/08/2020,25/08/2020,0800 UTC,05:00,"9,30"
26/08/2020,25/08/2020,0900 UTC,06:00,"8,90"
26/08/2020,25/08/2020,1000 UTC,07:00,"9,10"
26/08/2020,25/08/2020,1100 UTC,08:00,"11,60"
26/08/2020,25/08/2020,1200 UTC,09:00,"14,60"
26/08/2020,25/08/2020,1300 UTC,10:00,"16,30"
26/08/2020,25/08/2020,1400 UTC,11:00,"18,30"
26/08/2020,25/08/2020,1500 UTC,12:00,"19,50"
26/08/2020,25/08/2020,1600 UTC,13:00,"22,50"
26/08/2020,25/08/2020,1700 UTC,14:00,"23,40"
26/08/2020,25/08/2020,1800 UTC,15:00,"23,90"
26/08/2020,25/08/2020,1900 UTC,16:00,"22,30"
26/08/2020,25/08/2020,2000 UTC,17:00,"19,90"
26/08/2020,25/08/2020,2100 UTC,18:00,"16,70"
26/08/2020,25/08/2020,2200 UTC,19:00,"14,80"
26/08/2020,25/08/2020,2300 UTC,20:00,"13,60"
27/08/2020,26/08/2020,0000 UTC,21:00,"13,00"
27/08/2020,26/08/2020,0100 UTC,22:00,"12,00"
27/08/2020,26/08/2020,0200 UTC,23:00,"11,20"
27/08/2020,26/08/2020,0300 UTC,00:00,"11,10"
27/08/2020,26/08/2020,0400 UTC,01:00,"11,50"
27/08/2020,26/08/2020,0500 UTC,02:00,"11,70"
27/08/2020,26/08/2020,0600 UTC,03:00,"12,00"
27/08/2020,26/08/2020,0700 UTC,04:00,"12,20"
27/08/2020,26/08/2020,0800 UTC,05:00,"12,10"
27/08/2020,26/08/2020,0900 UTC,06:00,"11,80"
27/08/2020,26/08/2020,1000 UTC,07:00,"11,80"
27/08/2020,26/08/2020,1100 UTC,08:00,"11,90"
27/08/2020,26/08/2020,1200 UTC,09:00,"13,10"
27/08/2020,26/08/2020,1300 UTC,10:00,"18,00"
27/08/2020,26/08/2020,1400 UTC,11:00,"21,80"
27/08/2020,26/08/2020,1500 UTC,12:00,"24,60"
27/08/2020,26/08/2020,1600 UTC,13:00,"26,70"
27/08/2020,26/08/2020,1700 UTC,14:00,"27,10"
27/08/2020,26/08/2020,1800 UTC,15:00,"27,40"
27/08/2020,26/08/2020,1900 UTC,16:00,"27,30"
27/08/2020,26/08/2020,2000 UTC,17:00,"25,00"
27/08/2020,26/08/2020,2100 UTC,18:00,"21,70"
27/08/2020,26/08/2020,2200 UTC,19:00,"18,80"
27/08/2020,26/08/2020,2300 UTC,20:00,"17,20"
28/08/2020,27/08/2020,0000 UTC,21:00,"15,90"
28/08/2020,27/08/2020,0100 UTC,22:00,"15,30"
28/08/2020,27/08/2020,0200 UTC,23:00,"14,90"
28/08/2020,27/08/2020,0300 UTC,00:00,"14,10"
28/08/2020,27/08/2020,0400 UTC,01:00,"13,20"
28/08/2020,27/08/2020,0500 UTC,02:00,"11,90"
28/08/2020,27/08/2020,0600 UTC,03:00,"11,40"
28/08/2020,27/08/2020,0700 UTC,04:00,"11,20"
28/08/2020,27/08/2020,0800 UTC,05:00,"10,30"
28/08/2020,27/08/2020,0900 UTC,06:00,"9,80"
28/08/2020,27/08/2020,1000 UTC,07:00,"10,00"
28/08/2020,27/08/2020,1100 UTC,08:00,"12,60"
28/08/2020,27/08/2020,1200 UTC,09:00,"14,50"
28/08/2020,27/08/2020,1300 UTC,10:00,"22,30"
28/08/2020,27/08/2020,1400 UTC,11:00,"25,00"
28/08/2020,27/08/2020,1500 UTC,12:00,"26,50"
28/08/2020,27/08/2020,1600 UTC,13:00,"28,60"
28/08/2020,27/08/2020,1700 UTC,14:00,"28,60"
28/08/2020,27/08/2020,1800 UTC,15:00,"29,10"
28/08/2020,27/08/2020,1900 UTC,16:00,"28,90"
28/08/2020,27/08/2020,2000 UTC,17:00,"28,60"
28/08/2020,27/08/2020,2100 UTC,18:00,"24,10"
28/08/2020,27/08/2020,2200 UTC,19:00,"23,10"
28/08/2020,27/08/2020,2300 UTC,20:00,"19,30"
29/08/2020,28/08/2020,0000 UTC,21:00,"17,70"
29/08/2020,28/08/2020,0100 UTC,22:00,"17,10"
29/08/2020,28/08/2020,0200 UTC,23:00,"16,70"
29/08/2020,28/08/2020,0300 UTC,00:00,"15,70"
29/08/2020,28/08/2020,0400 UTC,01:00,"14,80"
29/08/2020,28/08/2020,0500 UTC,02:00,"12,60"
29/08/2020,28/08/2020,0600 UTC,03:00,"12,70"
29/08/2020,28/08/2020,0700 UTC,04:00,"12,30"
29/08/2020,28/08/2020,0800 UTC,05:00,"11,80"
29/08/2020,28/08/2020,0900 UTC,06:00,"11,20"
29/08/2020,28/08/2020,1000 UTC,07:00,"11,10"
29/08/2020,28/08/2020,1100 UTC,08:00,"13,30"
29/08/2020,28/08/2020,1200 UTC,09:00,"18,10"
29/08/2020,28/08/2020,1300 UTC,10:00,"24,00"
29/08/2020,28/08/2020,1400 UTC,11:00,"25,90"
29/08/2020,28/08/2020,1500 UTC,12:00,"27,90"
29/08/2020,28/08/2020,1600 UTC,13:00,"28,70"
29/08/2020,28/08/2020,1700 UTC,14:00,"29,10"
29/08/2020,28/08/2020,1800 UTC,15:00,"29,40"
29/08/2020,28/08/2020,1900 UTC,16:00,"29,20"
29/08/2020,28/08/2020,2000 UTC,17:00,"28,70"
29/08/2020,28/08/2020,2100 UTC,18:00,"26,10"
29/08/2020,28/08/2020,2200 UTC,19:00,"24,80"
29/08/2020,28/08/2020,2300 UTC,20:00,"22,20"
30/08/2020,29/08/2020,0000 UTC,21:00,"20,00"
30/08/2020,29/08/2020,0100 UTC,22:00,"18,10"
30/08/2020,29/08/2020,0200 UTC,23:00,"16,90"
30/08/2020,29/08/2020,0300 UTC,00:00,"16,30"
30/08/2020,29/08/2020,0400 UTC,01:00,"16,30"
30/08/2020,29/08/2020,0500 UTC,02:00,"15,30"
30/08/2020,29/08/2020,0600 UTC,03:00,"13,00"
30/08/2020,29/08/2020,0700 UTC,04:00,"15,10"
30/08/2020,29/08/2020,0800 UTC,05:00,"13,10"
30/08/2020,29/08/2020,0900 UTC,06:00,"11,90"
30/08/2020,29/08/2020,1000 UTC,07:00,"13,20"
30/08/2020,29/08/2020,1100 UTC,08:00,"15,50"
30/08/2020,29/08/2020,1200 UTC,09:00,"21,50"
30/08/2020,29/08/2020,1300 UTC,10:00,"25,80"
30/08/2020,29/08/2020,1400 UTC,11:00,"28,40"
30/08/2020,29/08/2020,1500 UTC,12:00,"29,40"
30/08/2020,29/08/2020,1600 UTC,13:00,"30,50"
30/08/2020,29/08/2020,1700 UTC,14:00,"30,50"
30/08/2020,29/08/2020,1800 UTC,15:00,"31,50"
30/08/2020,29/08/2020,1900 UTC,16:00,"31,20"
30/08/2020,29/08/2020,2000 UTC,17:00,"29,90"
30/08/2020,29/08/2020,2100 UTC,18:00,"26,00"
30/08/2020,29/08/2020,2200 UTC,19:00,"20,90"
30/08/2020,29/08/2020,2300 UTC,20:00,"17,40"
31/08/2020,30/08/2020,0000 UTC,21:00,"16,90"
31/08/2020,30/08/2020,0100 UTC,22:00,"16,80"
31/08/2020,30/08/2020,0200 UTC,23:00,"16,60"
31/08/2020,30/08/2020,0300 UTC,00:00,"16,50"
31/08/2020,30/08/2020,0400 UTC,01:00,"16,60"
31/08/2020,30/08/2020,0500 UTC,02:00,"16,70"
31/08/2020,30/08/2020,0600 UTC,03:00,"16,50"
31/08/2020,30/08/2020,0700 UTC,04:00,"16,40"
31/08/2020,30/08/2020,0800 UTC,05:00,"16,30"
31/08/2020,30/08/2020,0900 UTC,06:00,"16,10"
31/08/2020,30/08/2020,1000 UTC,07:00,"16,30"
31/08/2020,30/08/2020,1100 UTC,08:00,"16,80"
31/08/2020,30/08/2020,1200 UTC,09:00,"17,70"
31/08/2020,30/08/2020,1300 UTC,10:00,"19,00"
31/08/2020,30/08/2020,1400 UTC,11:00,"21,30"
31/08/2020,30/08/2020,1500 UTC,12:00,"21,20"
31/08/2020,30/08/2020,1600 UTC,13:00,"21,10"
31/08/2020,30/08/2020,1700 UTC,14:00,"22,60"
31/08/2020,30/08/2020,1800 UTC,15:00,"20,40"
31/08/2020,30/08/2020,1900 UTC,16:00,"19,50"
31/08/2020,30/08/2020,2000 UTC,17:00,"18,70"
31/08/2020,30/08/2020,2100 UTC,18:00,"17,60"
31/08/2020,30/08/2020,2200 UTC,19:00,"17,00"
31/08/2020,30/08/2020,2300 UTC,20:00,"16,60"
01/09/2020,31/08/2020,0000 UTC,21:00,"16,60"
01/09/2020,31/08/2020,0100 UTC,22:00,"16,50"
01/09/2020,31/08/2020,0200 UTC,23:00,"16,60"
01/09/2020,31/08/2020,0300 UTC,00:00,"16,50"
01/09/2020,31/08/2020,0400 UTC,01:00,"16,60"
01/09/2020,31/08/2020,0500 UTC,02:00,"16,40"
01/09/2020,31/08/2020,0600 UTC,03:00,"16,20"
01/09/2020,31/08/2020,0700 UTC,04:00,"16,10"
01/09/2020,31/08/2020,0800 UTC,05:00,"16,30"
01/09/2020,31/08/2020,0900 UTC,06:00,"16,50"
01/09/2020,31/08/2020,1000 UTC,07:00,"16,90"
01/09/2020,31/08/2020,1100 UTC,08:00,"17,50"
01/09/2020,31/08/2020,1200 UTC,09:00,"18,00"
01/09/2020,31/08/2020,1300 UTC,10:00,"19,10"
01/09/2020,31/08/2020,1400 UTC,11:00,"19,40"
01/09/2020,31/08/2020,1500 UTC,12:00,"19,10"
01/09/2020,31/08/2020,1600 UTC,13:00,"19,10"
01/09/2020,31/08/2020,1700 UTC,14:00,"19,10"
01/09/2020,31/08/2020,1800 UTC,15:00,"20,20"
01/09/2020,31/08/2020,1900 UTC,16:00,"20,70"
01/09/2020,31/08/2020,2000 UTC,17:00,"19,30"
01/09/2020,31/08/2020,2100 UTC,18:00,"18,10"
01/09/2020,31/08/2020,2200 UTC,19:00,"17,50"
01/09/2020,31/08/2020,2300 UTC,20:00,"17,20"
02/09/2020,01/09/2020,0000 UTC,21:00,"17,30"
02/09/2020,01/09/2020,0100 UTC,22:00,"17,30"
02/09/2020,01/09/2020,0200 UTC,23:00,"17,20"
02/09/2020,01/09/2020,0300 UTC,00:00,"17,00"
02/09/2020,01/09/2020,0400 UTC,01:00,"16,90"
02/09/2020,01/09/2020,0500 UTC,02:00,"16,90"
02/09/2020,01/09/2020,0600 UTC,03:00,"17,00"
02/09/2020,01/09/2020,0700 UTC,04:00,"17,00"
02/09/2020,01/09/2020,0800 UTC,05:00,"16,90"
02/09/2020,01/09/2020,0900 UTC,06:00,"17,10"
02/09/2020,01/09/2020,1000 UTC,07:00,"17,20"
02/09/2020,01/09/2020,1100 UTC,08:00,"18,00"
02/09/2020,01/09/2020,1200 UTC,09:00,"18,80"
02/09/2020,01/09/2020,1300 UTC,10:00,"20,20"
02/09/2020,01/09/2020,1400 UTC,11:00,"21,30"
02/09/2020,01/09/2020,1500 UTC,12:00,"22,60"
02/09/2020,01/09/2020,1600 UTC,13:00,"23,70"
02/09/2020,01/09/2020,1700 UTC,14:00,"24,30"
02/09/2020,01/09/2020,1800 UTC,15:00,"23,50"
02/09/2020,01/09/2020,1900 UTC,16:00,"23,40"
02/09/2020,01/09/2020,2000 UTC,17:00,"20,00"
02/09/2020,01/09/2020,2100 UTC,18:00,"19,30"
02/09/2020,01/09/2020,2200 UTC,19:00,"18,60"
02/09/2020,01/09/2020,2300 UTC,20:00,"18,50"
03/09/2020,02/09/2020,0000 UTC,21:00,"18,20"
03/09/2020,02/09/2020,0100 UTC,22:00,"18,00"
03/09/2020,02/09/2020,0200 UTC,23:00,"17,70"
03/09/2020,02/09/2020,0300 UTC,00:00,"17,70"
03/09/2020,02/09/2020,0400 UTC,01:00,"17,30"
03/09/2020,02/09/2020,0500 UTC,02:00,"17,10"
03/09/2020,02/09/2020,0600 UTC,03:00,"16,80"
03/09/2020,02/09/2020,0700 UTC,04:00,"16,50"
03/09/2020,02/09/2020,0800 UTC,05:00,"16,10"
03/09/2020,02/09/2020,0900 UTC,06:00,"15,60"
03/09/2020,02/09/2020,1000 UTC,07:00,"15,30"
03/09/2020,02/09/2020,1100 UTC,08:00,"18,30"
03/09/2020,02/09/2020,1200 UTC,09:00,"22,30"
03/09/2020,02/09/2020,1300 UTC,10:00,"24,60"
03/09/2020,02/09/2020,1400 UTC,11:00,"25,40"
03/09/2020,02/09/2020,1500 UTC,12:00,"27,50"
03/09/2020,02/09/2020,1600 UTC,13:00,"28,90"
03/09/2020,02/09/2020,1700 UTC,14:00,"29,20"
03/09/2020,02/09/2020,1800 UTC,15:00,"29,70"
03/09/2020,02/09/2020,1900 UTC,16:00,"29,70"
03/09/2020,02/09/2020,2000 UTC,17:00,"29,00"
03/09/2020,02/09/2020,2100 UTC,18:00,"26,60"
03/09/2020,02/09/2020,2200 UTC,19:00,"25,30"
03/09/2020,02/09/2020,2300 UTC,20:00,"23,60"
04/09/2020,03/09/2020,0000 UTC,21:00,"22,60"
04/09/2020,03/09/2020,0100 UTC,22:00,"19,70"
04/09/2020,03/09/2020,0200 UTC,23:00,"16,70"
04/09/2020,03/09/2020,0300 UTC,00:00,"16,40"
04/09/2020,03/09/2020,0400 UTC,01:00,"15,30"
04/09/2020,03/09/2020,0500 UTC,02:00,"15,50"
04/09/2020,03/09/2020,0600 UTC,03:00,"14,00"
04/09/2020,03/09/2020,0700 UTC,04:00,"13,70"
04/09/2020,03/09/2020,0800 UTC,05:00,"13,50"
04/09/2020,03/09/2020,0900 UTC,06:00,"12,50"
04/09/2020,03/09/2020,1000 UTC,07:00,"14,00"
04/09/2020,03/09/2020,1100 UTC,08:00,"15,70"
04/09/2020,03/09/2020,1200 UTC,09:00,"22,00"
04/09/2020,03/09/2020,1300 UTC,10:00,"26,10"
04/09/2020,03/09/2020,1400 UTC,11:00,"28,10"
04/09/2020,03/09/2020,1500 UTC,12:00,"30,20"
04/09/2020,03/09/2020,1600 UTC,13:00,"31,60"
04/09/2020,03/09/2020,1700 UTC,14:00,"31,90"
04/09/2020,03/09/2020,1800 UTC,15:00,"31,90"
04/09/2020,03/09/2020,1900 UTC,16:00,"27,20"
04/09/2020,03/09/2020,2000 UTC,17:00,"21,00"
04/09/2020,03/09/2020,2100 UTC,18:00,"17,70"
04/09/2020,03/09/2020,2200 UTC,19:00,"16,60"
04/09/2020,03/09/2020,2300 UTC,20:00,"16,30"
05/09/2020,04/09/2020,0000 UTC,21:00,"16,10"
05/09/2020,04/09/2020,0100 UTC,22:00,"15,90"
05/09/2020,04/09/2020,0200 UTC,23:00,"15,80"
05/09/2020,04/09/2020,0300 UTC,00:00,"15,80"
05/09/2020,04/09/2020,0400 UTC,01:00,"15,70"
05/09/2020,04/09/2020,0500 UTC,02:00,"15,90"
05/09/2020,04/09/2020,0600 UTC,03:00,"15,80"
05/09/2020,04/09/2020,0700 UTC,04:00,"16,10"
05/09/2020,04/09/2020,0800 UTC,05:00,"16,10"
05/09/2020,04/09/2020,0900 UTC,06:00,"16,20"
05/09/2020,04/09/2020,1000 UTC,07:00,"16,30"
05/09/2020,04/09/2020,1100 UTC,08:00,"17,20"
05/09/2020,04/09/2020,1200 UTC,09:00,"19,30"
05/09/2020,04/09/2020,1300 UTC,10:00,"22,50"
05/09/2020,04/09/2020,1400 UTC,11:00,"24,60"
05/09/2020,04/09/2020,1500 UTC,12:00,"27,50"
05/09/2020,04/09/2020,1600 UTC,13:00,"28,10"
05/09/2020,04/09/2020,1700 UTC,14:00,"30,10"
05/09/2020,04/09/2020,1800 UTC,15:00,"31,00"
05/09/2020,04/09/2020,1900 UTC,16:00,"30,50"
05/09/2020,04/09/2020,2000 UTC,17:00,"28,70"
05/09/2020,04/09/2020,2100 UTC,18:00,"25,80"
05/09/2020,04/09/2020,2200 UTC,19:00,"21,80"
05/09/2020,04/09/2020,2300 UTC,20:00,"18,50"
06/09/2020,05/09/2020,0000 UTC,21:00,"18,20"
06/09/2020,05/09/2020,0100 UTC,22:00,"18,00"
06/09/2020,05/09/2020,0200 UTC,23:00,"17,60"
06/09/2020,05/09/2020,0300 UTC,00:00,"17,30"
06/09/2020,05/09/2020,0400 UTC,01:00,"17,00"
06/09/2020,05/09/2020,0500 UTC,02:00,"16,50"
06/09/2020,05/09/2020,0600 UTC,03:00,"16,20"
06/09/2020,05/09/2020,0700 UTC,04:00,"15,90"
06/09/2020,05/09/2020,0800 UTC,05:00,"15,70"
06/09/2020,05/09/2020,0900 UTC,06:00,"15,30"
06/09/2020,05/09/2020,1000 UTC,07:00,"15,30"
06/09/2020,05/09/2020,1100 UTC,08:00,"16,40"
06/09/2020,05/09/2020,1200 UTC,09:00,"20,90"
06/09/2020,05/09/2020,1300 UTC,10:00,"24,50"
06/09/2020,05/09/2020,1400 UTC,11:00,"28,20"
06/09/2020,05/09/2020,1500 UTC,12:00,"29,50"
06/09/2020,05/09/2020,1600 UTC,13:00,"29,90"
06/09/2020,05/09/2020,1700 UTC,14:00,"30,30"
06/09/2020,05/09/2020,1800 UTC,15:00,"30,80"
06/09/2020,05/09/2020,1900 UTC,16:00,"31,30"
06/09/2020,05/09/2020,2000 UTC,17:00,"30,80"
06/09/2020,05/09/2020,2100 UTC,18:00,"28,50"
06/09/2020,05/09/2020,2200 UTC,19:00,"19,60"
06/09/2020,05/09/2020,2300 UTC,20:00,"18,20"
07/09/2020,06/09/2020,0000 UTC,21:00,"18,30"
07/09/2020,06/09/2020,0100 UTC,22:00,"18,30"
07/09/2020,06/09/2020,0200 UTC,23:00,"18,10"
07/09/2020,06/09/2020,0300 UTC,00:00,"17,90"
07/09/2020,06/09/2020,0400 UTC,01:00,"17,50"
07/09/2020,06/09/2020,0500 UTC,02:00,"17,60"
07/09/2020,06/09/2020,0600 UTC,03:00,"17,50"
07/09/2020,06/09/2020,0700 UTC,04:00,"17,50"
07/09/2020,06/09/2020,0800 UTC,05:00,"17,50"
07/09/2020,06/09/2020,0900 UTC,06:00,"17,50"
07/09/2020,06/09/2020,1000 UTC,07:00,"17,50"
07/09/2020,06/09/2020,1100 UTC,08:00,"18,40"
07/09/2020,06/09/2020,1200 UTC,09:00,"19,90"
07/09/2020,06/09/2020,1300 UTC,10:00,"21,00"
07/09/2020,06/09/2020,1400 UTC,11:00,"22,80"
07/09/2020,06/09/2020,1500 UTC,12:00,"25,30"
07/09/2020,06/09/2020,1600 UTC,13:00,"26,50"
07/09/2020,06/09/2020,1700 UTC,14:00,"27,10"
07/09/2020,06/09/2020,1800 UTC,15:00,"25,80"
07/09/2020,06/09/2020,1900 UTC,16:00,"24,00"
07/09/2020,06/09/2020,2000 UTC,17:00,"21,40"
07/09/2020,06/09/2020,2100 UTC,18:00,"19,00"
07/09/2020,06/09/2020,2200 UTC,19:00,"18,60"
07/09/2020,06/09/2020,2300 UTC,20:00,"18,00"
08/09/2020,07/09/2020,0000 UTC,21:00,"17,40"
08/09/2020,07/09/2020,0100 UTC,22:00,"17,20"
08/09/2020,07/09/2020,0200 UTC,23:00,"17,10"
08/09/2020,07/09/2020,0300 UTC,00:00,"17,20"
08/09/2020,07/09/2020,0400 UTC,01:00,"17,10"
08/09/2020,07/09/2020,0500 UTC,02:00,"16,90"
08/09/2020,07/09/2020,0600 UTC,03:00,"16,80"
08/09/2020,07/09/2020,0700 UTC,04:00,"16,90"
08/09/2020,07/09/2020,0800 UTC,05:00,"16,60"
08/09/2020,07/09/2020,0900 UTC,06:00,"16,50"
08/09/2020,07/09/2020,1000 UTC,07:00,"16,60"
08/09/2020,07/09/2020,1100 UTC,08:00,"17,20"
08/09/2020,07/09/2020,1200 UTC,09:00,"18,50"
08/09/2020,07/09/2020,1300 UTC,10:00,"20,10"
08/09/2020,07/09/2020,1400 UTC,11:00,"22,00"
08/09/2020,07/09/2020,1500 UTC,12:00,"23,00"
08/09/2020,07/09/2020,1600 UTC,13:00,"24,20"
08/09/2020,07/09/2020,1700 UTC,14:00,"24,30"
08/09/2020,07/09/2020,1800 UTC,15:00,"23,50"
08/09/2020,07/09/2020,1900 UTC,16:00,"21,30"
08/09/2020,07/09/2020,2000 UTC,17:00,"19,80"
08/09/2020,07/09/2020,2100 UTC,18:00,"18,20"
08/09/2020,07/09/2020,2200 UTC,19:00,"17,70"
08/09/2020,07/09/2020,2300 UTC,20:00,"17,60"
09/09/2020,08/09/2020,0000 UTC,21:00,"17,70"
09/09/2020,08/09/2020,0100 UTC,22:00,"17,40"
09/09/2020,08/09/2020,0200 UTC,23:00,"17,30"
09/09/2020,08/09/2020,0300 UTC,00:00,"17,20"
09/09/2020,08/09/2020,0400 UTC,01:00,"17,10"
09/09/2020,08/09/2020,0500 UTC,02:00,"17,10"
09/09/2020,08/09/2020,0600 UTC,03:00,"17,00"
09/09/2020,08/09/2020,0700 UTC,04:00,"17,00"
09/09/2020,08/09/2020,0800 UTC,05:00,"17,10"
09/09/2020,08/09/2020,0900 UTC,06:00,"17,30"
09/09/2020,08/09/2020,1000 UTC,07:00,"17,40"
09/09/2020,08/09/2020,1100 UTC,08:00,"17,90"
09/09/2020,08/09/2020,1200 UTC,09:00,"19,20"
09/09/2020,08/09/2020,1300 UTC,10:00,"20,80"
09/09/2020,08/09/2020,1400 UTC,11:00,"23,70"
09/09/2020,08/09/2020,1500 UTC,12:00,"24,90"
09/09/2020,08/09/2020,1600 UTC,13:00,"25,60"
09/09/2020,08/09/2020,1700 UTC,14:00,"26,90"
09/09/2020,08/09/2020,1800 UTC,15:00,"26,90"
09/09/2020,08/09/2020,1900 UTC,16:00,"24,70"
09/09/2020,08/09/2020,2000 UTC,17:00,"21,70"
09/09/2020,08/09/2020,2100 UTC,18:00,"19,10"
09/09/2020,08/09/2020,2200 UTC,19:00,"18,90"
09/09/2020,08/09/2020,2300 UTC,20:00,"19,00"
10/09/2020,09/09/2020,0000 UTC,21:00,"18,90"
10/09/2020,09/09/2020,0100 UTC,22:00,"18,90"
10/09/2020,09/09/2020,0200 UTC,23:00,"18,70"
10/09/2020,09/09/2020,0300 UTC,00:00,"18,50"
10/09/2020,09/09/2020,0400 UTC,01:00,"18,30"
10/09/2020,09/09/2020,0500 UTC,02:00,"18,00"
10/09/2020,09/09/2020,0600 UTC,03:00,"17,70"
10/09/2020,09/09/2020,0700 UTC,04:00,"17,40"
10/09/2020,09/09/2020,0800 UTC,05:00,"17,40"
10/09/2020,09/09/2020,0900 UTC,06:00,"17,10"
10/09/2020,09/09/2020,1000 UTC,07:00,"16,70"
10/09/2020,09/09/2020,1100 UTC,08:00,"17,60"
10/09/2020,09/09/2020,1200 UTC,09:00,"21,80"
10/09/2020,09/09/2020,1300 UTC,10:00,"26,00"
10/09/2020,09/09/2020,1400 UTC,11:00,"28,90"
10/09/2020,09/09/2020,1500 UTC,12:00,"30,70"
10/09/2020,09/09/2020,1600 UTC,13:00,"32,00"
10/09/2020,09/09/2020,1700 UTC,14:00,"33,20"
10/09/2020,09/09/2020,1800 UTC,15:00,"33,00"
10/09/2020,09/09/2020,1900 UTC,16:00,"32,80"
10/09/2020,09/09/2020,2000 UTC,17:00,"32,20"
10/09/2020,09/09/2020,2100 UTC,18:00,"28,60"
10/09/2020,09/09/2020,2200 UTC,19:00,"25,30"
10/09/2020,09/09/2020,2300 UTC,20:00,"21,10"
11/09/2020,10/09/2020,0000 UTC,21:00,"19,90"
11/09/2020,10/09/2020,0100 UTC,22:00,"19,00"
11/09/2020,10/09/2020,0200 UTC,23:00,"18,60"
11/09/2020,10/09/2020,0300 UTC,00:00,"18,00"
11/09/2020,10/09/2020,0400 UTC,01:00,"17,60"
11/09/2020,10/09/2020,0500 UTC,02:00,"17,40"
11/09/2020,10/09/2020,0600 UTC,03:00,"17,30"
11/09/2020,10/09/2020,0700 UTC,04:00,"17,00"
11/09/2020,10/09/2020,0800 UTC,05:00,"17,00"
11/09/2020,10/09/2020,0900 UTC,06:00,"16,90"
11/09/2020,10/09/2020,1000 UTC,07:00,"16,90"
11/09/2020,10/09/2020,1100 UTC,08:00,"17,70"
11/09/2020,10/09/2020,1200 UTC,09:00,"19,90"
11/09/2020,10/09/2020,1300 UTC,10:00,"23,20"
11/09/2020,10/09/2020,1400 UTC,11:00,"25,10"
11/09/2020,10/09/2020,1500 UTC,12:00,"27,50"
11/09/2020,10/09/2020,1600 UTC,13:00,"30,00"
11/09/2020,10/09/2020,1700 UTC,14:00,"31,70"
11/09/2020,10/09/2020,1800 UTC,15:00,"32,30"
11/09/2020,10/09/2020,1900 UTC,16:00,"33,00"
11/09/2020,10/09/2020,2000 UTC,17:00,"31,10"
11/09/2020,10/09/2020,2100 UTC,18:00,"29,20"
11/09/2020,10/09/2020,2200 UTC,19:00,"26,90"
11/09/2020,10/09/2020,2300 UTC,20:00,"23,70"
12/09/2020,11/09/2020,0000 UTC,21:00,"23,50"
12/09/2020,11/09/2020,0100 UTC,22:00,"21,10"
12/09/2020,11/09/2020,0200 UTC,23:00,"19,20"
12/09/2020,11/09/2020,0300 UTC,00:00,"18,70"
12/09/2020,11/09/2020,0400 UTC,01:00,"17,60"
12/09/2020,11/09/2020,0500 UTC,02:00,"19,00"
12/09/2020,11/09/2020,0600 UTC,03:00,"17,50"
12/09/2020,11/09/2020,0700 UTC,04:00,"16,30"
12/09/2020,11/09/2020,0800 UTC,05:00,"15,70"
12/09/2020,11/09/2020,0900 UTC,06:00,"14,50"
12/09/2020,11/09/2020,1000 UTC,07:00,"15,90"
12/09/2020,11/09/2020,1100 UTC,08:00,"18,20"
12/09/2020,11/09/2020,1200 UTC,09:00,"22,30"
12/09/2020,11/09/2020,1300 UTC,10:00,"27,10"
12/09/2020,11/09/2020,1400 UTC,11:00,"30,30"
12/09/2020,11/09/2020,1500 UTC,12:00,"32,30"
12/09/2020,11/09/2020,1600 UTC,13:00,"33,50"
12/09/2020,11/09/2020,1700 UTC,14:00,"34,00"
12/09/2020,11/09/2020,1800 UTC,15:00,"34,00"
12/09/2020,11/09/2020,1900 UTC,16:00,"33,90"
12/09/2020,11/09/2020,2000 UTC,17:00,"32,00"
12/09/2020,11/09/2020,2100 UTC,18:00,"30,20"
12/09/2020,11/09/2020,2200 UTC,19:00,"26,50"
12/09/2020,11/09/2020,2300 UTC,20:00,"22,80"
13/09/2020,12/09/2020,0000 UTC,21:00,"20,30"
13/09/2020,12/09/2020,0100 UTC,22:00,"19,00"
13/09/2020,12/09/2020,0200 UTC,23:00,"18,00"
13/09/2020,12/09/2020,0300 UTC,00:00,"17,50"
13/09/2020,12/09/2020,0400 UTC,01:00,"16,80"
13/09/2020,12/09/2020,0500 UTC,02:00,"16,20"
13/09/2020,12/09/2020,0600 UTC,03:00,"16,00"
13/09/2020,12/09/2020,0700 UTC,04:00,"15,80"
13/09/2020,12/09/2020,0800 UTC,05:00,"15,50"
13/09/2020,12/09/2020,0900 UTC,06:00,"15,70"
13/09/2020,12/09/2020,1000 UTC,07:00,"15,90"
13/09/2020,12/09/2020,1100 UTC,08:00,"17,60"
13/09/2020,12/09/2020,1200 UTC,09:00,"21,60"
13/09/2020,12/09/2020,1300 UTC,10:00,"26,60"
13/09/2020,12/09/2020,1400 UTC,11:00,"29,50"
13/09/2020,12/09/2020,1500 UTC,12:00,"31,10"
13/09/2020,12/09/2020,1600 UTC,13:00,"32,70"
13/09/2020,12/09/2020,1700 UTC,14:00,"33,30"
13/09/2020,12/09/2020,1800 UTC,15:00,"32,80"
13/09/2020,12/09/2020,1900 UTC,16:00,"32,80"
13/09/2020,12/09/2020,2000 UTC,17:00,"31,30"
13/09/2020,12/09/2020,2100 UTC,18:00,"28,80"
13/09/2020,12/09/2020,2200 UTC,19:00,"27,30"
13/09/2020,12/09/2020,2300 UTC,20:00,"23,90"
14/09/2020,13/09/2020,0000 UTC,21:00,"22,00"
14/09/2020,13/09/2020,0100 UTC,22:00,"19,80"
14/09/2020,13/09/2020,0200 UTC,23:00,"19,80"
14/09/2020,13/09/2020,0300 UTC,00:00,"16,80"
14/09/2020,13/09/2020,0400 UTC,01:00,"16,50"
14/09/2020,13/09/2020,0500 UTC,02:00,"16,10"
14/09/2020,13/09/2020,0600 UTC,03:00,"16,90"
14/09/2020,13/09/2020,0700 UTC,04:00,"15,00"
14/09/2020,13/09/2020,0800 UTC,05:00,"16,30"
14/09/2020,13/09/2020,0900 UTC,06:00,"15,10"
14/09/2020,13/09/2020,1000 UTC,07:00,"14,30"
14/09/2020,13/09/2020,1100 UTC,08:00,"17,50"
14/09/2020,13/09/2020,1200 UTC,09:00,"21,50"
14/09/2020,13/09/2020,1300 UTC,10:00,"26,60"
14/09/2020,13/09/2020,1400 UTC,11:00,"28,80"
14/09/2020,13/09/2020,1500 UTC,12:00,"30,10"
14/09/2020,13/09/2020,1600 UTC,13:00,"30,60"
14/09/2020,13/09/2020,1700 UTC,14:00,"31,70"
14/09/2020,13/09/2020,1800 UTC,15:00,"32,20"
14/09/2020,13/09/2020,1900 UTC,16:00,"31,60"
14/09/2020,13/09/2020,2000 UTC,17:00,"27,70"
14/09/2020,13/09/2020,2100 UTC,18:00,"22,50"
14/09/2020,13/09/2020,2200 UTC,19:00,"20,30"
14/09/2020,13/09/2020,2300 UTC,20:00,"18,50"
15/09/2020,14/09/2020,0000 UTC,21:00,"18,10"
15/09/2020,14/09/2020,0100 UTC,22:00,"16,10"
15/09/2020,14/09/2020,0200 UTC,23:00,"15,00"
15/09/2020,14/09/2020,0300 UTC,00:00,"14,60"
15/09/2020,14/09/2020,0400 UTC,01:00,"14,30"
15/09/2020,14/09/2020,0500 UTC,02:00,"13,50"
15/09/2020,14/09/2020,0600 UTC,03:00,"13,30"
15/09/2020,14/09/2020,0700 UTC,04:00,"12,70"
15/09/2020,14/09/2020,0800 UTC,05:00,"12,40"
15/09/2020,14/09/2020,0900 UTC,06:00,"12,20"
15/09/2020,14/09/2020,1000 UTC,07:00,"12,30"
15/09/2020,14/09/2020,1100 UTC,08:00,"13,00"
15/09/2020,14/09/2020,1200 UTC,09:00,"14,00"
15/09/2020,14/09/2020,1300 UTC,10:00,"16,20"
15/09/2020,14/09/2020,1400 UTC,11:00,"17,40"
15/09/2020,14/09/2020,1500 UTC,12:00,"17,40"
15/09/2020,14/09/2020,1600 UTC,13:00,"18,80"
15/09/2020,14/09/2020,1700 UTC,14:00,"18,80"
15/09/2020,14/09/2020,1800 UTC,15:00,"18,20"
15/09/2020,14/09/2020,1900 UTC,16:00,"17,40"
15/09/2020,14/09/2020,2000 UTC,17:00,"17,00"
15/09/2020,14/09/2020,2100 UTC,18:00,"15,90"
15/09/2020,14/09/2020,2200 UTC,19:00,"15,40"
15/09/2020,14/09/2020,2300 UTC,20:00,"15,10"
16/09/2020,15/09/2020,0000 UTC,21:00,"15,00"
16/09/2020,15/09/2020,0100 UTC,22:00,"15,00"
16/09/2020,15/09/2020,0200 UTC,23:00,"15,10"
16/09/2020,15/09/2020,0300 UTC,00:00,"15,20"
16/09/2020,15/09/2020,0400 UTC,01:00,"15,40"
16/09/2020,15/09/2020,0500 UTC,02:00,"15,60"
16/09/2020,15/09/2020,0600 UTC,03:00,"15,50"
16/09/2020,15/09/2020,0700 UTC,04:00,"15,40"
16/09/2020,15/09/2020,0800 UTC,05:00,"14,90"
16/09/2020,15/09/2020,0900 UTC,06:00,"14,80"
16/09/2020,15/09/2020,1000 UTC,07:00,"15,00"
16/09/2020,15/09/2020,1100 UTC,08:00,"16,30"
16/09/2020,15/09/2020,1200 UTC,09:00,"19,90"
16/09/2020,15/09/2020,1300 UTC,10:00,"23,90"
16/09/2020,15/09/2020,1400 UTC,11:00,"26,00"
16/09/2020,15/09/2020,1500 UTC,12:00,"29,30"
16/09/2020,15/09/2020,1600 UTC,13:00,"30,00"
16/09/2020,15/09/2020,1700 UTC,14:00,"30,60"
16/09/2020,15/09/2020,1800 UTC,15:00,"31,30"
16/09/2020,15/09/2020,1900 UTC,16:00,"30,50"
16/09/2020,15/09/2020,2000 UTC,17:00,"22,80"
16/09/2020,15/09/2020,2100 UTC,18:00,"18,20"
16/09/2020,15/09/2020,2200 UTC,19:00,"17,40"
16/09/2020,15/09/2020,2300 UTC,20:00,"17,40"
17/09/2020,16/09/2020,0000 UTC,21:00,"17,40"
17/09/2020,16/09/2020,0100 UTC,22:00,"17,50"
17/09/2020,16/09/2020,0200 UTC,23:00,"17,40"
17/09/2020,16/09/2020,0300 UTC,00:00,"17,30"
17/09/2020,16/09/2020,0400 UTC,01:00,"17,40"
17/09/2020,16/09/2020,0500 UTC,02:00,"17,40"
17/09/2020,16/09/2020,0600 UTC,03:00,"17,20"
17/09/2020,16/09/2020,0700 UTC,04:00,"17,00"
17/09/2020,16/09/2020,0800 UTC,05:00,"16,70"
17/09/2020,16/09/2020,0900 UTC,06:00,"16,20"
17/09/2020,16/09/2020,1000 UTC,07:00,"16,10"
17/09/2020,16/09/2020,1100 UTC,08:00,"17,40"
17/09/2020,16/09/2020,1200 UTC,09:00,"22,10"
17/09/2020,16/09/2020,1300 UTC,10:00,"26,30"
17/09/2020,16/09/2020,1400 UTC,11:00,"26,20"
17/09/2020,16/09/2020,1500 UTC,12:00,"25,60"
17/09/2020,16/09/2020,1600 UTC,13:00,"26,50"
17/09/2020,16/09/2020,1700 UTC,14:00,"28,10"
17/09/2020,16/09/2020,1800 UTC,15:00,"30,70"
17/09/2020,16/09/2020,1900 UTC,16:00,"30,30"
17/09/2020,16/09/2020,2000 UTC,17:00,"22,30"
17/09/2020,16/09/2020,2100 UTC,18:00,"20,30"
17/09/2020,16/09/2020,2200 UTC,19:00,"19,60"
17/09/2020,16/09/2020,2300 UTC,20:00,"19,40"
18/09/2020,17/09/2020,0000 UTC,21:00,"18,70"
18/09/2020,17/09/2020,0100 UTC,22:00,"18,00"
18/09/2020,17/09/2020,0200 UTC,23:00,"17,60"
18/09/2020,17/09/2020,0300 UTC,00:00,"16,70"
18/09/2020,17/09/2020,0400 UTC,01:00,"16,10"
18/09/2020,17/09/2020,0500 UTC,02:00,"16,80"
18/09/2020,17/09/2020,0600 UTC,03:00,"17,20"
18/09/2020,17/09/2020,0700 UTC,04:00,"18,00"
18/09/2020,17/09/2020,0800 UTC,05:00,"19,70"
18/09/2020,17/09/2020,0900 UTC,06:00,"18,80"
18/09/2020,17/09/2020,1000 UTC,07:00,"20,20"
18/09/2020,17/09/2020,1100 UTC,08:00,"20,50"
18/09/2020,17/09/2020,1200 UTC,09:00,"19,80"
18/09/2020,17/09/2020,1300 UTC,10:00,"20,60"
18/09/2020,17/09/2020,1400 UTC,11:00,"22,10"
18/09/2020,17/09/2020,1500 UTC,12:00,"22,80"
18/09/2020,17/09/2020,1600 UTC,13:00,"25,20"
18/09/2020,17/09/2020,1700 UTC,14:00,"25,30"
18/09/2020,17/09/2020,1800 UTC,15:00,"25,20"
18/09/2020,17/09/2020,1900 UTC,16:00,"25,30"
18/09/2020,17/09/2020,2000 UTC,17:00,"23,60"
18/09/2020,17/09/2020,2100 UTC,18:00,"22,30"
18/09/2020,17/09/2020,2200 UTC,19:00,"21,60"
18/09/2020,17/09/2020,2300 UTC,20:00,"21,50"
19/09/2020,18/09/2020,0000 UTC,21:00,"20,50"
19/09/2020,18/09/2020,0100 UTC,22:00,"19,60"
19/09/2020,18/09/2020,0200 UTC,23:00,"19,90"
19/09/2020,18/09/2020,0300 UTC,00:00,"18,90"
19/09/2020,18/09/2020,0400 UTC,01:00,"18,80"
19/09/2020,18/09/2020,0500 UTC,02:00,"18,20"
19/09/2020,18/09/2020,0600 UTC,03:00,"17,20"
19/09/2020,18/09/2020,0700 UTC,04:00,"16,70"
19/09/2020,18/09/2020,0800 UTC,05:00,"16,60"
19/09/2020,18/09/2020,0900 UTC,06:00,"16,60"
19/09/2020,18/09/2020,1000 UTC,07:00,"15,30"
19/09/2020,18/09/2020,1100 UTC,08:00,"17,90"
19/09/2020,18/09/2020,1200 UTC,09:00,"22,60"
19/09/2020,18/09/2020,1300 UTC,10:00,"25,30"
19/09/2020,18/09/2020,1400 UTC,11:00,"27,50"
19/09/2020,18/09/2020,1500 UTC,12:00,"28,40"
19/09/2020,18/09/2020,1600 UTC,13:00,"30,60"
19/09/2020,18/09/2020,1700 UTC,14:00,"30,40"
19/09/2020,18/09/2020,1800 UTC,15:00,"31,70"
19/09/2020,18/09/2020,1900 UTC,16:00,"31,50"
19/09/2020,18/09/2020,2000 UTC,17:00,"29,20"
19/09/2020,18/09/2020,2100 UTC,18:00,"25,20"
19/09/2020,18/09/2020,2200 UTC,19:00,"23,40"
19/09/2020,18/09/2020,2300 UTC,20:00,"22,40"
20/09/2020,19/09/2020,0000 UTC,21:00,"21,40"
20/09/2020,19/09/2020,0100 UTC,22:00,"20,20"
20/09/2020,19/09/2020,0200 UTC,23:00,"18,80"
20/09/2020,19/09/2020,0300 UTC,00:00,"18,10"
20/09/2020,19/09/2020,0400 UTC,01:00,"17,90"
20/09/2020,19/09/2020,0500 UTC,02:00,"16,60"
20/09/2020,19/09/2020,0600 UTC,03:00,"16,10"
20/09/2020,19/09/2020,0700 UTC,04:00,"15,90"
20/09/2020,19/09/2020,0800 UTC,05:00,"15,80"
20/09/2020,19/09/2020,0900 UTC,06:00,"15,70"
20/09/2020,19/09/2020,1000 UTC,07:00,"15,50"
20/09/2020,19/09/2020,1100 UTC,08:00,"16,10"
20/09/2020,19/09/2020,1200 UTC,09:00,"16,80"
20/09/2020,19/09/2020,1300 UTC,10:00,"17,50"
20/09/2020,19/09/2020,1400 UTC,11:00,"17,80"
20/09/2020,19/09/2020,1500 UTC,12:00,"18,60"
20/09/2020,19/09/2020,1600 UTC,13:00,"18,50"
20/09/2020,19/09/2020,1700 UTC,14:00,"19,00"
20/09/2020,19/09/2020,1800 UTC,15:00,"18,10"
20/09/2020,19/09/2020,1900 UTC,16:00,"16,90"
20/09/2020,19/09/2020,2000 UTC,17:00,"15,90"
20/09/2020,19/09/2020,2100 UTC,18:00,"14,90"
20/09/2020,19/09/2020,2200 UTC,19:00,"13,90"
20/09/2020,19/09/2020,2300 UTC,20:00,"13,70"
21/09/2020,20/09/2020,0000 UTC,21:00,"13,30"
21/09/2020,20/09/2020,0100 UTC,22:00,"13,10"
21/09/2020,20/09/2020,0200 UTC,23:00,"13,00"
21/09/2020,20/09/2020,0300 UTC,00:00,"12,80"
21/09/2020,20/09/2020,0400 UTC,01:00,"12,80"
21/09/2020,20/09/2020,0500 UTC,02:00,"12,60"
21/09/2020,20/09/2020,0600 UTC,03:00,"12,50"
21/09/2020,20/09/2020,0700 UTC,04:00,"12,70"
21/09/2020,20/09/2020,0800 UTC,05:00,"12,60"
21/09/2020,20/09/2020,0900 UTC,06:00,"12,40"
21/09/2020,20/09/2020,1000 UTC,07:00,"13,00"
21/09/2020,20/09/2020,1100 UTC,08:00,"14,40"
21/09/2020,20/09/2020,1200 UTC,09:00,"15,90"
21/09/2020,20/09/2020,1300 UTC,10:00,"16,40"
21/09/2020,20/09/2020,1400 UTC,11:00,"15,10"
21/09/2020,20/09/2020,1500 UTC,12:00,"13,70"
21/09/2020,20/09/2020,1600 UTC,13:00,"13,30"
21/09/2020,20/09/2020,1700 UTC,14:00,"13,20"
21/09/2020,20/09/2020,1800 UTC,15:00,"13,90"
21/09/2020,20/09/2020,1900 UTC,16:00,"13,20"
21/09/2020,20/09/2020,2000 UTC,17:00,"13,00"
21/09/2020,20/09/2020,2100 UTC,18:00,"12,60"
21/09/2020,20/09/2020,2200 UTC,19:00,"12,20"
21/09/2020,20/09/2020,2300 UTC,20:00,"12,30"
22/09/2020,21/09/2020,0000 UTC,21:00,"12,20"
22/09/2020,21/09/2020,0100 UTC,22:00,"12,20"
22/09/2020,21/09/2020,0200 UTC,23:00,"12,00"
22/09/2020,21/09/2020,0300 UTC,00:00,"11,90"
22/09/2020,21/09/2020,0400 UTC,01:00,"12,00"
22/09/2020,21/09/2020,0500 UTC,02:00,"11,40"
22/09/2020,21/09/2020,0600 UTC,03:00,"11,10"
22/09/2020,21/09/2020,0700 UTC,04:00,"11,20"
22/09/2020,21/09/2020,0800 UTC,05:00,"11,50"
22/09/2020,21/09/2020,0900 UTC,06:00,"11,60"
22/09/2020,21/09/2020,1000 UTC,07:00,"11,50"
22/09/2020,21/09/2020,1100 UTC,08:00,"12,50"
22/09/2020,21/09/2020,1200 UTC,09:00,"12,50"
22/09/2020,21/09/2020,1300 UTC,10:00,"13,60"
22/09/2020,21/09/2020,1400 UTC,11:00,"13,20"
22/09/2020,21/09/2020,1500 UTC,12:00,"13,40"
22/09/2020,21/09/2020,1600 UTC,13:00,"14,50"
22/09/2020,21/09/2020,1700 UTC,14:00,"15,30"
22/09/2020,21/09/2020,1800 UTC,15:00,"15,80"
22/09/2020,21/09/2020,1900 UTC,16:00,"14,60"
22/09/2020,21/09/2020,2000 UTC,17:00,"14,00"
22/09/2020,21/09/2020,2100 UTC,18:00,"13,40"
22/09/2020,21/09/2020,2200 UTC,19:00,"13,00"
22/09/2020,21/09/2020,2300 UTC,20:00,"13,00"
23/09/2020,22/09/2020,0000 UTC,21:00,"13,10"
23/09/2020,22/09/2020,0100 UTC,22:00,"13,20"
23/09/2020,22/09/2020,0200 UTC,23:00,"13,10"
23/09/2020,22/09/2020,0300 UTC,00:00,"13,10"
23/09/2020,22/09/2020,0400 UTC,01:00,"13,10"
23/09/2020,22/09/2020,0500 UTC,02:00,"13,30"
23/09/2020,22/09/2020,0600 UTC,03:00,"13,30"
23/09/2020,22/09/2020,0700 UTC,04:00,"13,30"
23/09/2020,22/09/2020,0800 UTC,05:00,"13,40"
23/09/2020,22/09/2020,0900 UTC,06:00,"13,50"
23/09/2020,22/09/2020,1000 UTC,07:00,"14,10"
23/09/2020,22/09/2020,1100 UTC,08:00,"15,80"
23/09/2020,22/09/2020,1200 UTC,09:00,"16,90"
23/09/2020,22/09/2020,1300 UTC,10:00,"18,70"
23/09/2020,22/09/2020,1400 UTC,11:00,"20,70"
23/09/2020,22/09/2020,1500 UTC,12:00,"20,30"
23/09/2020,22/09/2020,1600 UTC,13:00,"21,20"
23/09/2020,22/09/2020,1700 UTC,14:00,"20,70"
23/09/2020,22/09/2020,1800 UTC,15:00,"19,70"
23/09/2020,22/09/2020,1900 UTC,16:00,"19,90"
23/09/2020,22/09/2020,2000 UTC,17:00,"17,70"
23/09/2020,22/09/2020,2100 UTC,18:00,"17,20"
23/09/2020,22/09/2020,2200 UTC,19:00,"16,70"
23/09/2020,22/09/2020,2300 UTC,20:00,"16,50"
24/09/2020,23/09/2020,0000 UTC,21:00,"16,40"
24/09/2020,23/09/2020,0100 UTC,22:00,"16,30"
24/09/2020,23/09/2020,0200 UTC,23:00,"16,20"
24/09/2020,23/09/2020,0300 UTC,00:00,"16,30"
24/09/2020,23/09/2020,0400 UTC,01:00,"15,90"
24/09/2020,23/09/2020,0500 UTC,02:00,"15,70"
24/09/2020,23/09/2020,0600 UTC,03:00,"15,90"
24/09/2020,23/09/2020,0700 UTC,04:00,"15,80"
24/09/2020,23/09/2020,0800 UTC,05:00,"15,60"
24/09/2020,23/09/2020,0900 UTC,06:00,"15,30"
24/09/2020,23/09/2020,1000 UTC,07:00,"16,10"
24/09/2020,23/09/2020,1100 UTC,08:00,"17,70"
24/09/2020,23/09/2020,1200 UTC,09:00,"20,30"
24/09/2020,23/09/2020,1300 UTC,10:00,"21,60"
24/09/2020,23/09/2020,1400 UTC,11:00,"23,40"
24/09/2020,23/09/2020,1500 UTC,12:00,"24,20"
24/09/2020,23/09/2020,1600 UTC,13:00,"27,60"
24/09/2020,23/09/2020,1700 UTC,14:00,"27,70"
24/09/2020,23/09/2020,1800 UTC,15:00,"25,10"
24/09/2020,23/09/2020,1900 UTC,16:00,"25,00"
24/09/2020,23/09/2020,2000 UTC,17:00,"23,00"
24/09/2020,23/09/2020,2100 UTC,18:00,"19,80"
24/09/2020,23/09/2020,2200 UTC,19:00,"18,20"
24/09/2020,23/09/2020,2300 UTC,20:00,"17,10"
25/09/2020,24/09/2020,0000 UTC,21:00,"16,80"
25/09/2020,24/09/2020,0100 UTC,22:00,"17,10"
25/09/2020,24/09/2020,0200 UTC,23:00,"16,70"
25/09/2020,24/09/2020,0300 UTC,00:00,"15,80"
25/09/2020,24/09/2020,0400 UTC,01:00,"15,00"
25/09/2020,24/09/2020,0500 UTC,02:00,"14,50"
25/09/2020,24/09/2020,0600 UTC,03:00,"14,40"
25/09/2020,24/09/2020,0700 UTC,04:00,"13,80"
25/09/2020,24/09/2020,0800 UTC,05:00,"12,40"
25/09/2020,24/09/2020,0900 UTC,06:00,"12,00"
25/09/2020,24/09/2020,1000 UTC,07:00,"14,60"
25/09/2020,24/09/2020,1100 UTC,08:00,"16,60"
25/09/2020,24/09/2020,1200 UTC,09:00,"20,20"
25/09/2020,24/09/2020,1300 UTC,10:00,"22,80"
25/09/2020,24/09/2020,1400 UTC,11:00,"25,70"
25/09/2020,24/09/2020,1500 UTC,12:00,"26,70"
25/09/2020,24/09/2020,1600 UTC,13:00,"28,10"
25/09/2020,24/09/2020,1700 UTC,14:00,"30,00"
25/09/2020,24/09/2020,1800 UTC,15:00,"29,70"
25/09/2020,24/09/2020,1900 UTC,16:00,"27,90"
25/09/2020,24/09/2020,2000 UTC,17:00,"25,90"
25/09/2020,24/09/2020,2100 UTC,18:00,"23,00"
25/09/2020,24/09/2020,2200 UTC,19:00,"20,40"
25/09/2020,24/09/2020,2300 UTC,20:00,"19,10"
26/09/2020,25/09/2020,0000 UTC,21:00,"17,80"
26/09/2020,25/09/2020,0100 UTC,22:00,"16,80"
26/09/2020,25/09/2020,0200 UTC,23:00,"16,60"
26/09/2020,25/09/2020,0300 UTC,00:00,"16,10"
26/09/2020,25/09/2020,0400 UTC,01:00,"16,20"
26/09/2020,25/09/2020,0500 UTC,02:00,"16,70"
26/09/2020,25/09/2020,0600 UTC,03:00,"16,70"
26/09/2020,25/09/2020,0700 UTC,04:00,"16,40"
26/09/2020,25/09/2020,0800 UTC,05:00,"15,30"
26/09/2020,25/09/2020,0900 UTC,06:00,"14,60"
26/09/2020,25/09/2020,1000 UTC,07:00,"16,40"
26/09/2020,25/09/2020,1100 UTC,08:00,"19,00"
26/09/2020,25/09/2020,1200 UTC,09:00,"22,70"
26/09/2020,25/09/2020,1300 UTC,10:00,"27,00"
26/09/2020,25/09/2020,1400 UTC,11:00,"29,90"
26/09/2020,25/09/2020,1500 UTC,12:00,"30,70"
26/09/2020,25/09/2020,1600 UTC,13:00,"32,20"
26/09/2020,25/09/2020,1700 UTC,14:00,"33,90"
26/09/2020,25/09/2020,1800 UTC,15:00,"33,90"
26/09/2020,25/09/2020,1900 UTC,16:00,"33,30"
26/09/2020,25/09/2020,2000 UTC,17:00,"32,00"
26/09/2020,25/09/2020,2100 UTC,18:00,"30,00"
26/09/2020,25/09/2020,2200 UTC,19:00,"27,50"
26/09/2020,25/09/2020,2300 UTC,20:00,"23,90"
27/09/2020,26/09/2020,0000 UTC,21:00,"22,80"
27/09/2020,26/09/2020,0100 UTC,22:00,"20,30"
27/09/2020,26/09/2020,0200 UTC,23:00,"18,60"
27/09/2020,26/09/2020,0300 UTC,00:00,"17,10"
27/09/2020,26/09/2020,0400 UTC,01:00,"16,90"
27/09/2020,26/09/2020,0500 UTC,02:00,"16,20"
27/09/2020,26/09/2020,0600 UTC,03:00,"14,70"
27/09/2020,26/09/2020,0700 UTC,04:00,"14,50"
27/09/2020,26/09/2020,0800 UTC,05:00,"13,80"
27/09/2020,26/09/2020,0900 UTC,06:00,"13,20"
27/09/2020,26/09/2020,1000 UTC,07:00,"18,50"
27/09/2020,26/09/2020,1100 UTC,08:00,"20,40"
27/09/2020,26/09/2020,1200 UTC,09:00,"27,80"
27/09/2020,26/09/2020,1300 UTC,10:00,"30,70"
27/09/2020,26/09/2020,1400 UTC,11:00,"33,00"
27/09/2020,26/09/2020,1500 UTC,12:00,"34,10"
27/09/2020,26/09/2020,1600 UTC,13:00,"35,40"
27/09/2020,26/09/2020,1700 UTC,14:00,"36,10"
27/09/2020,26/09/2020,1800 UTC,15:00,"34,60"
27/09/2020,26/09/2020,1900 UTC,16:00,"31,70"
27/09/2020,26/09/2020,2000 UTC,17:00,"32,20"
27/09/2020,26/09/2020,2100 UTC,18:00,"30,00"
27/09/2020,26/09/2020,2200 UTC,19:00,"28,10"
27/09/2020,26/09/2020,2300 UTC,20:00,"27,00"
28/09/2020,27/09/2020,0000 UTC,21:00,"26,20"
28/09/2020,27/09/2020,0100 UTC,22:00,"22,50"
28/09/2020,27/09/2020,0200 UTC,23:00,"21,10"
28/09/2020,27/09/2020,0300 UTC,00:00,"19,70"
28/09/2020,27/09/2020,0400 UTC,01:00,"19,30"
28/09/2020,27/09/2020,0500 UTC,02:00,"18,80"
28/09/2020,27/09/2020,0600 UTC,03:00,"19,10"
28/09/2020,27/09/2020,0700 UTC,04:00,"19,60"
28/09/2020,27/09/2020,0800 UTC,05:00,"18,10"
28/09/2020,27/09/2020,0900 UTC,06:00,"19,20"
28/09/2020,27/09/2020,1000 UTC,07:00,"20,20"
28/09/2020,27/09/2020,1100 UTC,08:00,"22,00"
28/09/2020,27/09/2020,1200 UTC,09:00,"23,60"
28/09/2020,27/09/2020,1300 UTC,10:00,"25,10"
28/09/2020,27/09/2020,1400 UTC,11:00,"24,50"
28/09/2020,27/09/2020,1500 UTC,12:00,"23,00"
28/09/2020,27/09/2020,1600 UTC,13:00,"24,70"
28/09/2020,27/09/2020,1700 UTC,14:00,"26,00"
28/09/2020,27/09/2020,1800 UTC,15:00,"26,90"
28/09/2020,27/09/2020,1900 UTC,16:00,"26,90"
28/09/2020,27/09/2020,2000 UTC,17:00,"24,90"
28/09/2020,27/09/2020,2100 UTC,18:00,"22,90"
28/09/2020,27/09/2020,2200 UTC,19:00,"21,50"
28/09/2020,27/09/2020,2300 UTC,20:00,"21,10"
29/09/2020,28/09/2020,0000 UTC,21:00,"20,70"
29/09/2020,28/09/2020,0100 UTC,22:00,"20,10"
29/09/2020,28/09/2020,0200 UTC,23:00,"19,70"
29/09/2020,28/09/2020,0300 UTC,00:00,"19,60"
29/09/2020,28/09/2020,0400 UTC,01:00,"19,50"
29/09/2020,28/09/2020,0500 UTC,02:00,"19,30"
29/09/2020,28/09/2020,0600 UTC,03:00,"18,10"
29/09/2020,28/09/2020,0700 UTC,04:00,"18,10"
29/09/2020,28/09/2020,0800 UTC,05:00,"17,60"
29/09/2020,28/09/2020,0900 UTC,06:00,"17,20"
29/09/2020,28/09/2020,1000 UTC,07:00,"17,50"
29/09/2020,28/09/2020,1100 UTC,08:00,"18,70"
29/09/2020,28/09/2020,1200 UTC,09:00,"20,10"
29/09/2020,28/09/2020,1300 UTC,10:00,"22,00"
29/09/2020,28/09/2020,1400 UTC,11:00,"22,30"
29/09/2020,28/09/2020,1500 UTC,12:00,"23,70"
29/09/2020,28/09/2020,1600 UTC,13:00,"23,80"
29/09/2020,28/09/2020,1700 UTC,14:00,"24,10"
29/09/2020,28/09/2020,1800 UTC,15:00,"23,50"
29/09/2020,28/09/2020,1900 UTC,16:00,"22,10"
29/09/2020,28/09/2020,2000 UTC,17:00,"20,20"
29/09/2020,28/09/2020,2100 UTC,18:00,"18,70"
29/09/2020,28/09/2020,2200 UTC,19:00,"17,90"
29/09/2020,28/09/2020,2300 UTC,20:00,"17,70"
30/09/2020,29/09/2020,0000 UTC,21:00,"17,80"
30/09/2020,29/09/2020,0100 UTC,22:00,"18,00"
30/09/2020,29/09/2020,0200 UTC,23:00,"17,80"
30/09/2020,29/09/2020,0300 UTC,00:00,"17,80"
30/09/2020,29/09/2020,0400 UTC,01:00,"17,60"
30/09/2020,29/09/2020,0500 UTC,02:00,"17,60"
30/09/2020,29/09/2020,0600 UTC,03:00,"17,40"
30/09/2020,29/09/2020,0700 UTC,04:00,"17,10"
30/09/2020,29/09/2020,0800 UTC,05:00,"16,90"
30/09/2020,29/09/2020,0900 UTC,06:00,"16,60"
30/09/2020,29/09/2020,1000 UTC,07:00,"16,80"
30/09/2020,29/09/2020,1100 UTC,08:00,"20,40"
30/09/2020,29/09/2020,1200 UTC,09:00,"23,60"
30/09/2020,29/09/2020,1300 UTC,10:00,"29,70"
30/09/2020,29/09/2020,1400 UTC,11:00,"31,80"
30/09/2020,29/09/2020,1500 UTC,12:00,"34,10"
30/09/2020,29/09/2020,1600 UTC,13:00,"36,60"
30/09/2020,29/09/2020,1700 UTC,14:00,"36,30"
30/09/2020,29/09/2020,1800 UTC,15:00,"36,70"
30/09/2020,29/09/2020,1900 UTC,16:00,"36,00"
30/09/2020,29/09/2020,2000 UTC,17:00,"36,20"
30/09/2020,29/09/2020,2100 UTC,18:00,"33,70"
30/09/2020,29/09/2020,2200 UTC,19:00,"21,90"
30/09/2020,29/09/2020,2300 UTC,20:00,"19,90"
01/10/2020,30/09/2020,0000 UTC,21:00,"20,30"
01/10/2020,30/09/2020,0100 UTC,22:00,"20,20"
01/10/2020,30/09/2020,0200 UTC,23:00,"20,10"
01/10/2020,30/09/2020,0300 UTC,00:00,"20,30"
01/10/2020,30/09/2020,0400 UTC,01:00,"20,20"
01/10/2020,30/09/2020,0500 UTC,02:00,"20,10"
01/10/2020,30/09/2020,0600 UTC,03:00,"20,00"
01/10/2020,30/09/2020,0700 UTC,04:00,"19,80"
01/10/2020,30/09/2020,0800 UTC,05:00,"19,50"
01/10/2020,30/09/2020,0900 UTC,06:00,"19,20"
01/10/2020,30/09/2020,1000 UTC,07:00,"20,30"
01/10/2020,30/09/2020,1100 UTC,08:00,"22,80"
01/10/2020,30/09/2020,1200 UTC,09:00,"27,10"
01/10/2020,30/09/2020,1300 UTC,10:00,"29,80"
01/10/2020,30/09/2020,1400 UTC,11:00,"33,70"
01/10/2020,30/09/2020,1500 UTC,12:00,"35,30"
01/10/2020,30/09/2020,1600 UTC,13:00,"36,10"
01/10/2020,30/09/2020,1700 UTC,14:00,"37,50"
01/10/2020,30/09/2020,1800 UTC,15:00,"37,20"
01/10/2020,30/09/2020,1900 UTC,16:00,"36,90"
01/10/2020,30/09/2020,2000 UTC,17:00,"35,40"
01/10/2020,30/09/2020,2100 UTC,18:00,"32,00"
01/10/2020,30/09/2020,2200 UTC,19:00,"30,80"
01/10/2020,30/09/2020,2300 UTC,20:00,"29,20"
02/10/2020,01/10/2020,0000 UTC,21:00,"27,50"
02/10/2020,01/10/2020,0100 UTC,22:00,"24,70"
02/10/2020,01/10/2020,0200 UTC,23:00,"23,70"
02/10/2020,01/10/2020,0300 UTC,00:00,"22,50"
02/10/2020,01/10/2020,0400 UTC,01:00,"21,40"
02/10/2020,01/10/2020,0500 UTC,02:00,"20,90"
02/10/2020,01/10/2020,0600 UTC,03:00,"20,50"
02/10/2020,01/10/2020,0700 UTC,04:00,"20,10"
02/10/2020,01/10/2020,0800 UTC,05:00,"19,40"
02/10/2020,01/10/2020,0900 UTC,06:00,"18,50"
02/10/2020,01/10/2020,1000 UTC,07:00,"21,20"
02/10/2020,01/10/2020,1100 UTC,08:00,"24,60"
02/10/2020,01/10/2020,1200 UTC,09:00,"30,60"
02/10/2020,01/10/2020,1300 UTC,10:00,"33,30"
02/10/2020,01/10/2020,1400 UTC,11:00,"35,60"
02/10/2020,01/10/2020,1500 UTC,12:00,"36,50"
02/10/2020,01/10/2020,1600 UTC,13:00,"37,10"
02/10/2020,01/10/2020,1700 UTC,14:00,"38,40"
02/10/2020,01/10/2020,1800 UTC,15:00,"38,70"
02/10/2020,01/10/2020,1900 UTC,16:00,"37,70"
02/10/2020,01/10/2020,2000 UTC,17:00,"36,00"
02/10/2020,01/10/2020,2100 UTC,18:00,"32,60"
02/10/2020,01/10/2020,2200 UTC,19:00,"30,70"
02/10/2020,01/10/2020,2300 UTC,20:00,"29,00"
03/10/2020,02/10/2020,0000 UTC,21:00,"28,70"
03/10/2020,02/10/2020,0100 UTC,22:00,"25,80"
03/10/2020,02/10/2020,0200 UTC,23:00,"23,60"
03/10/2020,02/10/2020,0300 UTC,00:00,"22,70"
03/10/2020,02/10/2020,0400 UTC,01:00,"21,50"
03/10/2020,02/10/2020,0500 UTC,02:00,"22,00"
03/10/2020,02/10/2020,0600 UTC,03:00,"21,00"
03/10/2020,02/10/2020,0700 UTC,04:00,"20,40"
03/10/2020,02/10/2020,0800 UTC,05:00,"19,90"
03/10/2020,02/10/2020,0900 UTC,06:00,"19,70"
03/10/2020,02/10/2020,1000 UTC,07:00,"19,80"
03/10/2020,02/10/2020,1100 UTC,08:00,"20,60"
03/10/2020,02/10/2020,1200 UTC,09:00,"21,40"
03/10/2020,02/10/2020,1300 UTC,10:00,"23,00"
03/10/2020,02/10/2020,1400 UTC,11:00,"22,70"
03/10/2020,02/10/2020,1500 UTC,12:00,"23,70"
03/10/2020,02/10/2020,1600 UTC,13:00,"24,00"
03/10/2020,02/10/2020,1700 UTC,14:00,"22,80"
03/10/2020,02/10/2020,1800 UTC,15:00,"22,30"
03/10/2020,02/10/2020,1900 UTC,16:00,"21,90"
03/10/2020,02/10/2020,2000 UTC,17:00,"20,70"
03/10/2020,02/10/2020,2100 UTC,18:00,"19,60"
03/10/2020,02/10/2020,2200 UTC,19:00,"19,00"
03/10/2020,02/10/2020,2300 UTC,20:00,"19,00"
04/10/2020,03/10/2020,0000 UTC,21:00,"18,80"
04/10/2020,03/10/2020,0100 UTC,22:00,"18,60"
04/10/2020,03/10/2020,0200 UTC,23:00,"18,20"
04/10/2020,03/10/2020,0300 UTC,00:00,"17,50"
04/10/2020,03/10/2020,0400 UTC,01:00,"17,00"
04/10/2020,03/10/2020,0500 UTC,02:00,"16,60"
04/10/2020,03/10/2020,0600 UTC,03:00,"17,10"
04/10/2020,03/10/2020,0700 UTC,04:00,"17,00"
04/10/2020,03/10/2020,0800 UTC,05:00,"17,20"
04/10/2020,03/10/2020,0900 UTC,06:00,"17,20"
04/10/2020,03/10/2020,1000 UTC,07:00,"17,50"
04/10/2020,03/10/2020,1100 UTC,08:00,"18,80"
04/10/2020,03/10/2020,1200 UTC,09:00,"20,00"
04/10/2020,03/10/2020,1300 UTC,10:00,"22,20"
04/10/2020,03/10/2020,1400 UTC,11:00,"22,40"
04/10/2020,03/10/2020,1500 UTC,12:00,"21,50"
04/10/2020,03/10/2020,1600 UTC,13:00,"22,40"
04/10/2020,03/10/2020,1700 UTC,14:00,"22,00"
04/10/2020,03/10/2020,1800 UTC,15:00,"21,40"
04/10/2020,03/10/2020,1900 UTC,16:00,"20,90"
04/10/2020,03/10/2020,2000 UTC,17:00,"19,70"
04/10/2020,03/10/2020,2100 UTC,18:00,"18,80"
04/10/2020,03/10/2020,2200 UTC,19:00,"18,30"
04/10/2020,03/10/2020,2300 UTC,20:00,"17,90"
05/10/2020,04/10/2020,0000 UTC,21:00,"17,90"
05/10/2020,04/10/2020,0100 UTC,22:00,"17,90"
05/10/2020,04/10/2020,0200 UTC,23:00,"17,90"
05/10/2020,04/10/2020,0300 UTC,00:00,"17,90"
05/10/2020,04/10/2020,0400 UTC,01:00,"17,90"
05/10/2020,04/10/2020,0500 UTC,02:00,"17,80"
05/10/2020,04/10/2020,0600 UTC,03:00,"17,60"
05/10/2020,04/10/2020,0700 UTC,04:00,"17,70"
05/10/2020,04/10/2020,0800 UTC,05:00,"17,60"
05/10/2020,04/10/2020,0900 UTC,06:00,"17,70"
05/10/2020,04/10/2020,1000 UTC,07:00,"18,50"
05/10/2020,04/10/2020,1100 UTC,08:00,"19,80"
05/10/2020,04/10/2020,1200 UTC,09:00,"22,40"
05/10/2020,04/10/2020,1300 UTC,10:00,"24,50"
05/10/2020,04/10/2020,1400 UTC,11:00,"26,80"
05/10/2020,04/10/2020,1500 UTC,12:00,"28,70"
05/10/2020,04/10/2020,1600 UTC,13:00,"31,10"
05/10/2020,04/10/2020,1700 UTC,14:00,"32,80"
05/10/2020,04/10/2020,1800 UTC,15:00,"33,90"
05/10/2020,04/10/2020,1900 UTC,16:00,"34,20"
05/10/2020,04/10/2020,2000 UTC,17:00,"28,30"
05/10/2020,04/10/2020,2100 UTC,18:00,"24,30"
05/10/2020,04/10/2020,2200 UTC,19:00,"21,90"
05/10/2020,04/10/2020,2300 UTC,20:00,"20,60"
06/10/2020,05/10/2020,0000 UTC,21:00,"19,80"
06/10/2020,05/10/2020,0100 UTC,22:00,"19,30"
06/10/2020,05/10/2020,0200 UTC,23:00,"19,10"
06/10/2020,05/10/2020,0300 UTC,00:00,"18,80"
06/10/2020,05/10/2020,0400 UTC,01:00,"18,00"
06/10/2020,05/10/2020,0500 UTC,02:00,"17,50"
06/10/2020,05/10/2020,0600 UTC,03:00,"17,30"
06/10/2020,05/10/2020,0700 UTC,04:00,"18,80"
06/10/2020,05/10/2020,0800 UTC,05:00,"17,70"
06/10/2020,05/10/2020,0900 UTC,06:00,"16,30"
06/10/2020,05/10/2020,1000 UTC,07:00,"18,10"
06/10/2020,05/10/2020,1100 UTC,08:00,"21,70"
06/10/2020,05/10/2020,1200 UTC,09:00,"26,40"
06/10/2020,05/10/2020,1300 UTC,10:00,"30,90"
06/10/2020,05/10/2020,1400 UTC,11:00,"33,30"
06/10/2020,05/10/2020,1500 UTC,12:00,"34,90"
06/10/2020,05/10/2020,1600 UTC,13:00,"36,50"
06/10/2020,05/10/2020,1700 UTC,14:00,"38,30"
06/10/2020,05/10/2020,1800 UTC,15:00,"37,50"
06/10/2020,05/10/2020,1900 UTC,16:00,"30,30"
06/10/2020,05/10/2020,2000 UTC,17:00,"25,70"
06/10/2020,05/10/2020,2100 UTC,18:00,"21,50"
06/10/2020,05/10/2020,2200 UTC,19:00,"20,70"
06/10/2020,05/10/2020,2300 UTC,20:00,"20,00"
07/10/2020,06/10/2020,0000 UTC,21:00,"19,40"
07/10/2020,06/10/2020,0100 UTC,22:00,"19,20"
07/10/2020,06/10/2020,0200 UTC,23:00,"19,10"
07/10/2020,06/10/2020,0300 UTC,00:00,"19,20"
07/10/2020,06/10/2020,0400 UTC,01:00,"18,90"
07/10/2020,06/10/2020,0500 UTC,02:00,"18,70"
07/10/2020,06/10/2020,0600 UTC,03:00,"18,40"
07/10/2020,06/10/2020,0700 UTC,04:00,"18,50"
07/10/2020,06/10/2020,0800 UTC,05:00,"18,40"
07/10/2020,06/10/2020,0900 UTC,06:00,"18,40"
07/10/2020,06/10/2020,1000 UTC,07:00,"18,90"
07/10/2020,06/10/2020,1100 UTC,08:00,"20,40"
07/10/2020,06/10/2020,1200 UTC,09:00,"23,50"
07/10/2020,06/10/2020,1300 UTC,10:00,"28,00"
07/10/2020,06/10/2020,1400 UTC,11:00,"30,90"
07/10/2020,06/10/2020,1500 UTC,12:00,"31,60"
07/10/2020,06/10/2020,1600 UTC,13:00,"33,00"
07/10/2020,06/10/2020,1700 UTC,14:00,"31,40"
07/10/2020,06/10/2020,1800 UTC,15:00,"32,60"
07/10/2020,06/10/2020,1900 UTC,16:00,"33,80"
07/10/2020,06/10/2020,2000 UTC,17:00,"32,90"
07/10/2020,06/10/2020,2100 UTC,18:00,"30,50"
07/10/2020,06/10/2020,2200 UTC,19:00,"29,00"
07/10/2020,06/10/2020,2300 UTC,20:00,"25,70"
08/10/2020,07/10/2020,0000 UTC,21:00,"24,10"
08/10/2020,07/10/2020,0100 UTC,22:00,"22,90"
08/10/2020,07/10/2020,0200 UTC,23:00,"23,10"
08/10/2020,07/10/2020,0300 UTC,00:00,"21,20"
08/10/2020,07/10/2020,0400 UTC,01:00,"20,10"
08/10/2020,07/10/2020,0500 UTC,02:00,"19,90"
08/10/2020,07/10/2020,0600 UTC,03:00,"19,70"
08/10/2020,07/10/2020,0700 UTC,04:00,"19,90"
08/10/2020,07/10/2020,0800 UTC,05:00,"19,70"
08/10/2020,07/10/2020,0900 UTC,06:00,"19,40"
08/10/2020,07/10/2020,1000 UTC,07:00,"19,90"
08/10/2020,07/10/2020,1100 UTC,08:00,"20,80"
08/10/2020,07/10/2020,1200 UTC,09:00,"22,60"
08/10/2020,07/10/2020,1300 UTC,10:00,"24,10"
08/10/2020,07/10/2020,1400 UTC,11:00,"25,70"
08/10/2020,07/10/2020,1500 UTC,12:00,"27,30"
08/10/2020,07/10/2020,1600 UTC,13:00,"29,10"
08/10/2020,07/10/2020,1700 UTC,14:00,"26,50"
08/10/2020,07/10/2020,1800 UTC,15:00,"21,40"
08/10/2020,07/10/2020,1900 UTC,16:00,"19,90"
08/10/2020,07/10/2020,2000 UTC,17:00,"19,70"
08/10/2020,07/10/2020,2100 UTC,18:00,"19,50"
08/10/2020,07/10/2020,2200 UTC,19:00,"18,90"
08/10/2020,07/10/2020,2300 UTC,20:00,"18,60"
09/10/2020,08/10/2020,0000 UTC,21:00,"18,30"
09/10/2020,08/10/2020,0100 UTC,22:00,"18,10"
09/10/2020,08/10/2020,0200 UTC,23:00,"18,20"
09/10/2020,08/10/2020,0300 UTC,00:00,"18,10"
09/10/2020,08/10/2020,0400 UTC,01:00,"18,30"
09/10/2020,08/10/2020,0500 UTC,02:00,"18,40"
09/10/2020,08/10/2020,0600 UTC,03:00,"18,40"
09/10/2020,08/10/2020,0700 UTC,04:00,"18,40"
09/10/2020,08/10/2020,0800 UTC,05:00,"18,10"
09/10/2020,08/10/2020,0900 UTC,06:00,"17,90"
09/10/2020,08/10/2020,1000 UTC,07:00,"18,50"
09/10/2020,08/10/2020,1100 UTC,08:00,"18,00"
09/10/2020,08/10/2020,1200 UTC,09:00,"18,00"
09/10/2020,08/10/2020,1300 UTC,10:00,"17,90"
09/10/2020,08/10/2020,1400 UTC,11:00,"17,90"
09/10/2020,08/10/2020,1500 UTC,12:00,"18,00"
09/10/2020,08/10/2020,1600 UTC,13:00,"18,00"
09/10/2020,08/10/2020,1700 UTC,14:00,"18,10"
09/10/2020,08/10/2020,1800 UTC,15:00,"18,30"
09/10/2020,08/10/2020,1900 UTC,16:00,"18,80"
09/10/2020,08/10/2020,2000 UTC,17:00,"18,90"
09/10/2020,08/10/2020,2100 UTC,18:00,"18,60"
09/10/2020,08/10/2020,2200 UTC,19:00,"17,90"
09/10/2020,08/10/2020,2300 UTC,20:00,"17,70"
10/10/2020,09/10/2020,0000 UTC,21:00,"17,60"
10/10/2020,09/10/2020,0100 UTC,22:00,"17,40"
10/10/2020,09/10/2020,0200 UTC,23:00,"16,80"
10/10/2020,09/10/2020,0300 UTC,00:00,"16,30"
10/10/2020,09/10/2020,0400 UTC,01:00,"15,70"
10/10/2020,09/10/2020,0500 UTC,02:00,"15,60"
10/10/2020,09/10/2020,0600 UTC,03:00,"15,60"
10/10/2020,09/10/2020,0700 UTC,04:00,"15,00"
10/10/2020,09/10/2020,0800 UTC,05:00,"15,60"
10/10/2020,09/10/2020,0900 UTC,06:00,"14,70"
10/10/2020,09/10/2020,1000 UTC,07:00,"14,80"
10/10/2020,09/10/2020,1100 UTC,08:00,"16,90"
10/10/2020,09/10/2020,1200 UTC,09:00,"19,60"
10/10/2020,09/10/2020,1300 UTC,10:00,"21,90"
10/10/2020,09/10/2020,1400 UTC,11:00,"23,20"
10/10/2020,09/10/2020,1500 UTC,12:00,"24,30"
10/10/2020,09/10/2020,1600 UTC,13:00,"23,60"
10/10/2020,09/10/2020,1700 UTC,14:00,"24,10"
10/10/2020,09/10/2020,1800 UTC,15:00,"23,90"
10/10/2020,09/10/2020,1900 UTC,16:00,"23,40"
10/10/2020,09/10/2020,2000 UTC,17:00,"21,80"
10/10/2020,09/10/2020,2100 UTC,18:00,"19,00"
10/10/2020,09/10/2020,2200 UTC,19:00,"16,60"
10/10/2020,09/10/2020,2300 UTC,20:00,"14,80"
11/10/2020,10/10/2020,0000 UTC,21:00,"14,10"
11/10/2020,10/10/2020,0100 UTC,22:00,"13,40"
11/10/2020,10/10/2020,0200 UTC,23:00,"13,50"
11/10/2020,10/10/2020,0300 UTC,00:00,"13,40"
11/10/2020,10/10/2020,0400 UTC,01:00,"13,30"
11/10/2020,10/10/2020,0500 UTC,02:00,"12,70"
11/10/2020,10/10/2020,0600 UTC,03:00,"12,80"
11/10/2020,10/10/2020,0700 UTC,04:00,"11,50"
11/10/2020,10/10/2020,0800 UTC,05:00,"12,00"
11/10/2020,10/10/2020,0900 UTC,06:00,"12,40"
11/10/2020,10/10/2020,1000 UTC,07:00,"14,70"
11/10/2020,10/10/2020,1100 UTC,08:00,"16,70"
11/10/2020,10/10/2020,1200 UTC,09:00,"19,10"
11/10/2020,10/10/2020,1300 UTC,10:00,"21,40"
11/10/2020,10/10/2020,1400 UTC,11:00,"21,90"
11/10/2020,10/10/2020,1500 UTC,12:00,"21,70"
11/10/2020,10/10/2020,1600 UTC,13:00,"22,10"
11/10/2020,10/10/2020,1700 UTC,14:00,"22,60"
11/10/2020,10/10/2020,1800 UTC,15:00,"23,10"
11/10/2020,10/10/2020,1900 UTC,16:00,"22,00"
11/10/2020,10/10/2020,2000 UTC,17:00,"20,80"
11/10/2020,10/10/2020,2100 UTC,18:00,"17,50"
11/10/2020,10/10/2020,2200 UTC,19:00,"16,00"
11/10/2020,10/10/2020,2300 UTC,20:00,"15,10"
12/10/2020,11/10/2020,0000 UTC,21:00,"14,60"
12/10/2020,11/10/2020,0100 UTC,22:00,"14,10"
12/10/2020,11/10/2020,0200 UTC,23:00,"13,80"
12/10/2020,11/10/2020,0300 UTC,00:00,"13,50"
12/10/2020,11/10/2020,0400 UTC,01:00,"13,80"
12/10/2020,11/10/2020,0500 UTC,02:00,"13,80"
12/10/2020,11/10/2020,0600 UTC,03:00,"12,90"
12/10/2020,11/10/2020,0700 UTC,04:00,"12,30"
12/10/2020,11/10/2020,0800 UTC,05:00,"12,10"
12/10/2020,11/10/2020,0900 UTC,06:00,"12,50"
12/10/2020,11/10/2020,1000 UTC,07:00,"14,80"
12/10/2020,11/10/2020,1100 UTC,08:00,"17,70"
12/10/2020,11/10/2020,1200 UTC,09:00,"20,00"
12/10/2020,11/10/2020,1300 UTC,10:00,"21,50"
12/10/2020,11/10/2020,1400 UTC,11:00,"22,20"
12/10/2020,11/10/2020,1500 UTC,12:00,"23,90"
12/10/2020,11/10/2020,1600 UTC,13:00,"25,00"
12/10/2020,11/10/2020,1700 UTC,14:00,"25,80"
12/10/2020,11/10/2020,1800 UTC,15:00,"26,40"
12/10/2020,11/10/2020,1900 UTC,16:00,"26,20"
12/10/2020,11/10/2020,2000 UTC,17:00,"24,50"
12/10/2020,11/10/2020,2100 UTC,18:00,"21,70"
12/10/2020,11/10/2020,2200 UTC,19:00,"19,40"
12/10/2020,11/10/2020,2300 UTC,20:00,"17,50"
13/10/2020,12/10/2020,0000 UTC,21:00,"16,70"
13/10/2020,12/10/2020,0100 UTC,22:00,"16,10"
13/10/2020,12/10/2020,0200 UTC,23:00,"15,20"
13/10/2020,12/10/2020,0300 UTC,00:00,"14,00"
13/10/2020,12/10/2020,0400 UTC,01:00,"14,10"
13/10/2020,12/10/2020,0500 UTC,02:00,"13,50"
13/10/2020,12/10/2020,0600 UTC,03:00,"13,10"
13/10/2020,12/10/2020,0700 UTC,04:00,"12,60"
13/10/2020,12/10/2020,0800 UTC,05:00,"11,60"
13/10/2020,12/10/2020,0900 UTC,06:00,"11,90"
13/10/2020,12/10/2020,1000 UTC,07:00,"12,50"
13/10/2020,12/10/2020,1100 UTC,08:00,"18,50"
13/10/2020,12/10/2020,1200 UTC,09:00,"22,30"
13/10/2020,12/10/2020,1300 UTC,10:00,"26,50"
13/10/2020,12/10/2020,1400 UTC,11:00,"29,70"
13/10/2020,12/10/2020,1500 UTC,12:00,"30,80"
13/10/2020,12/10/2020,1600 UTC,13:00,"31,30"
13/10/2020,12/10/2020,1700 UTC,14:00,"31,00"
13/10/2020,12/10/2020,1800 UTC,15:00,"31,20"
13/10/2020,12/10/2020,1900 UTC,16:00,"30,10"
13/10/2020,12/10/2020,2000 UTC,17:00,"29,00"
13/10/2020,12/10/2020,2100 UTC,18:00,"27,10"
13/10/2020,12/10/2020,2200 UTC,19:00,"24,90"
13/10/2020,12/10/2020,2300 UTC,20:00,"24,10"
14/10/2020,13/10/2020,0000 UTC,21:00,"21,40"
14/10/2020,13/10/2020,0100 UTC,22:00,"20,30"
14/10/2020,13/10/2020,0200 UTC,23:00,"19,60"
14/10/2020,13/10/2020,0300 UTC,00:00,"18,50"
14/10/2020,13/10/2020,0400 UTC,01:00,"17,80"
14/10/2020,13/10/2020,0500 UTC,02:00,"17,30"
14/10/2020,13/10/2020,0600 UTC,03:00,"17,50"
14/10/2020,13/10/2020,0700 UTC,04:00,"17,40"
14/10/2020,13/10/2020,0800 UTC,05:00,"17,20"
14/10/2020,13/10/2020,0900 UTC,06:00,"17,40"
14/10/2020,13/10/2020,1000 UTC,07:00,"18,10"
14/10/2020,13/10/2020,1100 UTC,08:00,"19,50"
14/10/2020,13/10/2020,1200 UTC,09:00,"22,80"
14/10/2020,13/10/2020,1300 UTC,10:00,"26,00"
14/10/2020,13/10/2020,1400 UTC,11:00,"28,30"
14/10/2020,13/10/2020,1500 UTC,12:00,"29,30"
14/10/2020,13/10/2020,1600 UTC,13:00,"31,20"
14/10/2020,13/10/2020,1700 UTC,14:00,"32,30"
14/10/2020,13/10/2020,1800 UTC,15:00,"32,70"
14/10/2020,13/10/2020,1900 UTC,16:00,"33,40"
14/10/2020,13/10/2020,2000 UTC,17:00,"26,20"
14/10/2020,13/10/2020,2100 UTC,18:00,"21,60"
14/10/2020,13/10/2020,2200 UTC,19:00,"19,90"
14/10/2020,13/10/2020,2300 UTC,20:00,"19,10"
15/10/2020,14/10/2020,0000 UTC,21:00,"18,60"
15/10/2020,14/10/2020,0100 UTC,22:00,"18,70"
15/10/2020,14/10/2020,0200 UTC,23:00,"18,70"
15/10/2020,14/10/2020,0300 UTC,00:00,"18,60"
15/10/2020,14/10/2020,0400 UTC,01:00,"18,50"
15/10/2020,14/10/2020,0500 UTC,02:00,"17,80"
15/10/2020,14/10/2020,0600 UTC,03:00,"17,60"
15/10/2020,14/10/2020,0700 UTC,04:00,"17,40"
15/10/2020,14/10/2020,0800 UTC,05:00,"17,40"
15/10/2020,14/10/2020,0900 UTC,06:00,"17,10"
15/10/2020,14/10/2020,1000 UTC,07:00,"16,90"
15/10/2020,14/10/2020,1100 UTC,08:00,"17,10"
15/10/2020,14/10/2020,1200 UTC,09:00,"17,90"
15/10/2020,14/10/2020,1300 UTC,10:00,"18,50"
15/10/2020,14/10/2020,1400 UTC,11:00,"19,10"
15/10/2020,14/10/2020,1500 UTC,12:00,"19,60"
15/10/2020,14/10/2020,1600 UTC,13:00,"20,80"
15/10/2020,14/10/2020,1700 UTC,14:00,"20,70"
15/10/2020,14/10/2020,1800 UTC,15:00,"20,30"
15/10/2020,14/10/2020,1900 UTC,16:00,"19,20"
15/10/2020,14/10/2020,2000 UTC,17:00,"18,80"
15/10/2020,14/10/2020,2100 UTC,18:00,"17,50"
15/10/2020,14/10/2020,2200 UTC,19:00,"17,10"
15/10/2020,14/10/2020,2300 UTC,20:00,"17,10"
16/10/2020,15/10/2020,0000 UTC,21:00,"16,40"
16/10/2020,15/10/2020,0100 UTC,22:00,"15,80"
16/10/2020,15/10/2020,0200 UTC,23:00,"15,70"
16/10/2020,15/10/2020,0300 UTC,00:00,"16,00"
16/10/2020,15/10/2020,0400 UTC,01:00,"15,80"
16/10/2020,15/10/2020,0500 UTC,02:00,"15,70"
16/10/2020,15/10/2020,0600 UTC,03:00,"15,40"
16/10/2020,15/10/2020,0700 UTC,04:00,"15,00"
16/10/2020,15/10/2020,0800 UTC,05:00,"14,80"
16/10/2020,15/10/2020,0900 UTC,06:00,"14,80"
16/10/2020,15/10/2020,1000 UTC,07:00,"14,80"
16/10/2020,15/10/2020,1100 UTC,08:00,"15,30"
16/10/2020,15/10/2020,1200 UTC,09:00,"15,80"
16/10/2020,15/10/2020,1300 UTC,10:00,"16,80"
16/10/2020,15/10/2020,1400 UTC,11:00,"17,90"
16/10/2020,15/10/2020,1500 UTC,12:00,"17,50"
16/10/2020,15/10/2020,1600 UTC,13:00,"19,30"
16/10/2020,15/10/2020,1700 UTC,14:00,"19,30"
16/10/2020,15/10/2020,1800 UTC,15:00,"18,70"
16/10/2020,15/10/2020,1900 UTC,16:00,"18,00"
16/10/2020,15/10/2020,2000 UTC,17:00,"17,90"
16/10/2020,15/10/2020,2100 UTC,18:00,"16,80"
16/10/2020,15/10/2020,2200 UTC,19:00,"15,70"
16/10/2020,15/10/2020,2300 UTC,20:00,"15,10"
17/10/2020,16/10/2020,0000 UTC,21:00,"14,80"
17/10/2020,16/10/2020,0100 UTC,22:00,"14,70"
17/10/2020,16/10/2020,0200 UTC,23:00,"14,40"
17/10/2020,16/10/2020,0300 UTC,00:00,"14,30"
17/10/2020,16/10/2020,0400 UTC,01:00,"13,70"
17/10/2020,16/10/2020,0500 UTC,02:00,"13,80"
17/10/2020,16/10/2020,0600 UTC,03:00,"13,40"
17/10/2020,16/10/2020,0700 UTC,04:00,"13,30"
17/10/2020,16/10/2020,0800 UTC,05:00,"14,10"
17/10/2020,16/10/2020,0900 UTC,06:00,"14,00"
17/10/2020,16/10/2020,1000 UTC,07:00,"15,10"
17/10/2020,16/10/2020,1100 UTC,08:00,"16,60"
17/10/2020,16/10/2020,1200 UTC,09:00,"17,80"
17/10/2020,16/10/2020,1300 UTC,10:00,"19,30"
17/10/2020,16/10/2020,1400 UTC,11:00,"21,00"
17/10/2020,16/10/2020,1500 UTC,12:00,"21,20"
17/10/2020,16/10/2020,1600 UTC,13:00,"22,30"
17/10/2020,16/10/2020,1700 UTC,14:00,"22,10"
17/10/2020,16/10/2020,1800 UTC,15:00,"21,30"
17/10/2020,16/10/2020,1900 UTC,16:00,"20,80"
17/10/2020,16/10/2020,2000 UTC,17:00,"19,10"
17/10/2020,16/10/2020,2100 UTC,18:00,"16,90"
17/10/2020,16/10/2020,2200 UTC,19:00,"16,10"
17/10/2020,16/10/2020,2300 UTC,20:00,"16,40"
18/10/2020,17/10/2020,0000 UTC,21:00,"15,10"
18/10/2020,17/10/2020,0100 UTC,22:00,"14,70"
18/10/2020,17/10/2020,0200 UTC,23:00,"14,70"
18/10/2020,17/10/2020,0300 UTC,00:00,"14,10"
18/10/2020,17/10/2020,0400 UTC,01:00,"13,80"
18/10/2020,17/10/2020,0500 UTC,02:00,"14,60"
18/10/2020,17/10/2020,0600 UTC,03:00,"15,30"
18/10/2020,17/10/2020,0700 UTC,04:00,"15,20"
18/10/2020,17/10/2020,0800 UTC,05:00,"15,60"
18/10/2020,17/10/2020,0900 UTC,06:00,"15,80"
18/10/2020,17/10/2020,1000 UTC,07:00,"16,10"
18/10/2020,17/10/2020,1100 UTC,08:00,"17,50"
18/10/2020,17/10/2020,1200 UTC,09:00,"19,40"
18/10/2020,17/10/2020,1300 UTC,10:00,"21,40"
18/10/2020,17/10/2020,1400 UTC,11:00,"22,30"
18/10/2020,17/10/2020,1500 UTC,12:00,"23,50"
18/10/2020,17/10/2020,1600 UTC,13:00,"23,00"
18/10/2020,17/10/2020,1700 UTC,14:00,"23,80"
18/10/2020,17/10/2020,1800 UTC,15:00,"22,60"
18/10/2020,17/10/2020,1900 UTC,16:00,"21,30"
18/10/2020,17/10/2020,2000 UTC,17:00,"19,70"
18/10/2020,17/10/2020,2100 UTC,18:00,"19,20"
18/10/2020,17/10/2020,2200 UTC,19:00,"18,00"
18/10/2020,17/10/2020,2300 UTC,20:00,"18,30"
19/10/2020,18/10/2020,0000 UTC,21:00,"18,30"
19/10/2020,18/10/2020,0100 UTC,22:00,"18,00"
19/10/2020,18/10/2020,0200 UTC,23:00,"17,50"
19/10/2020,18/10/2020,0300 UTC,00:00,"17,70"
19/10/2020,18/10/2020,0400 UTC,01:00,"17,50"
19/10/2020,18/10/2020,0500 UTC,02:00,"17,40"
19/10/2020,18/10/2020,0600 UTC,03:00,"17,10"
19/10/2020,18/10/2020,0700 UTC,04:00,"17,20"
19/10/2020,18/10/2020,0800 UTC,05:00,"17,30"
19/10/2020,18/10/2020,0900 UTC,06:00,"17,60"
19/10/2020,18/10/2020,1000 UTC,07:00,"18,10"
19/10/2020,18/10/2020,1100 UTC,08:00,"19,10"
19/10/2020,18/10/2020,1200 UTC,09:00,"22,60"
19/10/2020,18/10/2020,1300 UTC,10:00,"24,50"
19/10/2020,18/10/2020,1400 UTC,11:00,"25,30"
19/10/2020,18/10/2020,1500 UTC,12:00,"25,90"
19/10/2020,18/10/2020,1600 UTC,13:00,"26,70"
19/10/2020,18/10/2020,1700 UTC,14:00,"29,10"
19/10/2020,18/10/2020,1800 UTC,15:00,"26,30"
19/10/2020,18/10/2020,1900 UTC,16:00,"24,80"
19/10/2020,18/10/2020,2000 UTC,17:00,"22,70"
19/10/2020,18/10/2020,2100 UTC,18:00,"22,10"
19/10/2020,18/10/2020,2200 UTC,19:00,"21,00"
19/10/2020,18/10/2020,2300 UTC,20:00,"20,00"
20/10/2020,19/10/2020,0000 UTC,21:00,"19,90"
20/10/2020,19/10/2020,0100 UTC,22:00,"19,10"
20/10/2020,19/10/2020,0200 UTC,23:00,"18,40"
20/10/2020,19/10/2020,0300 UTC,00:00,"18,70"
20/10/2020,19/10/2020,0400 UTC,01:00,"19,10"
20/10/2020,19/10/2020,0500 UTC,02:00,"18,90"
20/10/2020,19/10/2020,0600 UTC,03:00,"18,60"
20/10/2020,19/10/2020,0700 UTC,04:00,"17,90"
20/10/2020,19/10/2020,0800 UTC,05:00,"17,50"
20/10/2020,19/10/2020,0900 UTC,06:00,"17,00"
20/10/2020,19/10/2020,1000 UTC,07:00,"18,70"
20/10/2020,19/10/2020,1100 UTC,08:00,"22,30"
20/10/2020,19/10/2020,1200 UTC,09:00,"24,40"
20/10/2020,19/10/2020,1300 UTC,10:00,"25,10"
20/10/2020,19/10/2020,1400 UTC,11:00,"25,30"
20/10/2020,19/10/2020,1500 UTC,12:00,"26,30"
20/10/2020,19/10/2020,1600 UTC,13:00,"28,00"
20/10/2020,19/10/2020,1700 UTC,14:00,"27,50"
20/10/2020,19/10/2020,1800 UTC,15:00,"29,20"
20/10/2020,19/10/2020,1900 UTC,16:00,"29,30"
20/10/2020,19/10/2020,2000 UTC,17:00,"21,20"
20/10/2020,19/10/2020,2100 UTC,18:00,"19,70"
20/10/2020,19/10/2020,2200 UTC,19:00,"19,90"
20/10/2020,19/10/2020,2300 UTC,20:00,"20,50"
21/10/2020,20/10/2020,0000 UTC,21:00,"19,90"
21/10/2020,20/10/2020,0100 UTC,22:00,"19,50"
21/10/2020,20/10/2020,0200 UTC,23:00,"20,10"
21/10/2020,20/10/2020,0300 UTC,00:00,"19,40"
21/10/2020,20/10/2020,0400 UTC,01:00,"19,40"
21/10/2020,20/10/2020,0500 UTC,02:00,"19,10"
21/10/2020,20/10/2020,0600 UTC,03:00,"18,50"
21/10/2020,20/10/2020,0700 UTC,04:00,"18,40"
21/10/2020,20/10/2020,0800 UTC,05:00,"18,30"
21/10/2020,20/10/2020,0900 UTC,06:00,"18,20"
21/10/2020,20/10/2020,1000 UTC,07:00,"18,60"
21/10/2020,20/10/2020,1100 UTC,08:00,"20,40"
21/10/2020,20/10/2020,1200 UTC,09:00,"22,90"
21/10/2020,20/10/2020,1300 UTC,10:00,"21,70"
21/10/2020,20/10/2020,1400 UTC,11:00,"22,40"
21/10/2020,20/10/2020,1500 UTC,12:00,"23,80"
21/10/2020,20/10/2020,1600 UTC,13:00,"24,20"
21/10/2020,20/10/2020,1700 UTC,14:00,"24,00"
21/10/2020,20/10/2020,1800 UTC,15:00,"22,90"
21/10/2020,20/10/2020,1900 UTC,16:00,"21,00"
21/10/2020,20/10/2020,2000 UTC,17:00,"20,30"
21/10/2020,20/10/2020,2100 UTC,18:00,"19,90"
21/10/2020,20/10/2020,2200 UTC,19:00,"19,10"
21/10/2020,20/10/2020,2300 UTC,20:00,"18,70"
22/10/2020,21/10/2020,0000 UTC,21:00,"18,80"
22/10/2020,21/10/2020,0100 UTC,22:00,"18,50"
22/10/2020,21/10/2020,0200 UTC,23:00,"18,00"
22/10/2020,21/10/2020,0300 UTC,00:00,"17,80"
22/10/2020,21/10/2020,0400 UTC,01:00,"17,50"
22/10/2020,21/10/2020,0500 UTC,02:00,"17,70"
22/10/2020,21/10/2020,0600 UTC,03:00,"17,40"
22/10/2020,21/10/2020,0700 UTC,04:00,"17,10"
22/10/2020,21/10/2020,0800 UTC,05:00,"16,80"
22/10/2020,21/10/2020,0900 UTC,06:00,"17,30"
22/10/2020,21/10/2020,1000 UTC,07:00,"18,50"
22/10/2020,21/10/2020,1100 UTC,08:00,"19,60"
22/10/2020,21/10/2020,1200 UTC,09:00,"20,90"
22/10/2020,21/10/2020,1300 UTC,10:00,"22,10"
22/10/2020,21/10/2020,1400 UTC,11:00,"23,90"
22/10/2020,21/10/2020,1500 UTC,12:00,"24,90"
22/10/2020,21/10/2020,1600 UTC,13:00,"25,00"
22/10/2020,21/10/2020,1700 UTC,14:00,"23,20"
22/10/2020,21/10/2020,1800 UTC,15:00,"24,10"
22/10/2020,21/10/2020,1900 UTC,16:00,"23,30"
22/10/2020,21/10/2020,2000 UTC,17:00,"21,40"
22/10/2020,21/10/2020,2100 UTC,18:00,"19,80"
22/10/2020,21/10/2020,2200 UTC,19:00,"18,50"
22/10/2020,21/10/2020,2300 UTC,20:00,"18,00"
23/10/2020,22/10/2020,0000 UTC,21:00,"17,60"
23/10/2020,22/10/2020,0100 UTC,22:00,"18,10"
23/10/2020,22/10/2020,0200 UTC,23:00,"18,10"
23/10/2020,22/10/2020,0300 UTC,00:00,"17,70"
23/10/2020,22/10/2020,0400 UTC,01:00,"17,60"
23/10/2020,22/10/2020,0500 UTC,02:00,"17,30"
23/10/2020,22/10/2020,0600 UTC,03:00,"16,80"
23/10/2020,22/10/2020,0700 UTC,04:00,"16,80"
23/10/2020,22/10/2020,0800 UTC,05:00,"16,70"
23/10/2020,22/10/2020,0900 UTC,06:00,"16,30"
23/10/2020,22/10/2020,1000 UTC,07:00,"18,30"
23/10/2020,22/10/2020,1100 UTC,08:00,"20,10"
23/10/2020,22/10/2020,1200 UTC,09:00,"22,00"
23/10/2020,22/10/2020,1300 UTC,10:00,"24,40"
23/10/2020,22/10/2020,1400 UTC,11:00,"25,80"
23/10/2020,22/10/2020,1500 UTC,12:00,"26,60"
23/10/2020,22/10/2020,1600 UTC,13:00,"26,80"
23/10/2020,22/10/2020,1700 UTC,14:00,"25,60"
23/10/2020,22/10/2020,1800 UTC,15:00,"25,60"
23/10/2020,22/10/2020,1900 UTC,16:00,"23,90"
23/10/2020,22/10/2020,2000 UTC,17:00,"22,20"
23/10/2020,22/10/2020,2100 UTC,18:00,"20,10"
23/10/2020,22/10/2020,2200 UTC,19:00,"19,30"
23/10/2020,22/10/2020,2300 UTC,20:00,"18,30"
24/10/2020,23/10/2020,0000 UTC,21:00,"18,10"
24/10/2020,23/10/2020,0100 UTC,22:00,"17,80"
24/10/2020,23/10/2020,0200 UTC,23:00,"17,30"
24/10/2020,23/10/2020,0300 UTC,00:00,"17,40"
24/10/2020,23/10/2020,0400 UTC,01:00,"17,30"
24/10/2020,23/10/2020,0500 UTC,02:00,"16,90"
24/10/2020,23/10/2020,0600 UTC,03:00,"16,80"
24/10/2020,23/10/2020,0700 UTC,04:00,"16,70"
24/10/2020,23/10/2020,0800 UTC,05:00,"16,60"
24/10/2020,23/10/2020,0900 UTC,06:00,"16,60"
24/10/2020,23/10/2020,1000 UTC,07:00,"17,90"
24/10/2020,23/10/2020,1100 UTC,08:00,"20,80"
24/10/2020,23/10/2020,1200 UTC,09:00,"21,70"
24/10/2020,23/10/2020,1300 UTC,10:00,"22,50"
24/10/2020,23/10/2020,1400 UTC,11:00,"23,10"
24/10/2020,23/10/2020,1500 UTC,12:00,"24,10"
24/10/2020,23/10/2020,1600 UTC,13:00,"23,50"
24/10/2020,23/10/2020,1700 UTC,14:00,"24,80"
24/10/2020,23/10/2020,1800 UTC,15:00,"23,90"
24/10/2020,23/10/2020,1900 UTC,16:00,"24,80"
24/10/2020,23/10/2020,2000 UTC,17:00,"23,90"
24/10/2020,23/10/2020,2100 UTC,18:00,"21,80"
24/10/2020,23/10/2020,2200 UTC,19:00,"20,10"
24/10/2020,23/10/2020,2300 UTC,20:00,"19,50"
25/10/2020,24/10/2020,0000 UTC,21:00,"19,60"
25/10/2020,24/10/2020,0100 UTC,22:00,"19,10"
25/10/2020,24/10/2020,0200 UTC,23:00,"19,20"
25/10/2020,24/10/2020,0300 UTC,00:00,"18,90"
25/10/2020,24/10/2020,0400 UTC,01:00,"19,10"
25/10/2020,24/10/2020,0500 UTC,02:00,"18,80"
25/10/2020,24/10/2020,0600 UTC,03:00,"18,70"
25/10/2020,24/10/2020,0700 UTC,04:00,"18,70"
25/10/2020,24/10/2020,0800 UTC,05:00,"18,20"
25/10/2020,24/10/2020,0900 UTC,06:00,"18,50"
25/10/2020,24/10/2020,1000 UTC,07:00,"19,40"
25/10/2020,24/10/2020,1100 UTC,08:00,"22,20"
25/10/2020,24/10/2020,1200 UTC,09:00,"23,00"
25/10/2020,24/10/2020,1300 UTC,10:00,"25,40"
25/10/2020,24/10/2020,1400 UTC,11:00,"26,90"
25/10/2020,24/10/2020,1500 UTC,12:00,"26,20"
25/10/2020,24/10/2020,1600 UTC,13:00,"24,10"
25/10/2020,24/10/2020,1700 UTC,14:00,"23,80"
25/10/2020,24/10/2020,1800 UTC,15:00,"23,30"
25/10/2020,24/10/2020,1900 UTC,16:00,"22,80"
25/10/2020,24/10/2020,2000 UTC,17:00,"21,20"
25/10/2020,24/10/2020,2100 UTC,18:00,"20,50"
25/10/2020,24/10/2020,2200 UTC,19:00,"19,30"
25/10/2020,24/10/2020,2300 UTC,20:00,"18,50"
26/10/2020,25/10/2020,0000 UTC,21:00,"17,90"
26/10/2020,25/10/2020,0100 UTC,22:00,"17,30"
26/10/2020,25/10/2020,0200 UTC,23:00,"17,00"
26/10/2020,25/10/2020,0300 UTC,00:00,"17,60"
26/10/2020,25/10/2020,0400 UTC,01:00,"18,00"
26/10/2020,25/10/2020,0500 UTC,02:00,"18,00"
26/10/2020,25/10/2020,0600 UTC,03:00,"17,50"
26/10/2020,25/10/2020,0700 UTC,04:00,"16,90"
26/10/2020,25/10/2020,0800 UTC,05:00,"16,40"
26/10/2020,25/10/2020,0900 UTC,06:00,"16,90"
26/10/2020,25/10/2020,1000 UTC,07:00,"17,90"
26/10/2020,25/10/2020,1100 UTC,08:00,"20,70"
26/10/2020,25/10/2020,1200 UTC,09:00,"20,90"
26/10/2020,25/10/2020,1300 UTC,10:00,"21,70"
26/10/2020,25/10/2020,1400 UTC,11:00,"23,10"
26/10/2020,25/10/2020,1500 UTC,12:00,"24,60"
26/10/2020,25/10/2020,1600 UTC,13:00,"25,80"
26/10/2020,25/10/2020,1700 UTC,14:00,"26,90"
26/10/2020,25/10/2020,1800 UTC,15:00,"27,20"
26/10/2020,25/10/2020,1900 UTC,16:00,"26,10"
26/10/2020,25/10/2020,2000 UTC,17:00,"24,60"
26/10/2020,25/10/2020,2100 UTC,18:00,"22,60"
26/10/2020,25/10/2020,2200 UTC,19:00,"20,90"
26/10/2020,25/10/2020,2300 UTC,20:00,"19,90"
27/10/2020,26/10/2020,0000 UTC,21:00,"19,20"
27/10/2020,26/10/2020,0100 UTC,22:00,"18,80"
27/10/2020,26/10/2020,0200 UTC,23:00,"18,80"
27/10/2020,26/10/2020,0300 UTC,00:00,"18,50"
27/10/2020,26/10/2020,0400 UTC,01:00,"18,50"
27/10/2020,26/10/2020,0500 UTC,02:00,"18,50"
27/10/2020,26/10/2020,0600 UTC,03:00,"18,50"
27/10/2020,26/10/2020,0700 UTC,04:00,"18,20"
27/10/2020,26/10/2020,0800 UTC,05:00,"18,10"
27/10/2020,26/10/2020,0900 UTC,06:00,"18,00"
27/10/2020,26/10/2020,1000 UTC,07:00,"18,80"
27/10/2020,26/10/2020,1100 UTC,08:00,"21,80"
27/10/2020,26/10/2020,1200 UTC,09:00,"22,60"
27/10/2020,26/10/2020,1300 UTC,10:00,"24,10"
27/10/2020,26/10/2020,1400 UTC,11:00,"25,30"
27/10/2020,26/10/2020,1500 UTC,12:00,"27,60"
27/10/2020,26/10/2020,1600 UTC,13:00,"29,10"
27/10/2020,26/10/2020,1700 UTC,14:00,"29,90"
27/10/2020,26/10/2020,1800 UTC,15:00,"30,80"
27/10/2020,26/10/2020,1900 UTC,16:00,"30,20"
27/10/2020,26/10/2020,2000 UTC,17:00,"28,30"
27/10/2020,26/10/2020,2100 UTC,18:00,"26,60"
27/10/2020,26/10/2020,2200 UTC,19:00,"24,30"
27/10/2020,26/10/2020,2300 UTC,20:00,"22,80"
28/10/2020,27/10/2020,0000 UTC,21:00,"22,10"
28/10/2020,27/10/2020,0100 UTC,22:00,"21,60"
28/10/2020,27/10/2020,0200 UTC,23:00,"21,00"
28/10/2020,27/10/2020,0300 UTC,00:00,"20,10"
28/10/2020,27/10/2020,0400 UTC,01:00,"16,70"
28/10/2020,27/10/2020,0500 UTC,02:00,"16,60"
28/10/2020,27/10/2020,0600 UTC,03:00,"15,70"
28/10/2020,27/10/2020,0700 UTC,04:00,"16,20"
28/10/2020,27/10/2020,0800 UTC,05:00,"16,00"
28/10/2020,27/10/2020,0900 UTC,06:00,"17,00"
28/10/2020,27/10/2020,1000 UTC,07:00,"20,10"
28/10/2020,27/10/2020,1100 UTC,08:00,"21,60"
28/10/2020,27/10/2020,1200 UTC,09:00,"24,40"
28/10/2020,27/10/2020,1300 UTC,10:00,"27,10"
28/10/2020,27/10/2020,1400 UTC,11:00,"29,00"
28/10/2020,27/10/2020,1500 UTC,12:00,"30,10"
28/10/2020,27/10/2020,1600 UTC,13:00,"30,40"
28/10/2020,27/10/2020,1700 UTC,14:00,"32,00"
28/10/2020,27/10/2020,1800 UTC,15:00,"32,10"
28/10/2020,27/10/2020,1900 UTC,16:00,"33,20"
28/10/2020,27/10/2020,2000 UTC,17:00,"32,50"
28/10/2020,27/10/2020,2100 UTC,18:00,"29,30"
28/10/2020,27/10/2020,2200 UTC,19:00,"26,40"
28/10/2020,27/10/2020,2300 UTC,20:00,"25,10"
29/10/2020,28/10/2020,0000 UTC,21:00,"24,70"
29/10/2020,28/10/2020,0100 UTC,22:00,"20,20"
29/10/2020,28/10/2020,0200 UTC,23:00,"19,00"
29/10/2020,28/10/2020,0300 UTC,00:00,"16,60"
29/10/2020,28/10/2020,0400 UTC,01:00,"16,30"
29/10/2020,28/10/2020,0500 UTC,02:00,"15,60"
29/10/2020,28/10/2020,0600 UTC,03:00,"14,70"
29/10/2020,28/10/2020,0700 UTC,04:00,"16,40"
29/10/2020,28/10/2020,0800 UTC,05:00,"16,40"
29/10/2020,28/10/2020,0900 UTC,06:00,"16,00"
29/10/2020,28/10/2020,1000 UTC,07:00,"17,90"
29/10/2020,28/10/2020,1100 UTC,08:00,"19,40"
29/10/2020,28/10/2020,1200 UTC,09:00,"23,10"
29/10/2020,28/10/2020,1300 UTC,10:00,"26,00"
29/10/2020,28/10/2020,1400 UTC,11:00,"28,50"
29/10/2020,28/10/2020,1500 UTC,12:00,"30,60"
29/10/2020,28/10/2020,1600 UTC,13:00,"32,10"
29/10/2020,28/10/2020,1700 UTC,14:00,"29,70"
29/10/2020,28/10/2020,1800 UTC,15:00,"29,40"
29/10/2020,28/10/2020,1900 UTC,16:00,"25,40"
29/10/2020,28/10/2020,2000 UTC,17:00,"22,70"
29/10/2020,28/10/2020,2100 UTC,18:00,"21,00"
29/10/2020,28/10/2020,2200 UTC,19:00,"19,70"
29/10/2020,28/10/2020,2300 UTC,20:00,"19,10"
30/10/2020,29/10/2020,0000 UTC,21:00,"19,00"
30/10/2020,29/10/2020,0100 UTC,22:00,"18,60"
30/10/2020,29/10/2020,0200 UTC,23:00,"18,40"
30/10/2020,29/10/2020,0300 UTC,00:00,"18,20"
30/10/2020,29/10/2020,0400 UTC,01:00,"18,00"
30/10/2020,29/10/2020,0500 UTC,02:00,"18,00"
30/10/2020,29/10/2020,0600 UTC,03:00,"17,60"
30/10/2020,29/10/2020,0700 UTC,04:00,"17,30"
30/10/2020,29/10/2020,0800 UTC,05:00,"17,20"
30/10/2020,29/10/2020,0900 UTC,06:00,"17,20"
30/10/2020,29/10/2020,1000 UTC,07:00,"16,70"
30/10/2020,29/10/2020,1100 UTC,08:00,"16,90"
30/10/2020,29/10/2020,1200 UTC,09:00,"17,10"
30/10/2020,29/10/2020,1300 UTC,10:00,"17,40"
30/10/2020,29/10/2020,1400 UTC,11:00,"17,80"
30/10/2020,29/10/2020,1500 UTC,12:00,"17,40"
30/10/2020,29/10/2020,1600 UTC,13:00,"16,90"
30/10/2020,29/10/2020,1700 UTC,14:00,"16,80"
30/10/2020,29/10/2020,1800 UTC,15:00,"16,80"
30/10/2020,29/10/2020,1900 UTC,16:00,"16,10"
30/10/2020,29/10/2020,2000 UTC,17:00,"15,90"
30/10/2020,29/10/2020,2100 UTC,18:00,"15,90"
30/10/2020,29/10/2020,2200 UTC,19:00,"15,50"
30/10/2020,29/10/2020,2300 UTC,20:00,"15,50"
31/10/2020,30/10/2020,0000 UTC,21:00,"15,50"
31/10/2020,30/10/2020,0100 UTC,22:00,"15,30"
31/10/2020,30/10/2020,0200 UTC,23:00,"15,30"
31/10/2020,30/10/2020,0300 UTC,00:00,"15,40"
31/10/2020,30/10/2020,0400 UTC,01:00,"15,10"
31/10/2020,30/10/2020,0500 UTC,02:00,"14,90"
31/10/2020,30/10/2020,0600 UTC,03:00,"14,70"
31/10/2020,30/10/2020,0700 UTC,04:00,"14,50"
31/10/2020,30/10/2020,0800 UTC,05:00,"14,70"
31/10/2020,30/10/2020,0900 UTC,06:00,"15,10"
31/10/2020,30/10/2020,1000 UTC,07:00,"15,70"
31/10/2020,30/10/2020,1100 UTC,08:00,"16,80"
31/10/2020,30/10/2020,1200 UTC,09:00,"16,80"
31/10/2020,30/10/2020,1300 UTC,10:00,"17,30"
31/10/2020,30/10/2020,1400 UTC,11:00,"17,60"
31/10/2020,30/10/2020,1500 UTC,12:00,"16,80"
31/10/2020,30/10/2020,1600 UTC,13:00,"16,20"
31/10/2020,30/10/2020,1700 UTC,14:00,"17,40"
31/10/2020,30/10/2020,1800 UTC,15:00,"16,90"
31/10/2020,30/10/2020,1900 UTC,16:00,"17,00"
31/10/2020,30/10/2020,2000 UTC,17:00,"16,80"
31/10/2020,30/10/2020,2100 UTC,18:00,"15,40"
31/10/2020,30/10/2020,2200 UTC,19:00,"15,10"
31/10/2020,30/10/2020,2300 UTC,20:00,"14,90"
01/11/2020,31/10/2020,0000 UTC,21:00,"15,10"
01/11/2020,31/10/2020,0100 UTC,22:00,"14,10"
01/11/2020,31/10/2020,0200 UTC,23:00,"14,50"
01/11/2020,31/10/2020,0300 UTC,00:00,"14,20"
01/11/2020,31/10/2020,0400 UTC,01:00,"14,40"
01/11/2020,31/10/2020,0500 UTC,02:00,"14,00"
01/11/2020,31/10/2020,0600 UTC,03:00,"14,00"
01/11/2020,31/10/2020,0700 UTC,04:00,"13,90"
01/11/2020,31/10/2020,0800 UTC,05:00,"14,00"
01/11/2020,31/10/2020,0900 UTC,06:00,"14,20"
01/11/2020,31/10/2020,1000 UTC,07:00,"14,50"
01/11/2020,31/10/2020,1100 UTC,08:00,"15,50"
01/11/2020,31/10/2020,1200 UTC,09:00,"16,60"
01/11/2020,31/10/2020,1300 UTC,10:00,"18,00"
01/11/2020,31/10/2020,1400 UTC,11:00,"18,20"
01/11/2020,31/10/2020,1500 UTC,12:00,"19,00"
01/11/2020,31/10/2020,1600 UTC,13:00,"20,30"
01/11/2020,31/10/2020,1700 UTC,14:00,"19,00"
01/11/2020,31/10/2020,1800 UTC,15:00,"17,40"
01/11/2020,31/10/2020,1900 UTC,16:00,"16,70"
01/11/2020,31/10/2020,2000 UTC,17:00,"16,80"
01/11/2020,31/10/2020,2100 UTC,18:00,"14,40"
01/11/2020,31/10/2020,2200 UTC,19:00,"13,70"
01/11/2020,31/10/2020,2300 UTC,20:00,"14,00"
02/11/2020,01/11/2020,0000 UTC,21:00,"12,80"
02/11/2020,01/11/2020,0100 UTC,22:00,"12,30"
02/11/2020,01/11/2020,0200 UTC,23:00,"12,20"
02/11/2020,01/11/2020,0300 UTC,00:00,"12,20"
02/11/2020,01/11/2020,0400 UTC,01:00,"12,60"
02/11/2020,01/11/2020,0500 UTC,02:00,"12,50"
02/11/2020,01/11/2020,0600 UTC,03:00,"12,30"
02/11/2020,01/11/2020,0700 UTC,04:00,"12,50"
02/11/2020,01/11/2020,0800 UTC,05:00,"12,70"
02/11/2020,01/11/2020,0900 UTC,06:00,"12,40"
02/11/2020,01/11/2020,1000 UTC,07:00,"13,50"
02/11/2020,01/11/2020,1100 UTC,08:00,"15,10"
02/11/2020,01/11/2020,1200 UTC,09:00,"18,00"
02/11/2020,01/11/2020,1300 UTC,10:00,"17,90"
02/11/2020,01/11/2020,1400 UTC,11:00,"17,30"
02/11/2020,01/11/2020,1500 UTC,12:00,"19,50"
02/11/2020,01/11/2020,1600 UTC,13:00,"19,50"
02/11/2020,01/11/2020,1700 UTC,14:00,"20,70"
02/11/2020,01/11/2020,1800 UTC,15:00,"19,90"
02/11/2020,01/11/2020,1900 UTC,16:00,"20,30"
02/11/2020,01/11/2020,2000 UTC,17:00,"18,40"
02/11/2020,01/11/2020,2100 UTC,18:00,"16,30"
02/11/2020,01/11/2020,2200 UTC,19:00,"14,80"
02/11/2020,01/11/2020,2300 UTC,20:00,"13,60"
03/11/2020,02/11/2020,0000 UTC,21:00,"13,80"
03/11/2020,02/11/2020,0100 UTC,22:00,"13,00"
03/11/2020,02/11/2020,0200 UTC,23:00,"12,60"
03/11/2020,02/11/2020,0300 UTC,00:00,"11,70"
03/11/2020,02/11/2020,0400 UTC,01:00,"10,80"
03/11/2020,02/11/2020,0500 UTC,02:00,"11,10"
03/11/2020,02/11/2020,0600 UTC,03:00,"9,90"
03/11/2020,02/11/2020,0700 UTC,04:00,"10,00"
03/11/2020,02/11/2020,0800 UTC,05:00,"10,30"
03/11/2020,02/11/2020,0900 UTC,06:00,"10,40"
03/11/2020,02/11/2020,1000 UTC,07:00,"13,90"
03/11/2020,02/11/2020,1100 UTC,08:00,"16,30"
03/11/2020,02/11/2020,1200 UTC,09:00,"18,70"
03/11/2020,02/11/2020,1300 UTC,10:00,"20,20"
03/11/2020,02/11/2020,1400 UTC,11:00,"21,30"
03/11/2020,02/11/2020,1500 UTC,12:00,"22,50"
03/11/2020,02/11/2020,1600 UTC,13:00,"22,60"
03/11/2020,02/11/2020,1700 UTC,14:00,"22,90"
03/11/2020,02/11/2020,1800 UTC,15:00,"23,70"
03/11/2020,02/11/2020,1900 UTC,16:00,"22,40"
03/11/2020,02/11/2020,2000 UTC,17:00,"21,40"
03/11/2020,02/11/2020,2100 UTC,18:00,"18,70"
03/11/2020,02/11/2020,2200 UTC,19:00,"16,60"
03/11/2020,02/11/2020,2300 UTC,20:00,"15,00"
04/11/2020,03/11/2020,0000 UTC,21:00,"14,10"
04/11/2020,03/11/2020,0100 UTC,22:00,"13,70"
04/11/2020,03/11/2020,0200 UTC,23:00,"13,70"
04/11/2020,03/11/2020,0300 UTC,00:00,"13,20"
04/11/2020,03/11/2020,0400 UTC,01:00,"12,60"
04/11/2020,03/11/2020,0500 UTC,02:00,"12,30"
04/11/2020,03/11/2020,0600 UTC,03:00,"11,90"
04/11/2020,03/11/2020,0700 UTC,04:00,"10,90"
04/11/2020,03/11/2020,0800 UTC,05:00,"10,10"
04/11/2020,03/11/2020,0900 UTC,06:00,"11,20"
04/11/2020,03/11/2020,1000 UTC,07:00,"13,80"
04/11/2020,03/11/2020,1100 UTC,08:00,"16,90"
04/11/2020,03/11/2020,1200 UTC,09:00,"19,60"
04/11/2020,03/11/2020,1300 UTC,10:00,"21,60"
04/11/2020,03/11/2020,1400 UTC,11:00,"22,80"
04/11/2020,03/11/2020,1500 UTC,12:00,"23,30"
04/11/2020,03/11/2020,1600 UTC,13:00,"22,80"
04/11/2020,03/11/2020,1700 UTC,14:00,"23,40"
04/11/2020,03/11/2020,1800 UTC,15:00,"21,50"
04/11/2020,03/11/2020,1900 UTC,16:00,"18,20"
04/11/2020,03/11/2020,2000 UTC,17:00,"15,40"
04/11/2020,03/11/2020,2100 UTC,18:00,"14,80"
04/11/2020,03/11/2020,2200 UTC,19:00,"13,90"
04/11/2020,03/11/2020,2300 UTC,20:00,"13,70"
05/11/2020,04/11/2020,0000 UTC,21:00,"13,50"
05/11/2020,04/11/2020,0100 UTC,22:00,"13,20"
05/11/2020,04/11/2020,0200 UTC,23:00,"13,00"
05/11/2020,04/11/2020,0300 UTC,00:00,"12,70"
05/11/2020,04/11/2020,0400 UTC,01:00,"12,80"
05/11/2020,04/11/2020,0500 UTC,02:00,"12,60"
05/11/2020,04/11/2020,0600 UTC,03:00,"12,60"
05/11/2020,04/11/2020,0700 UTC,04:00,"12,90"
05/11/2020,04/11/2020,0800 UTC,05:00,"12,90"
05/11/2020,04/11/2020,0900 UTC,06:00,"13,10"
05/11/2020,04/11/2020,1000 UTC,07:00,"13,40"
05/11/2020,04/11/2020,1100 UTC,08:00,"14,60"
05/11/2020,04/11/2020,1200 UTC,09:00,"15,40"
05/11/2020,04/11/2020,1300 UTC,10:00,"16,20"
05/11/2020,04/11/2020,1400 UTC,11:00,"17,00"
05/11/2020,04/11/2020,1500 UTC,12:00,"18,20"
05/11/2020,04/11/2020,1600 UTC,13:00,"18,70"
05/11/2020,04/11/2020,1700 UTC,14:00,"19,00"
05/11/2020,04/11/2020,1800 UTC,15:00,"19,80"
05/11/2020,04/11/2020,1900 UTC,16:00,"20,80"
05/11/2020,04/11/2020,2000 UTC,17:00,"20,80"
05/11/2020,04/11/2020,2100 UTC,18:00,"18,50"
05/11/2020,04/11/2020,2200 UTC,19:00,"15,90"
05/11/2020,04/11/2020,2300 UTC,20:00,"14,80"
06/11/2020,05/11/2020,0000 UTC,21:00,"14,30"
06/11/2020,05/11/2020,0100 UTC,22:00,"13,60"
06/11/2020,05/11/2020,0200 UTC,23:00,"13,20"
06/11/2020,05/11/2020,0300 UTC,00:00,"13,30"
06/11/2020,05/11/2020,0400 UTC,01:00,"13,20"
06/11/2020,05/11/2020,0500 UTC,02:00,"13,60"
06/11/2020,05/11/2020,0600 UTC,03:00,"13,80"
06/11/2020,05/11/2020,0700 UTC,04:00,"13,60"
06/11/2020,05/11/2020,0800 UTC,05:00,"14,20"
06/11/2020,05/11/2020,0900 UTC,06:00,"13,90"
06/11/2020,05/11/2020,1000 UTC,07:00,"14,00"
06/11/2020,05/11/2020,1100 UTC,08:00,"14,90"
06/11/2020,05/11/2020,1200 UTC,09:00,"17,10"
06/11/2020,05/11/2020,1300 UTC,10:00,"17,10"
06/11/2020,05/11/2020,1400 UTC,11:00,"18,30"
06/11/2020,05/11/2020,1500 UTC,12:00,"20,50"
06/11/2020,05/11/2020,1600 UTC,13:00,"21,70"
06/11/2020,05/11/2020,1700 UTC,14:00,"22,50"
06/11/2020,05/11/2020,1800 UTC,15:00,"22,70"
06/11/2020,05/11/2020,1900 UTC,16:00,"22,00"
06/11/2020,05/11/2020,2000 UTC,17:00,"20,90"
06/11/2020,05/11/2020,2100 UTC,18:00,"18,40"
06/11/2020,05/11/2020,2200 UTC,19:00,"15,90"
06/11/2020,05/11/2020,2300 UTC,20:00,"14,60"
07/11/2020,06/11/2020,0000 UTC,21:00,"14,20"
07/11/2020,06/11/2020,0100 UTC,22:00,"15,10"
07/11/2020,06/11/2020,0200 UTC,23:00,"15,40"
07/11/2020,06/11/2020,0300 UTC,00:00,"14,30"
07/11/2020,06/11/2020,0400 UTC,01:00,"13,50"
07/11/2020,06/11/2020,0500 UTC,02:00,"13,40"
07/11/2020,06/11/2020,0600 UTC,03:00,"13,20"
07/11/2020,06/11/2020,0700 UTC,04:00,"12,00"
07/11/2020,06/11/2020,0800 UTC,05:00,"12,10"
07/11/2020,06/11/2020,0900 UTC,06:00,"12,00"
07/11/2020,06/11/2020,1000 UTC,07:00,"15,10"
07/11/2020,06/11/2020,1100 UTC,08:00,"17,30"
07/11/2020,06/11/2020,1200 UTC,09:00,"19,60"
07/11/2020,06/11/2020,1300 UTC,10:00,"21,60"
07/11/2020,06/11/2020,1400 UTC,11:00,"23,30"
07/11/2020,06/11/2020,1500 UTC,12:00,"24,90"
07/11/2020,06/11/2020,1600 UTC,13:00,"26,50"
07/11/2020,06/11/2020,1700 UTC,14:00,"27,10"
07/11/2020,06/11/2020,1800 UTC,15:00,"27,30"
07/11/2020,06/11/2020,1900 UTC,16:00,"27,50"
07/11/2020,06/11/2020,2000 UTC,17:00,"25,60"
07/11/2020,06/11/2020,2100 UTC,18:00,"22,60"
07/11/2020,06/11/2020,2200 UTC,19:00,"20,00"
07/11/2020,06/11/2020,2300 UTC,20:00,"18,30"
08/11/2020,07/11/2020,0000 UTC,21:00,"16,80"
08/11/2020,07/11/2020,0100 UTC,22:00,"15,80"
08/11/2020,07/11/2020,0200 UTC,23:00,"15,20"
08/11/2020,07/11/2020,0300 UTC,00:00,"14,90"
08/11/2020,07/11/2020,0400 UTC,01:00,"14,20"
08/11/2020,07/11/2020,0500 UTC,02:00,"14,00"
08/11/2020,07/11/2020,0600 UTC,03:00,"13,50"
08/11/2020,07/11/2020,0700 UTC,04:00,"12,80"
08/11/2020,07/11/2020,0800 UTC,05:00,"12,40"
08/11/2020,07/11/2020,0900 UTC,06:00,"13,40"
08/11/2020,07/11/2020,1000 UTC,07:00,"16,10"
08/11/2020,07/11/2020,1100 UTC,08:00,"18,50"
08/11/2020,07/11/2020,1200 UTC,09:00,"22,50"
08/11/2020,07/11/2020,1300 UTC,10:00,"24,80"
08/11/2020,07/11/2020,1400 UTC,11:00,"26,70"
08/11/2020,07/11/2020,1500 UTC,12:00,"28,60"
08/11/2020,07/11/2020,1600 UTC,13:00,"29,50"
08/11/2020,07/11/2020,1700 UTC,14:00,"30,90"
08/11/2020,07/11/2020,1800 UTC,15:00,"29,60"
08/11/2020,07/11/2020,1900 UTC,16:00,"28,90"
08/11/2020,07/11/2020,2000 UTC,17:00,"26,90"
08/11/2020,07/11/2020,2100 UTC,18:00,"24,00"
08/11/2020,07/11/2020,2200 UTC,19:00,"21,60"
08/11/2020,07/11/2020,2300 UTC,20:00,"19,90"
09/11/2020,08/11/2020,0000 UTC,21:00,"18,60"
09/11/2020,08/11/2020,0100 UTC,22:00,"18,30"
09/11/2020,08/11/2020,0200 UTC,23:00,"18,30"
09/11/2020,08/11/2020,0300 UTC,00:00,"18,00"
09/11/2020,08/11/2020,0400 UTC,01:00,"17,80"
09/11/2020,08/11/2020,0500 UTC,02:00,"17,50"
09/11/2020,08/11/2020,0600 UTC,03:00,"17,20"
09/11/2020,08/11/2020,0700 UTC,04:00,"16,50"
09/11/2020,08/11/2020,0800 UTC,05:00,"16,70"
09/11/2020,08/11/2020,0900 UTC,06:00,"17,00"
09/11/2020,08/11/2020,1000 UTC,07:00,"18,60"
09/11/2020,08/11/2020,1100 UTC,08:00,"20,20"
09/11/2020,08/11/2020,1200 UTC,09:00,"21,20"
09/11/2020,08/11/2020,1300 UTC,10:00,"21,70"
09/11/2020,08/11/2020,1400 UTC,11:00,"24,50"
09/11/2020,08/11/2020,1500 UTC,12:00,"26,60"
09/11/2020,08/11/2020,1600 UTC,13:00,"28,50"
09/11/2020,08/11/2020,1700 UTC,14:00,"28,90"
09/11/2020,08/11/2020,1800 UTC,15:00,"27,00"
09/11/2020,08/11/2020,1900 UTC,16:00,"23,30"
09/11/2020,08/11/2020,2000 UTC,17:00,"21,20"
09/11/2020,08/11/2020,2100 UTC,18:00,"20,80"
09/11/2020,08/11/2020,2200 UTC,19:00,"20,20"
09/11/2020,08/11/2020,2300 UTC,20:00,"19,00"
10/11/2020,09/11/2020,0000 UTC,21:00,"18,80"
10/11/2020,09/11/2020,0100 UTC,22:00,"18,80"
10/11/2020,09/11/2020,0200 UTC,23:00,"18,80"
10/11/2020,09/11/2020,0300 UTC,00:00,"18,70"
10/11/2020,09/11/2020,0400 UTC,01:00,"18,50"
10/11/2020,09/11/2020,0500 UTC,02:00,"18,10"
10/11/2020,09/11/2020,0600 UTC,03:00,"18,00"
10/11/2020,09/11/2020,0700 UTC,04:00,"18,00"
10/11/2020,09/11/2020,0800 UTC,05:00,"18,10"
10/11/2020,09/11/2020,0900 UTC,06:00,"18,50"
10/11/2020,09/11/2020,1000 UTC,07:00,"19,20"
10/11/2020,09/11/2020,1100 UTC,08:00,"20,00"
10/11/2020,09/11/2020,1200 UTC,09:00,"21,10"
10/11/2020,09/11/2020,1300 UTC,10:00,"23,70"
10/11/2020,09/11/2020,1400 UTC,11:00,"25,40"
10/11/2020,09/11/2020,1500 UTC,12:00,"26,60"
10/11/2020,09/11/2020,1600 UTC,13:00,"27,40"
10/11/2020,09/11/2020,1700 UTC,14:00,"28,30"
10/11/2020,09/11/2020,1800 UTC,15:00,"28,10"
10/11/2020,09/11/2020,1900 UTC,16:00,"27,00"
10/11/2020,09/11/2020,2000 UTC,17:00,"24,00"
10/11/2020,09/11/2020,2100 UTC,18:00,"23,10"
10/11/2020,09/11/2020,2200 UTC,19:00,"21,90"
10/11/2020,09/11/2020,2300 UTC,20:00,"21,00"
11/11/2020,10/11/2020,0000 UTC,21:00,"20,40"
11/11/2020,10/11/2020,0100 UTC,22:00,"20,00"
11/11/2020,10/11/2020,0200 UTC,23:00,"20,00"
11/11/2020,10/11/2020,0300 UTC,00:00,"20,00"
11/11/2020,10/11/2020,0400 UTC,01:00,"20,20"
11/11/2020,10/11/2020,0500 UTC,02:00,"19,60"
11/11/2020,10/11/2020,0600 UTC,03:00,"19,00"
11/11/2020,10/11/2020,0700 UTC,04:00,"18,80"
11/11/2020,10/11/2020,0800 UTC,05:00,"18,10"
11/11/2020,10/11/2020,0900 UTC,06:00,"18,60"
11/11/2020,10/11/2020,1000 UTC,07:00,"19,10"
11/11/2020,10/11/2020,1100 UTC,08:00,"20,20"
11/11/2020,10/11/2020,1200 UTC,09:00,"23,70"
11/11/2020,10/11/2020,1300 UTC,10:00,"26,10"
11/11/2020,10/11/2020,1400 UTC,11:00,"27,10"
11/11/2020,10/11/2020,1500 UTC,12:00,"27,70"
11/11/2020,10/11/2020,1600 UTC,13:00,"27,90"
11/11/2020,10/11/2020,1700 UTC,14:00,"28,20"
11/11/2020,10/11/2020,1800 UTC,15:00,"22,10"
11/11/2020,10/11/2020,1900 UTC,16:00,"20,40"
11/11/2020,10/11/2020,2000 UTC,17:00,"19,30"
11/11/2020,10/11/2020,2100 UTC,18:00,"19,40"
11/11/2020,10/11/2020,2200 UTC,19:00,"18,90"
11/11/2020,10/11/2020,2300 UTC,20:00,"18,90"
12/11/2020,11/11/2020,0000 UTC,21:00,"18,90"
12/11/2020,11/11/2020,0100 UTC,22:00,"18,80"
12/11/2020,11/11/2020,0200 UTC,23:00,"18,70"
12/11/2020,11/11/2020,0300 UTC,00:00,"18,60"
12/11/2020,11/11/2020,0400 UTC,01:00,"18,60"
12/11/2020,11/11/2020,0500 UTC,02:00,"18,70"
12/11/2020,11/11/2020,0600 UTC,03:00,"18,70"
12/11/2020,11/11/2020,0700 UTC,04:00,"18,50"
12/11/2020,11/11/2020,0800 UTC,05:00,"18,50"
12/11/2020,11/11/2020,0900 UTC,06:00,"18,60"
12/11/2020,11/11/2020,1000 UTC,07:00,"19,40"
12/11/2020,11/11/2020,1100 UTC,08:00,"20,20"
12/11/2020,11/11/2020,1200 UTC,09:00,"22,60"
12/11/2020,11/11/2020,1300 UTC,10:00,"24,60"
12/11/2020,11/11/2020,1400 UTC,11:00,"25,30"
12/11/2020,11/11/2020,1500 UTC,12:00,"25,20"
12/11/2020,11/11/2020,1600 UTC,13:00,"26,50"
12/11/2020,11/11/2020,1700 UTC,14:00,"27,10"
12/11/2020,11/11/2020,1800 UTC,15:00,"26,70"
12/11/2020,11/11/2020,1900 UTC,16:00,"26,90"
12/11/2020,11/11/2020,2000 UTC,17:00,"24,30"
12/11/2020,11/11/2020,2100 UTC,18:00,"23,20"
12/11/2020,11/11/2020,2200 UTC,19:00,"21,60"
12/11/2020,11/11/2020,2300 UTC,20:00,"20,70"
13/11/2020,12/11/2020,0000 UTC,21:00,"20,00"
13/11/2020,12/11/2020,0100 UTC,22:00,"19,90"
13/11/2020,12/11/2020,0200 UTC,23:00,"19,80"
13/11/2020,12/11/2020,0300 UTC,00:00,"19,30"
13/11/2020,12/11/2020,0400 UTC,01:00,"19,30"
13/11/2020,12/11/2020,0500 UTC,02:00,"18,90"
13/11/2020,12/11/2020,0600 UTC,03:00,"18,40"
13/11/2020,12/11/2020,0700 UTC,04:00,"18,20"
13/11/2020,12/11/2020,0800 UTC,05:00,"17,80"
13/11/2020,12/11/2020,0900 UTC,06:00,"17,70"
13/11/2020,12/11/2020,1000 UTC,07:00,"19,10"
13/11/2020,12/11/2020,1100 UTC,08:00,"21,90"
13/11/2020,12/11/2020,1200 UTC,09:00,"24,10"
13/11/2020,12/11/2020,1300 UTC,10:00,"26,50"
13/11/2020,12/11/2020,1400 UTC,11:00,"28,10"
13/11/2020,12/11/2020,1500 UTC,12:00,"29,00"
13/11/2020,12/11/2020,1600 UTC,13:00,"29,30"
13/11/2020,12/11/2020,1700 UTC,14:00,"29,60"
13/11/2020,12/11/2020,1800 UTC,15:00,"30,90"
13/11/2020,12/11/2020,1900 UTC,16:00,"24,30"
13/11/2020,12/11/2020,2000 UTC,17:00,"21,90"
13/11/2020,12/11/2020,2100 UTC,18:00,"22,00"
13/11/2020,12/11/2020,2200 UTC,19:00,"20,80"
13/11/2020,12/11/2020,2300 UTC,20:00,"20,20"
14/11/2020,13/11/2020,0000 UTC,21:00,"19,90"
14/11/2020,13/11/2020,0100 UTC,22:00,"20,00"
14/11/2020,13/11/2020,0200 UTC,23:00,"20,10"
14/11/2020,13/11/2020,0300 UTC,00:00,"20,00"
14/11/2020,13/11/2020,0400 UTC,01:00,"19,80"
14/11/2020,13/11/2020,0500 UTC,02:00,"19,70"
14/11/2020,13/11/2020,0600 UTC,03:00,"19,60"
14/11/2020,13/11/2020,0700 UTC,04:00,"19,00"
14/11/2020,13/11/2020,0800 UTC,05:00,"18,70"
14/11/2020,13/11/2020,0900 UTC,06:00,"18,60"
14/11/2020,13/11/2020,1000 UTC,07:00,"19,70"
14/11/2020,13/11/2020,1100 UTC,08:00,"22,90"
14/11/2020,13/11/2020,1200 UTC,09:00,"24,00"
14/11/2020,13/11/2020,1300 UTC,10:00,"26,20"
14/11/2020,13/11/2020,1400 UTC,11:00,"27,00"
14/11/2020,13/11/2020,1500 UTC,12:00,"28,70"
14/11/2020,13/11/2020,1600 UTC,13:00,"30,60"
14/11/2020,13/11/2020,1700 UTC,14:00,"30,10"
14/11/2020,13/11/2020,1800 UTC,15:00,"31,30"
14/11/2020,13/11/2020,1900 UTC,16:00,"31,40"
14/11/2020,13/11/2020,2000 UTC,17:00,"27,90"
14/11/2020,13/11/2020,2100 UTC,18:00,"25,40"
14/11/2020,13/11/2020,2200 UTC,19:00,"23,00"
14/11/2020,13/11/2020,2300 UTC,20:00,"21,10"
15/11/2020,14/11/2020,0000 UTC,21:00,"20,90"
15/11/2020,14/11/2020,0100 UTC,22:00,"20,90"
15/11/2020,14/11/2020,0200 UTC,23:00,"21,10"
15/11/2020,14/11/2020,0300 UTC,00:00,"21,00"
15/11/2020,14/11/2020,0400 UTC,01:00,"20,90"
15/11/2020,14/11/2020,0500 UTC,02:00,"20,40"
15/11/2020,14/11/2020,0600 UTC,03:00,"20,20"
15/11/2020,14/11/2020,0700 UTC,04:00,"20,20"
15/11/2020,14/11/2020,0800 UTC,05:00,"20,30"
15/11/2020,14/11/2020,0900 UTC,06:00,"20,50"
15/11/2020,14/11/2020,1000 UTC,07:00,"21,40"
15/11/2020,14/11/2020,1100 UTC,08:00,"24,10"
15/11/2020,14/11/2020,1200 UTC,09:00,"26,20"
15/11/2020,14/11/2020,1300 UTC,10:00,"27,90"
15/11/2020,14/11/2020,1400 UTC,11:00,"29,80"
15/11/2020,14/11/2020,1500 UTC,12:00,"31,10"
15/11/2020,14/11/2020,1600 UTC,13:00,"32,70"
15/11/2020,14/11/2020,1700 UTC,14:00,"33,10"
15/11/2020,14/11/2020,1800 UTC,15:00,"33,50"
15/11/2020,14/11/2020,1900 UTC,16:00,"32,80"
15/11/2020,14/11/2020,2000 UTC,17:00,"29,10"
15/11/2020,14/11/2020,2100 UTC,18:00,"27,70"
15/11/2020,14/11/2020,2200 UTC,19:00,"26,50"
15/11/2020,14/11/2020,2300 UTC,20:00,"25,40"
16/11/2020,15/11/2020,0000 UTC,21:00,"23,70"
16/11/2020,15/11/2020,0100 UTC,22:00,"22,20"
16/11/2020,15/11/2020,0200 UTC,23:00,"21,80"
16/11/2020,15/11/2020,0300 UTC,00:00,"21,70"
16/11/2020,15/11/2020,0400 UTC,01:00,"20,10"
16/11/2020,15/11/2020,0500 UTC,02:00,"19,70"
16/11/2020,15/11/2020,0600 UTC,03:00,"18,90"
16/11/2020,15/11/2020,0700 UTC,04:00,"19,00"
16/11/2020,15/11/2020,0800 UTC,05:00,"18,90"
16/11/2020,15/11/2020,0900 UTC,06:00,"19,10"
16/11/2020,15/11/2020,1000 UTC,07:00,"20,10"
16/11/2020,15/11/2020,1100 UTC,08:00,"23,20"
16/11/2020,15/11/2020,1200 UTC,09:00,"26,30"
16/11/2020,15/11/2020,1300 UTC,10:00,"26,70"
16/11/2020,15/11/2020,1400 UTC,11:00,"28,60"
16/11/2020,15/11/2020,1500 UTC,12:00,"30,60"
16/11/2020,15/11/2020,1600 UTC,13:00,"30,40"
16/11/2020,15/11/2020,1700 UTC,14:00,"30,90"
16/11/2020,15/11/2020,1800 UTC,15:00,"31,30"
16/11/2020,15/11/2020,1900 UTC,16:00,"31,80"
16/11/2020,15/11/2020,2000 UTC,17:00,"30,90"
16/11/2020,15/11/2020,2100 UTC,18:00,"29,20"
16/11/2020,15/11/2020,2200 UTC,19:00,"27,10"
16/11/2020,15/11/2020,2300 UTC,20:00,"25,80"
17/11/2020,16/11/2020,0000 UTC,21:00,"25,70"
17/11/2020,16/11/2020,0100 UTC,22:00,"23,90"
17/11/2020,16/11/2020,0200 UTC,23:00,"23,40"
17/11/2020,16/11/2020,0300 UTC,00:00,"21,40"
17/11/2020,16/11/2020,0400 UTC,01:00,"20,80"
17/11/2020,16/11/2020,0500 UTC,02:00,"20,70"
17/11/2020,16/11/2020,0600 UTC,03:00,"20,20"
17/11/2020,16/11/2020,0700 UTC,04:00,"20,00"
17/11/2020,16/11/2020,0800 UTC,05:00,"19,80"
17/11/2020,16/11/2020,0900 UTC,06:00,"19,80"
17/11/2020,16/11/2020,1000 UTC,07:00,"20,20"
17/11/2020,16/11/2020,1100 UTC,08:00,"21,00"
17/11/2020,16/11/2020,1200 UTC,09:00,"21,00"
17/11/2020,16/11/2020,1300 UTC,10:00,"21,60"
17/11/2020,16/11/2020,1400 UTC,11:00,"23,40"
17/11/2020,16/11/2020,1500 UTC,12:00,"23,90"
17/11/2020,16/11/2020,1600 UTC,13:00,"25,60"
17/11/2020,16/11/2020,1700 UTC,14:00,"24,20"
17/11/2020,16/11/2020,1800 UTC,15:00,"23,40"
17/11/2020,16/11/2020,1900 UTC,16:00,"21,90"
17/11/2020,16/11/2020,2000 UTC,17:00,"19,60"
17/11/2020,16/11/2020,2100 UTC,18:00,"19,30"
17/11/2020,16/11/2020,2200 UTC,19:00,"18,40"
17/11/2020,16/11/2020,2300 UTC,20:00,"18,20"
18/11/2020,17/11/2020,0000 UTC,21:00,"18,10"
18/11/2020,17/11/2020,0100 UTC,22:00,"17,60"
18/11/2020,17/11/2020,0200 UTC,23:00,"16,90"
18/11/2020,17/11/2020,0300 UTC,00:00,"16,70"
18/11/2020,17/11/2020,0400 UTC,01:00,"16,00"
18/11/2020,17/11/2020,0500 UTC,02:00,"16,00"
18/11/2020,17/11/2020,0600 UTC,03:00,"16,00"
18/11/2020,17/11/2020,0700 UTC,04:00,"15,80"
18/11/2020,17/11/2020,0800 UTC,05:00,"15,80"
18/11/2020,17/11/2020,0900 UTC,06:00,"15,80"
18/11/2020,17/11/2020,1000 UTC,07:00,"16,10"
18/11/2020,17/11/2020,1100 UTC,08:00,"16,60"
18/11/2020,17/11/2020,1200 UTC,09:00,"17,60"
18/11/2020,17/11/2020,1300 UTC,10:00,"18,30"
18/11/2020,17/11/2020,1400 UTC,11:00,"19,20"
18/11/2020,17/11/2020,1500 UTC,12:00,"19,20"
18/11/2020,17/11/2020,1600 UTC,13:00,"17,50"
18/11/2020,17/11/2020,1700 UTC,14:00,"16,30"
18/11/2020,17/11/2020,1800 UTC,15:00,"16,50"
18/11/2020,17/11/2020,1900 UTC,16:00,"16,60"
18/11/2020,17/11/2020,2000 UTC,17:00,"16,80"
18/11/2020,17/11/2020,2100 UTC,18:00,"16,60"
18/11/2020,17/11/2020,2200 UTC,19:00,"16,30"
18/11/2020,17/11/2020,2300 UTC,20:00,"16,20"
19/11/2020,18/11/2020,0000 UTC,21:00,"16,00"
19/11/2020,18/11/2020,0100 UTC,22:00,"15,90"
19/11/2020,18/11/2020,0200 UTC,23:00,"15,30"
19/11/2020,18/11/2020,0300 UTC,00:00,"15,30"
19/11/2020,18/11/2020,0400 UTC,01:00,"15,20"
19/11/2020,18/11/2020,0500 UTC,02:00,"14,90"
19/11/2020,18/11/2020,0600 UTC,03:00,"15,20"
19/11/2020,18/11/2020,0700 UTC,04:00,"15,30"
19/11/2020,18/11/2020,0800 UTC,05:00,"15,40"
19/11/2020,18/11/2020,0900 UTC,06:00,"15,70"
19/11/2020,18/11/2020,1000 UTC,07:00,"16,60"
19/11/2020,18/11/2020,1100 UTC,08:00,"17,90"
19/11/2020,18/11/2020,1200 UTC,09:00,"18,90"
19/11/2020,18/11/2020,1300 UTC,10:00,"21,00"
19/11/2020,18/11/2020,1400 UTC,11:00,"20,20"
19/11/2020,18/11/2020,1500 UTC,12:00,"20,90"
19/11/2020,18/11/2020,1600 UTC,13:00,"20,60"
19/11/2020,18/11/2020,1700 UTC,14:00,"21,10"
19/11/2020,18/11/2020,1800 UTC,15:00,"21,30"
19/11/2020,18/11/2020,1900 UTC,16:00,"20,00"
19/11/2020,18/11/2020,2000 UTC,17:00,"17,60"
19/11/2020,18/11/2020,2100 UTC,18:00,"16,20"
19/11/2020,18/11/2020,2200 UTC,19:00,"14,90"
19/11/2020,18/11/2020,2300 UTC,20:00,"14,50"
20/11/2020,19/11/2020,0000 UTC,21:00,"15,20"
20/11/2020,19/11/2020,0100 UTC,22:00,"15,10"
20/11/2020,19/11/2020,0200 UTC,23:00,"14,40"
20/11/2020,19/11/2020,0300 UTC,00:00,"14,40"
20/11/2020,19/11/2020,0400 UTC,01:00,"14,50"
20/11/2020,19/11/2020,0500 UTC,02:00,"14,60"
20/11/2020,19/11/2020,0600 UTC,03:00,"14,80"
20/11/2020,19/11/2020,0700 UTC,04:00,"14,60"
20/11/2020,19/11/2020,0800 UTC,05:00,"14,20"
20/11/2020,19/11/2020,0900 UTC,06:00,"13,90"
20/11/2020,19/11/2020,1000 UTC,07:00,"15,20"
20/11/2020,19/11/2020,1100 UTC,08:00,"16,70"
20/11/2020,19/11/2020,1200 UTC,09:00,"17,60"
20/11/2020,19/11/2020,1300 UTC,10:00,"18,10"
20/11/2020,19/11/2020,1400 UTC,11:00,"19,00"
20/11/2020,19/11/2020,1500 UTC,12:00,"19,80"
20/11/2020,19/11/2020,1600 UTC,13:00,"21,80"
20/11/2020,19/11/2020,1700 UTC,14:00,"21,10"
20/11/2020,19/11/2020,1800 UTC,15:00,"20,70"
20/11/2020,19/11/2020,1900 UTC,16:00,"20,40"
20/11/2020,19/11/2020,2000 UTC,17:00,"20,40"
20/11/2020,19/11/2020,2100 UTC,18:00,"18,30"
20/11/2020,19/11/2020,2200 UTC,19:00,"16,40"
20/11/2020,19/11/2020,2300 UTC,20:00,"15,30"
21/11/2020,20/11/2020,0000 UTC,21:00,"15,10"
21/11/2020,20/11/2020,0100 UTC,22:00,"14,70"
21/11/2020,20/11/2020,0200 UTC,23:00,"15,00"
21/11/2020,20/11/2020,0300 UTC,00:00,"14,40"
21/11/2020,20/11/2020,0400 UTC,01:00,"13,60"
21/11/2020,20/11/2020,0500 UTC,02:00,"12,90"
21/11/2020,20/11/2020,0600 UTC,03:00,"12,60"
21/11/2020,20/11/2020,0700 UTC,04:00,"12,60"
21/11/2020,20/11/2020,0800 UTC,05:00,"12,40"
21/11/2020,20/11/2020,0900 UTC,06:00,"12,70"
21/11/2020,20/11/2020,1000 UTC,07:00,"15,80"
21/11/2020,20/11/2020,1100 UTC,08:00,"18,30"
21/11/2020,20/11/2020,1200 UTC,09:00,"20,40"
21/11/2020,20/11/2020,1300 UTC,10:00,"22,60"
21/11/2020,20/11/2020,1400 UTC,11:00,"23,60"
21/11/2020,20/11/2020,1500 UTC,12:00,"24,40"
21/11/2020,20/11/2020,1600 UTC,13:00,"25,00"
21/11/2020,20/11/2020,1700 UTC,14:00,"24,50"
21/11/2020,20/11/2020,1800 UTC,15:00,"24,30"
21/11/2020,20/11/2020,1900 UTC,16:00,"24,50"
21/11/2020,20/11/2020,2000 UTC,17:00,"23,20"
21/11/2020,20/11/2020,2100 UTC,18:00,"21,10"
21/11/2020,20/11/2020,2200 UTC,19:00,"18,80"
21/11/2020,20/11/2020,2300 UTC,20:00,"17,70"
22/11/2020,21/11/2020,0000 UTC,21:00,"17,30"
22/11/2020,21/11/2020,0100 UTC,22:00,"16,80"
22/11/2020,21/11/2020,0200 UTC,23:00,"16,50"
22/11/2020,21/11/2020,0300 UTC,00:00,"16,00"
22/11/2020,21/11/2020,0400 UTC,01:00,"15,70"
22/11/2020,21/11/2020,0500 UTC,02:00,"15,80"
22/11/2020,21/11/2020,0600 UTC,03:00,"15,80"
22/11/2020,21/11/2020,0700 UTC,04:00,"15,70"
22/11/2020,21/11/2020,0800 UTC,05:00,"15,00"
22/11/2020,21/11/2020,0900 UTC,06:00,"15,50"
22/11/2020,21/11/2020,1000 UTC,07:00,"17,30"
22/11/2020,21/11/2020,1100 UTC,08:00,"19,40"
22/11/2020,21/11/2020,1200 UTC,09:00,"20,10"
22/11/2020,21/11/2020,1300 UTC,10:00,"21,90"
22/11/2020,21/11/2020,1400 UTC,11:00,"23,30"
22/11/2020,21/11/2020,1500 UTC,12:00,"24,20"
22/11/2020,21/11/2020,1600 UTC,13:00,"25,10"
22/11/2020,21/11/2020,1700 UTC,14:00,"25,60"
22/11/2020,21/11/2020,1800 UTC,15:00,"25,20"
22/11/2020,21/11/2020,1900 UTC,16:00,"24,60"
22/11/2020,21/11/2020,2000 UTC,17:00,"22,20"
22/11/2020,21/11/2020,2100 UTC,18:00,"20,90"
22/11/2020,21/11/2020,2200 UTC,19:00,"19,60"
22/11/2020,21/11/2020,2300 UTC,20:00,"19,00"
23/11/2020,22/11/2020,0000 UTC,21:00,"18,30"
23/11/2020,22/11/2020,0100 UTC,22:00,"18,20"
23/11/2020,22/11/2020,0200 UTC,23:00,"16,80"
23/11/2020,22/11/2020,0300 UTC,00:00,"15,90"
23/11/2020,22/11/2020,0400 UTC,01:00,"15,70"
23/11/2020,22/11/2020,0500 UTC,02:00,"16,10"
23/11/2020,22/11/2020,0600 UTC,03:00,"16,00"
23/11/2020,22/11/2020,0700 UTC,04:00,"16,30"
23/11/2020,22/11/2020,0800 UTC,05:00,"16,10"
23/11/2020,22/11/2020,0900 UTC,06:00,"16,90"
23/11/2020,22/11/2020,1000 UTC,07:00,"18,50"
23/11/2020,22/11/2020,1100 UTC,08:00,"20,30"
23/11/2020,22/11/2020,1200 UTC,09:00,"21,40"
23/11/2020,22/11/2020,1300 UTC,10:00,"23,20"
23/11/2020,22/11/2020,1400 UTC,11:00,"24,20"
23/11/2020,22/11/2020,1500 UTC,12:00,"24,60"
23/11/2020,22/11/2020,1600 UTC,13:00,"25,60"
23/11/2020,22/11/2020,1700 UTC,14:00,"25,80"
23/11/2020,22/11/2020,1800 UTC,15:00,"26,40"
23/11/2020,22/11/2020,1900 UTC,16:00,"25,60"
23/11/2020,22/11/2020,2000 UTC,17:00,"24,60"
23/11/2020,22/11/2020,2100 UTC,18:00,"22,00"
23/11/2020,22/11/2020,2200 UTC,19:00,"19,60"
23/11/2020,22/11/2020,2300 UTC,20:00,"18,00"
24/11/2020,23/11/2020,0000 UTC,21:00,"17,30"
24/11/2020,23/11/2020,0100 UTC,22:00,"16,50"
24/11/2020,23/11/2020,0200 UTC,23:00,"17,10"
24/11/2020,23/11/2020,0300 UTC,00:00,"17,40"
24/11/2020,23/11/2020,0400 UTC,01:00,"17,30"
24/11/2020,23/11/2020,0500 UTC,02:00,"17,40"
24/11/2020,23/11/2020,0600 UTC,03:00,"17,00"
24/11/2020,23/11/2020,0700 UTC,04:00,"16,30"
24/11/2020,23/11/2020,0800 UTC,05:00,"16,10"
24/11/2020,23/11/2020,0900 UTC,06:00,"16,70"
24/11/2020,23/11/2020,1000 UTC,07:00,"18,70"
24/11/2020,23/11/2020,1100 UTC,08:00,"20,20"
24/11/2020,23/11/2020,1200 UTC,09:00,"22,50"
24/11/2020,23/11/2020,1300 UTC,10:00,"24,80"
24/11/2020,23/11/2020,1400 UTC,11:00,"25,20"
24/11/2020,23/11/2020,1500 UTC,12:00,"26,30"
24/11/2020,23/11/2020,1600 UTC,13:00,"27,50"
24/11/2020,23/11/2020,1700 UTC,14:00,"26,20"
24/11/2020,23/11/2020,1800 UTC,15:00,"26,00"
24/11/2020,23/11/2020,1900 UTC,16:00,"25,00"
24/11/2020,23/11/2020,2000 UTC,17:00,"23,10"
24/11/2020,23/11/2020,2100 UTC,18:00,"22,10"
24/11/2020,23/11/2020,2200 UTC,19:00,"20,20"
24/11/2020,23/11/2020,2300 UTC,20:00,"19,50"
25/11/2020,24/11/2020,0000 UTC,21:00,"19,30"
25/11/2020,24/11/2020,0100 UTC,22:00,"19,80"
25/11/2020,24/11/2020,0200 UTC,23:00,"18,80"
25/11/2020,24/11/2020,0300 UTC,00:00,"17,60"
25/11/2020,24/11/2020,0400 UTC,01:00,"17,60"
25/11/2020,24/11/2020,0500 UTC,02:00,"17,60"
25/11/2020,24/11/2020,0600 UTC,03:00,"16,70"
25/11/2020,24/11/2020,0700 UTC,04:00,"16,80"
25/11/2020,24/11/2020,0800 UTC,05:00,"16,10"
25/11/2020,24/11/2020,0900 UTC,06:00,"16,60"
25/11/2020,24/11/2020,1000 UTC,07:00,"19,60"
25/11/2020,24/11/2020,1100 UTC,08:00,"21,90"
25/11/2020,24/11/2020,1200 UTC,09:00,"25,00"
25/11/2020,24/11/2020,1300 UTC,10:00,"26,90"
25/11/2020,24/11/2020,1400 UTC,11:00,"28,60"
25/11/2020,24/11/2020,1500 UTC,12:00,"29,50"
25/11/2020,24/11/2020,1600 UTC,13:00,"30,90"
25/11/2020,24/11/2020,1700 UTC,14:00,"31,10"
25/11/2020,24/11/2020,1800 UTC,15:00,"32,10"
25/11/2020,24/11/2020,1900 UTC,16:00,"31,60"
25/11/2020,24/11/2020,2000 UTC,17:00,"31,50"
25/11/2020,24/11/2020,2100 UTC,18:00,"27,30"
25/11/2020,24/11/2020,2200 UTC,19:00,"25,00"
25/11/2020,24/11/2020,2300 UTC,20:00,"23,40"
26/11/2020,25/11/2020,0000 UTC,21:00,"22,20"
26/11/2020,25/11/2020,0100 UTC,22:00,"21,40"
26/11/2020,25/11/2020,0200 UTC,23:00,"20,90"
26/11/2020,25/11/2020,0300 UTC,00:00,"19,50"
26/11/2020,25/11/2020,0400 UTC,01:00,"19,40"
26/11/2020,25/11/2020,0500 UTC,02:00,"19,10"
26/11/2020,25/11/2020,0600 UTC,03:00,"18,60"
26/11/2020,25/11/2020,0700 UTC,04:00,"18,20"
26/11/2020,25/11/2020,0800 UTC,05:00,"17,20"
26/11/2020,25/11/2020,0900 UTC,06:00,"17,50"
26/11/2020,25/11/2020,1000 UTC,07:00,"20,60"
26/11/2020,25/11/2020,1100 UTC,08:00,"25,40"
26/11/2020,25/11/2020,1200 UTC,09:00,"27,20"
26/11/2020,25/11/2020,1300 UTC,10:00,"28,80"
26/11/2020,25/11/2020,1400 UTC,11:00,"29,50"
26/11/2020,25/11/2020,1500 UTC,12:00,"30,80"
26/11/2020,25/11/2020,1600 UTC,13:00,"30,10"
26/11/2020,25/11/2020,1700 UTC,14:00,"30,90"
26/11/2020,25/11/2020,1800 UTC,15:00,"32,10"
26/11/2020,25/11/2020,1900 UTC,16:00,"33,40"
26/11/2020,25/11/2020,2000 UTC,17:00,"31,20"
26/11/2020,25/11/2020,2100 UTC,18:00,"30,10"
26/11/2020,25/11/2020,2200 UTC,19:00,"28,00"
26/11/2020,25/11/2020,2300 UTC,20:00,"26,30"
27/11/2020,26/11/2020,0000 UTC,21:00,"24,90"
27/11/2020,26/11/2020,0100 UTC,22:00,"23,00"
27/11/2020,26/11/2020,0200 UTC,23:00,"22,90"
27/11/2020,26/11/2020,0300 UTC,00:00,"21,60"
27/11/2020,26/11/2020,0400 UTC,01:00,"20,00"
27/11/2020,26/11/2020,0500 UTC,02:00,"19,50"
27/11/2020,26/11/2020,0600 UTC,03:00,"19,50"
27/11/2020,26/11/2020,0700 UTC,04:00,"20,10"
27/11/2020,26/11/2020,0800 UTC,05:00,"20,30"
27/11/2020,26/11/2020,0900 UTC,06:00,"21,30"
27/11/2020,26/11/2020,1000 UTC,07:00,"22,30"
27/11/2020,26/11/2020,1100 UTC,08:00,"23,50"
27/11/2020,26/11/2020,1200 UTC,09:00,"24,70"
27/11/2020,26/11/2020,1300 UTC,10:00,"25,50"
27/11/2020,26/11/2020,1400 UTC,11:00,"26,30"
27/11/2020,26/11/2020,1500 UTC,12:00,"27,30"
27/11/2020,26/11/2020,1600 UTC,13:00,"29,10"
27/11/2020,26/11/2020,1700 UTC,14:00,"28,90"
27/11/2020,26/11/2020,1800 UTC,15:00,"28,60"
27/11/2020,26/11/2020,1900 UTC,16:00,"25,90"
27/11/2020,26/11/2020,2000 UTC,17:00,"23,90"
27/11/2020,26/11/2020,2100 UTC,18:00,"23,10"
27/11/2020,26/11/2020,2200 UTC,19:00,"22,00"
27/11/2020,26/11/2020,2300 UTC,20:00,"21,50"
28/11/2020,27/11/2020,0000 UTC,21:00,"21,50"
28/11/2020,27/11/2020,0100 UTC,22:00,"21,30"
28/11/2020,27/11/2020,0200 UTC,23:00,"20,50"
28/11/2020,27/11/2020,0300 UTC,00:00,"19,80"
28/11/2020,27/11/2020,0400 UTC,01:00,"19,30"
28/11/2020,27/11/2020,0500 UTC,02:00,"19,10"
28/11/2020,27/11/2020,0600 UTC,03:00,"18,90"
28/11/2020,27/11/2020,0700 UTC,04:00,"18,50"
28/11/2020,27/11/2020,0800 UTC,05:00,"18,10"
28/11/2020,27/11/2020,0900 UTC,06:00,"18,60"
28/11/2020,27/11/2020,1000 UTC,07:00,"20,10"
28/11/2020,27/11/2020,1100 UTC,08:00,"21,80"
28/11/2020,27/11/2020,1200 UTC,09:00,"25,20"
28/11/2020,27/11/2020,1300 UTC,10:00,"28,70"
28/11/2020,27/11/2020,1400 UTC,11:00,"29,00"
28/11/2020,27/11/2020,1500 UTC,12:00,"29,80"
28/11/2020,27/11/2020,1600 UTC,13:00,"31,60"
28/11/2020,27/11/2020,1700 UTC,14:00,"28,30"
28/11/2020,27/11/2020,1800 UTC,15:00,"26,10"
28/11/2020,27/11/2020,1900 UTC,16:00,"23,00"
28/11/2020,27/11/2020,2000 UTC,17:00,"22,60"
28/11/2020,27/11/2020,2100 UTC,18:00,"22,40"
28/11/2020,27/11/2020,2200 UTC,19:00,"21,80"
28/11/2020,27/11/2020,2300 UTC,20:00,"20,30"
29/11/2020,28/11/2020,0000 UTC,21:00,"19,90"
29/11/2020,28/11/2020,0100 UTC,22:00,"20,10"
29/11/2020,28/11/2020,0200 UTC,23:00,"20,20"
29/11/2020,28/11/2020,0300 UTC,00:00,"20,00"
29/11/2020,28/11/2020,0400 UTC,01:00,"19,20"
29/11/2020,28/11/2020,0500 UTC,02:00,"18,70"
29/11/2020,28/11/2020,0600 UTC,03:00,"18,00"
29/11/2020,28/11/2020,0700 UTC,04:00,"17,60"
29/11/2020,28/11/2020,0800 UTC,05:00,"17,30"
29/11/2020,28/11/2020,0900 UTC,06:00,"17,80"
29/11/2020,28/11/2020,1000 UTC,07:00,"20,50"
29/11/2020,28/11/2020,1100 UTC,08:00,"22,50"
29/11/2020,28/11/2020,1200 UTC,09:00,"25,80"
29/11/2020,28/11/2020,1300 UTC,10:00,"27,50"
29/11/2020,28/11/2020,1400 UTC,11:00,"29,70"
29/11/2020,28/11/2020,1500 UTC,12:00,"30,80"
29/11/2020,28/11/2020,1600 UTC,13:00,"31,00"
29/11/2020,28/11/2020,1700 UTC,14:00,"31,00"
29/11/2020,28/11/2020,1800 UTC,15:00,"32,70"
29/11/2020,28/11/2020,1900 UTC,16:00,"33,00"
29/11/2020,28/11/2020,2000 UTC,17:00,"29,70"
29/11/2020,28/11/2020,2100 UTC,18:00,"28,70"
29/11/2020,28/11/2020,2200 UTC,19:00,"26,70"
29/11/2020,28/11/2020,2300 UTC,20:00,"25,10"
30/11/2020,29/11/2020,0000 UTC,21:00,"24,20"
30/11/2020,29/11/2020,0100 UTC,22:00,"23,50"
30/11/2020,29/11/2020,0200 UTC,23:00,"21,70"
30/11/2020,29/11/2020,0300 UTC,00:00,"21,20"
30/11/2020,29/11/2020,0400 UTC,01:00,"21,10"
30/11/2020,29/11/2020,0500 UTC,02:00,"20,70"
30/11/2020,29/11/2020,0600 UTC,03:00,"20,40"
30/11/2020,29/11/2020,0700 UTC,04:00,"19,90"
30/11/2020,29/11/2020,0800 UTC,05:00,"19,90"
30/11/2020,29/11/2020,0900 UTC,06:00,"20,10"
30/11/2020,29/11/2020,1000 UTC,07:00,"21,10"
30/11/2020,29/11/2020,1100 UTC,08:00,"24,60"
30/11/2020,29/11/2020,1200 UTC,09:00,"28,10"
30/11/2020,29/11/2020,1300 UTC,10:00,"28,80"
30/11/2020,29/11/2020,1400 UTC,11:00,"29,40"
30/11/2020,29/11/2020,1500 UTC,12:00,"31,30"
30/11/2020,29/11/2020,1600 UTC,13:00,"30,40"
30/11/2020,29/11/2020,1700 UTC,14:00,"28,30"
30/11/2020,29/11/2020,1800 UTC,15:00,"30,00"
30/11/2020,29/11/2020,1900 UTC,16:00,"26,80"
30/11/2020,29/11/2020,2000 UTC,17:00,"25,50"
30/11/2020,29/11/2020,2100 UTC,18:00,"21,50"
30/11/2020,29/11/2020,2200 UTC,19:00,"19,80"
30/11/2020,29/11/2020,2300 UTC,20:00,"20,40"
01/12/2020,30/11/2020,0000 UTC,21:00,"19,80"
01/12/2020,30/11/2020,0100 UTC,22:00,"19,70"
01/12/2020,30/11/2020,0200 UTC,23:00,"20,00"
01/12/2020,30/11/2020,0300 UTC,00:00,"19,70"
01/12/2020,30/11/2020,0400 UTC,01:00,"19,70"
01/12/2020,30/11/2020,0500 UTC,02:00,"19,50"
01/12/2020,30/11/2020,0600 UTC,03:00,"19,40"
01/12/2020,30/11/2020,0700 UTC,04:00,"19,30"
01/12/2020,30/11/2020,0800 UTC,05:00,"19,10"
01/12/2020,30/11/2020,0900 UTC,06:00,"19,10"
01/12/2020,30/11/2020,1000 UTC,07:00,"19,60"
01/12/2020,30/11/2020,1100 UTC,08:00,"22,60"
01/12/2020,30/11/2020,1200 UTC,09:00,"23,50"
01/12/2020,30/11/2020,1300 UTC,10:00,"22,70"
01/12/2020,30/11/2020,1400 UTC,11:00,"24,20"
01/12/2020,30/11/2020,1500 UTC,12:00,"22,40"
01/12/2020,30/11/2020,1600 UTC,13:00,"23,20"
01/12/2020,30/11/2020,1700 UTC,14:00,"24,30"
01/12/2020,30/11/2020,1800 UTC,15:00,"26,40"
01/12/2020,30/11/2020,1900 UTC,16:00,"24,20"
01/12/2020,30/11/2020,2000 UTC,17:00,"22,50"
01/12/2020,30/11/2020,2100 UTC,18:00,"21,10"
01/12/2020,30/11/2020,2200 UTC,19:00,"20,50"
01/12/2020,30/11/2020,2300 UTC,20:00,"20,10"
02/12/2020,01/12/2020,0000 UTC,21:00,"19,90"
02/12/2020,01/12/2020,0100 UTC,22:00,"19,90"
02/12/2020,01/12/2020,0200 UTC,23:00,"19,70"
02/12/2020,01/12/2020,0300 UTC,00:00,"19,70"
02/12/2020,01/12/2020,0400 UTC,01:00,"19,50"
02/12/2020,01/12/2020,0500 UTC,02:00,"19,30"
02/12/2020,01/12/2020,0600 UTC,03:00,"19,10"
02/12/2020,01/12/2020,0700 UTC,04:00,"19,10"
02/12/2020,01/12/2020,0800 UTC,05:00,"19,20"
02/12/2020,01/12/2020,0900 UTC,06:00,"19,40"
02/12/2020,01/12/2020,1000 UTC,07:00,"19,80"
02/12/2020,01/12/2020,1100 UTC,08:00,"20,40"
02/12/2020,01/12/2020,1200 UTC,09:00,"22,70"
02/12/2020,01/12/2020,1300 UTC,10:00,"25,10"
02/12/2020,01/12/2020,1400 UTC,11:00,"27,00"
02/12/2020,01/12/2020,1500 UTC,12:00,"27,80"
02/12/2020,01/12/2020,1600 UTC,13:00,"27,50"
02/12/2020,01/12/2020,1700 UTC,14:00,"30,00"
02/12/2020,01/12/2020,1800 UTC,15:00,"28,90"
02/12/2020,01/12/2020,1900 UTC,16:00,"28,50"
02/12/2020,01/12/2020,2000 UTC,17:00,"27,40"
02/12/2020,01/12/2020,2100 UTC,18:00,"25,40"
02/12/2020,01/12/2020,2200 UTC,19:00,"23,40"
02/12/2020,01/12/2020,2300 UTC,20:00,"22,40"
03/12/2020,02/12/2020,0000 UTC,21:00,"21,90"
03/12/2020,02/12/2020,0100 UTC,22:00,"21,40"
03/12/2020,02/12/2020,0200 UTC,23:00,"21,10"
03/12/2020,02/12/2020,0300 UTC,00:00,"21,10"
03/12/2020,02/12/2020,0400 UTC,01:00,"20,70"
03/12/2020,02/12/2020,0500 UTC,02:00,"19,90"
03/12/2020,02/12/2020,0600 UTC,03:00,"20,00"
03/12/2020,02/12/2020,0700 UTC,04:00,"20,00"
03/12/2020,02/12/2020,0800 UTC,05:00,"19,90"
03/12/2020,02/12/2020,0900 UTC,06:00,"19,80"
03/12/2020,02/12/2020,1000 UTC,07:00,"21,40"
03/12/2020,02/12/2020,1100 UTC,08:00,"23,90"
03/12/2020,02/12/2020,1200 UTC,09:00,"25,90"
03/12/2020,02/12/2020,1300 UTC,10:00,"25,10"
03/12/2020,02/12/2020,1400 UTC,11:00,"21,60"
03/12/2020,02/12/2020,1500 UTC,12:00,"25,50"
03/12/2020,02/12/2020,1600 UTC,13:00,"27,30"
03/12/2020,02/12/2020,1700 UTC,14:00,"27,30"
03/12/2020,02/12/2020,1800 UTC,15:00,"26,00"
03/12/2020,02/12/2020,1900 UTC,16:00,"21,40"
03/12/2020,02/12/2020,2000 UTC,17:00,"22,10"
03/12/2020,02/12/2020,2100 UTC,18:00,"20,90"
03/12/2020,02/12/2020,2200 UTC,19:00,"20,20"
03/12/2020,02/12/2020,2300 UTC,20:00,"20,00"
04/12/2020,03/12/2020,0000 UTC,21:00,"20,00"
04/12/2020,03/12/2020,0100 UTC,22:00,"19,50"
04/12/2020,03/12/2020,0200 UTC,23:00,"18,90"
04/12/2020,03/12/2020,0300 UTC,00:00,"18,50"
04/12/2020,03/12/2020,0400 UTC,01:00,"18,20"
04/12/2020,03/12/2020,0500 UTC,02:00,"17,90"
04/12/2020,03/12/2020,0600 UTC,03:00,"17,60"
04/12/2020,03/12/2020,0700 UTC,04:00,"18,00"
04/12/2020,03/12/2020,0800 UTC,05:00,"17,90"
04/12/2020,03/12/2020,0900 UTC,06:00,"18,00"
04/12/2020,03/12/2020,1000 UTC,07:00,"18,60"
04/12/2020,03/12/2020,1100 UTC,08:00,"19,50"
04/12/2020,03/12/2020,1200 UTC,09:00,"23,00"
04/12/2020,03/12/2020,1300 UTC,10:00,"23,60"
04/12/2020,03/12/2020,1400 UTC,11:00,"24,80"
04/12/2020,03/12/2020,1500 UTC,12:00,"26,50"
04/12/2020,03/12/2020,1600 UTC,13:00,"27,70"
04/12/2020,03/12/2020,1700 UTC,14:00,"28,70"
04/12/2020,03/12/2020,1800 UTC,15:00,"27,90"
04/12/2020,03/12/2020,1900 UTC,16:00,"27,60"
04/12/2020,03/12/2020,2000 UTC,17:00,"25,20"
04/12/2020,03/12/2020,2100 UTC,18:00,"23,50"
04/12/2020,03/12/2020,2200 UTC,19:00,"22,00"
04/12/2020,03/12/2020,2300 UTC,20:00,"21,20"
05/12/2020,04/12/2020,0000 UTC,21:00,"20,70"
05/12/2020,04/12/2020,0100 UTC,22:00,"20,70"
05/12/2020,04/12/2020,0200 UTC,23:00,"20,60"
05/12/2020,04/12/2020,0300 UTC,00:00,"20,60"
05/12/2020,04/12/2020,0400 UTC,01:00,"20,00"
05/12/2020,04/12/2020,0500 UTC,02:00,"19,90"
05/12/2020,04/12/2020,0600 UTC,03:00,"19,90"
05/12/2020,04/12/2020,0700 UTC,04:00,"19,80"
05/12/2020,04/12/2020,0800 UTC,05:00,"19,90"
05/12/2020,04/12/2020,0900 UTC,06:00,"19,80"
05/12/2020,04/12/2020,1000 UTC,07:00,"20,20"
05/12/2020,04/12/2020,1100 UTC,08:00,"20,40"
05/12/2020,04/12/2020,1200 UTC,09:00,"21,60"
05/12/2020,04/12/2020,1300 UTC,10:00,"21,60"
05/12/2020,04/12/2020,1400 UTC,11:00,"22,60"
05/12/2020,04/12/2020,1500 UTC,12:00,"23,40"
05/12/2020,04/12/2020,1600 UTC,13:00,"22,70"
05/12/2020,04/12/2020,1700 UTC,14:00,"23,10"
05/12/2020,04/12/2020,1800 UTC,15:00,"21,60"
05/12/2020,04/12/2020,1900 UTC,16:00,"21,00"
05/12/2020,04/12/2020,2000 UTC,17:00,"19,80"
05/12/2020,04/12/2020,2100 UTC,18:00,"19,00"
05/12/2020,04/12/2020,2200 UTC,19:00,"18,30"
05/12/2020,04/12/2020,2300 UTC,20:00,"18,10"
06/12/2020,05/12/2020,0000 UTC,21:00,"17,10"
06/12/2020,05/12/2020,0100 UTC,22:00,"17,10"
06/12/2020,05/12/2020,0200 UTC,23:00,"17,00"
06/12/2020,05/12/2020,0300 UTC,00:00,"17,00"
06/12/2020,05/12/2020,0400 UTC,01:00,"17,10"
06/12/2020,05/12/2020,0500 UTC,02:00,"17,20"
06/12/2020,05/12/2020,0600 UTC,03:00,"17,20"
06/12/2020,05/12/2020,0700 UTC,04:00,"17,30"
06/12/2020,05/12/2020,0800 UTC,05:00,"17,30"
06/12/2020,05/12/2020,0900 UTC,06:00,"17,40"
06/12/2020,05/12/2020,1000 UTC,07:00,"18,00"
06/12/2020,05/12/2020,1100 UTC,08:00,"18,30"
06/12/2020,05/12/2020,1200 UTC,09:00,"19,60"
06/12/2020,05/12/2020,1300 UTC,10:00,"19,30"
06/12/2020,05/12/2020,1400 UTC,11:00,"20,40"
06/12/2020,05/12/2020,1500 UTC,12:00,"21,10"
06/12/2020,05/12/2020,1600 UTC,13:00,"21,30"
06/12/2020,05/12/2020,1700 UTC,14:00,"21,00"
06/12/2020,05/12/2020,1800 UTC,15:00,"20,60"
06/12/2020,05/12/2020,1900 UTC,16:00,"20,10"
06/12/2020,05/12/2020,2000 UTC,17:00,"19,70"
06/12/2020,05/12/2020,2100 UTC,18:00,"19,60"
06/12/2020,05/12/2020,2200 UTC,19:00,"18,90"
06/12/2020,05/12/2020,2300 UTC,20:00,"18,40"
07/12/2020,06/12/2020,0000 UTC,21:00,"18,20"
07/12/2020,06/12/2020,0100 UTC,22:00,"18,30"
07/12/2020,06/12/2020,0200 UTC,23:00,"18,40"
07/12/2020,06/12/2020,0300 UTC,00:00,"18,50"
07/12/2020,06/12/2020,0400 UTC,01:00,"18,50"
07/12/2020,06/12/2020,0500 UTC,02:00,"18,30"
07/12/2020,06/12/2020,0600 UTC,03:00,"18,40"
07/12/2020,06/12/2020,0700 UTC,04:00,"18,60"
07/12/2020,06/12/2020,0800 UTC,05:00,"18,60"
07/12/2020,06/12/2020,0900 UTC,06:00,"18,70"
07/12/2020,06/12/2020,1000 UTC,07:00,"19,50"
07/12/2020,06/12/2020,1100 UTC,08:00,"20,90"
07/12/2020,06/12/2020,1200 UTC,09:00,"21,60"
07/12/2020,06/12/2020,1300 UTC,10:00,"22,80"
07/12/2020,06/12/2020,1400 UTC,11:00,"22,70"
07/12/2020,06/12/2020,1500 UTC,12:00,"23,60"
07/12/2020,06/12/2020,1600 UTC,13:00,"23,70"
07/12/2020,06/12/2020,1700 UTC,14:00,"24,20"
07/12/2020,06/12/2020,1800 UTC,15:00,"24,20"
07/12/2020,06/12/2020,1900 UTC,16:00,"23,10"
07/12/2020,06/12/2020,2000 UTC,17:00,"22,00"
07/12/2020,06/12/2020,2100 UTC,18:00,"20,80"
07/12/2020,06/12/2020,2200 UTC,19:00,"20,40"
07/12/2020,06/12/2020,2300 UTC,20:00,"20,20"
08/12/2020,07/12/2020,0000 UTC,21:00,"19,90"
08/12/2020,07/12/2020,0100 UTC,22:00,"19,70"
08/12/2020,07/12/2020,0200 UTC,23:00,"19,40"
08/12/2020,07/12/2020,0300 UTC,00:00,"19,40"
08/12/2020,07/12/2020,0400 UTC,01:00,"19,10"
08/12/2020,07/12/2020,0500 UTC,02:00,"19,00"
08/12/2020,07/12/2020,0600 UTC,03:00,"18,70"
08/12/2020,07/12/2020,0700 UTC,04:00,"18,20"
08/12/2020,07/12/2020,0800 UTC,05:00,"17,80"
08/12/2020,07/12/2020,0900 UTC,06:00,"18,20"
08/12/2020,07/12/2020,1000 UTC,07:00,"20,60"
08/12/2020,07/12/2020,1100 UTC,08:00,"23,20"
08/12/2020,07/12/2020,1200 UTC,09:00,"24,60"
08/12/2020,07/12/2020,1300 UTC,10:00,"25,10"
08/12/2020,07/12/2020,1400 UTC,11:00,"25,80"
08/12/2020,07/12/2020,1500 UTC,12:00,"27,50"
08/12/2020,07/12/2020,1600 UTC,13:00,"27,60"
08/12/2020,07/12/2020,1700 UTC,14:00,"26,70"
08/12/2020,07/12/2020,1800 UTC,15:00,"28,80"
08/12/2020,07/12/2020,1900 UTC,16:00,"24,20"
08/12/2020,07/12/2020,2000 UTC,17:00,"22,00"
08/12/2020,07/12/2020,2100 UTC,18:00,"22,00"
08/12/2020,07/12/2020,2200 UTC,19:00,"21,00"
08/12/2020,07/12/2020,2300 UTC,20:00,"20,00"
09/12/2020,08/12/2020,0000 UTC,21:00,"19,40"
09/12/2020,08/12/2020,0100 UTC,22:00,"19,30"
09/12/2020,08/12/2020,0200 UTC,23:00,"19,40"
09/12/2020,08/12/2020,0300 UTC,00:00,"19,70"
09/12/2020,08/12/2020,0400 UTC,01:00,"19,40"
09/12/2020,08/12/2020,0500 UTC,02:00,"19,40"
09/12/2020,08/12/2020,0600 UTC,03:00,"19,20"
09/12/2020,08/12/2020,0700 UTC,04:00,"18,80"
09/12/2020,08/12/2020,0800 UTC,05:00,"18,50"
09/12/2020,08/12/2020,0900 UTC,06:00,"18,50"
09/12/2020,08/12/2020,1000 UTC,07:00,"20,40"
09/12/2020,08/12/2020,1100 UTC,08:00,"22,30"
09/12/2020,08/12/2020,1200 UTC,09:00,"23,70"
09/12/2020,08/12/2020,1300 UTC,10:00,"25,30"
09/12/2020,08/12/2020,1400 UTC,11:00,"25,80"
09/12/2020,08/12/2020,1500 UTC,12:00,"27,20"
09/12/2020,08/12/2020,1600 UTC,13:00,"27,50"
09/12/2020,08/12/2020,1700 UTC,14:00,"29,40"
09/12/2020,08/12/2020,1800 UTC,15:00,"28,20"
09/12/2020,08/12/2020,1900 UTC,16:00,"27,60"
09/12/2020,08/12/2020,2000 UTC,17:00,"26,60"
09/12/2020,08/12/2020,2100 UTC,18:00,"24,70"
09/12/2020,08/12/2020,2200 UTC,19:00,"21,80"
09/12/2020,08/12/2020,2300 UTC,20:00,"20,30"
10/12/2020,09/12/2020,0000 UTC,21:00,"19,60"
10/12/2020,09/12/2020,0100 UTC,22:00,"19,30"
10/12/2020,09/12/2020,0200 UTC,23:00,"19,40"
10/12/2020,09/12/2020,0300 UTC,00:00,"19,10"
10/12/2020,09/12/2020,0400 UTC,01:00,"19,00"
10/12/2020,09/12/2020,0500 UTC,02:00,"18,30"
10/12/2020,09/12/2020,0600 UTC,03:00,"17,80"
10/12/2020,09/12/2020,0700 UTC,04:00,"17,30"
10/12/2020,09/12/2020,0800 UTC,05:00,"17,20"
10/12/2020,09/12/2020,0900 UTC,06:00,"17,20"
10/12/2020,09/12/2020,1000 UTC,07:00,"19,40"
10/12/2020,09/12/2020,1100 UTC,08:00,"21,80"
10/12/2020,09/12/2020,1200 UTC,09:00,"23,80"
10/12/2020,09/12/2020,1300 UTC,10:00,"25,20"
10/12/2020,09/12/2020,1400 UTC,11:00,"26,30"
10/12/2020,09/12/2020,1500 UTC,12:00,"27,10"
10/12/2020,09/12/2020,1600 UTC,13:00,"27,60"
10/12/2020,09/12/2020,1700 UTC,14:00,"28,30"
10/12/2020,09/12/2020,1800 UTC,15:00,"27,00"
10/12/2020,09/12/2020,1900 UTC,16:00,"28,00"
10/12/2020,09/12/2020,2000 UTC,17:00,"26,10"
10/12/2020,09/12/2020,2100 UTC,18:00,"23,80"
10/12/2020,09/12/2020,2200 UTC,19:00,"21,50"
10/12/2020,09/12/2020,2300 UTC,20:00,"20,30"
11/12/2020,10/12/2020,0000 UTC,21:00,"19,80"
11/12/2020,10/12/2020,0100 UTC,22:00,"20,20"
11/12/2020,10/12/2020,0200 UTC,23:00,"19,20"
11/12/2020,10/12/2020,0300 UTC,00:00,"18,10"
11/12/2020,10/12/2020,0400 UTC,01:00,"17,20"
11/12/2020,10/12/2020,0500 UTC,02:00,"16,90"
11/12/2020,10/12/2020,0600 UTC,03:00,"16,30"
11/12/2020,10/12/2020,0700 UTC,04:00,"16,20"
11/12/2020,10/12/2020,0800 UTC,05:00,"15,90"
11/12/2020,10/12/2020,0900 UTC,06:00,"16,00"
11/12/2020,10/12/2020,1000 UTC,07:00,"16,80"
11/12/2020,10/12/2020,1100 UTC,08:00,"18,10"
11/12/2020,10/12/2020,1200 UTC,09:00,"22,10"
11/12/2020,10/12/2020,1300 UTC,10:00,"25,50"
11/12/2020,10/12/2020,1400 UTC,11:00,"27,70"
11/12/2020,10/12/2020,1500 UTC,12:00,"28,30"
11/12/2020,10/12/2020,1600 UTC,13:00,"28,60"
11/12/2020,10/12/2020,1700 UTC,14:00,"27,60"
11/12/2020,10/12/2020,1800 UTC,15:00,"25,10"
11/12/2020,10/12/2020,1900 UTC,16:00,"21,40"
11/12/2020,10/12/2020,2000 UTC,17:00,"22,60"
11/12/2020,10/12/2020,2100 UTC,18:00,"21,00"
11/12/2020,10/12/2020,2200 UTC,19:00,"20,70"
11/12/2020,10/12/2020,2300 UTC,20:00,"20,40"
12/12/2020,11/12/2020,0000 UTC,21:00,"19,90"
12/12/2020,11/12/2020,0100 UTC,22:00,"19,60"
12/12/2020,11/12/2020,0200 UTC,23:00,"20,30"
12/12/2020,11/12/2020,0300 UTC,00:00,"19,70"
12/12/2020,11/12/2020,0400 UTC,01:00,"19,60"
12/12/2020,11/12/2020,0500 UTC,02:00,"19,50"
12/12/2020,11/12/2020,0600 UTC,03:00,"18,90"
12/12/2020,11/12/2020,0700 UTC,04:00,"19,00"
12/12/2020,11/12/2020,0800 UTC,05:00,"18,80"
12/12/2020,11/12/2020,0900 UTC,06:00,"19,00"
12/12/2020,11/12/2020,1000 UTC,07:00,"20,90"
12/12/2020,11/12/2020,1100 UTC,08:00,"21,80"
12/12/2020,11/12/2020,1200 UTC,09:00,"22,60"
12/12/2020,11/12/2020,1300 UTC,10:00,"24,20"
12/12/2020,11/12/2020,1400 UTC,11:00,"24,60"
12/12/2020,11/12/2020,1500 UTC,12:00,"26,90"
12/12/2020,11/12/2020,1600 UTC,13:00,"25,80"
12/12/2020,11/12/2020,1700 UTC,14:00,"26,70"
12/12/2020,11/12/2020,1800 UTC,15:00,"24,40"
12/12/2020,11/12/2020,1900 UTC,16:00,"22,80"
12/12/2020,11/12/2020,2000 UTC,17:00,"22,70"
12/12/2020,11/12/2020,2100 UTC,18:00,"22,40"
12/12/2020,11/12/2020,2200 UTC,19:00,"21,50"
12/12/2020,11/12/2020,2300 UTC,20:00,"21,30"
13/12/2020,12/12/2020,0000 UTC,21:00,"21,20"
13/12/2020,12/12/2020,0100 UTC,22:00,"20,90"
13/12/2020,12/12/2020,0200 UTC,23:00,"20,80"
13/12/2020,12/12/2020,0300 UTC,00:00,"20,50"
13/12/2020,12/12/2020,0400 UTC,01:00,"20,10"
13/12/2020,12/12/2020,0500 UTC,02:00,"19,40"
13/12/2020,12/12/2020,0600 UTC,03:00,"19,30"
13/12/2020,12/12/2020,0700 UTC,04:00,"19,40"
13/12/2020,12/12/2020,0800 UTC,05:00,"19,50"
13/12/2020,12/12/2020,0900 UTC,06:00,"19,80"
13/12/2020,12/12/2020,1000 UTC,07:00,"20,80"
13/12/2020,12/12/2020,1100 UTC,08:00,"22,70"
13/12/2020,12/12/2020,1200 UTC,09:00,"23,90"
13/12/2020,12/12/2020,1300 UTC,10:00,"24,00"
13/12/2020,12/12/2020,1400 UTC,11:00,"26,60"
13/12/2020,12/12/2020,1500 UTC,12:00,"23,40"
13/12/2020,12/12/2020,1600 UTC,13:00,"24,80"
13/12/2020,12/12/2020,1700 UTC,14:00,"28,10"
13/12/2020,12/12/2020,1800 UTC,15:00,"28,80"
13/12/2020,12/12/2020,1900 UTC,16:00,"24,60"
13/12/2020,12/12/2020,2000 UTC,17:00,"23,80"
13/12/2020,12/12/2020,2100 UTC,18:00,"23,30"
13/12/2020,12/12/2020,2200 UTC,19:00,"22,40"
13/12/2020,12/12/2020,2300 UTC,20:00,"21,70"
14/12/2020,13/12/2020,0000 UTC,21:00,"18,90"
14/12/2020,13/12/2020,0100 UTC,22:00,"18,40"
14/12/2020,13/12/2020,0200 UTC,23:00,"19,00"
14/12/2020,13/12/2020,0300 UTC,00:00,"19,00"
14/12/2020,13/12/2020,0400 UTC,01:00,"18,80"
14/12/2020,13/12/2020,0500 UTC,02:00,"18,50"
14/12/2020,13/12/2020,0600 UTC,03:00,"18,50"
14/12/2020,13/12/2020,0700 UTC,04:00,"18,30"
14/12/2020,13/12/2020,0800 UTC,05:00,"18,30"
14/12/2020,13/12/2020,0900 UTC,06:00,"18,30"
14/12/2020,13/12/2020,1000 UTC,07:00,"18,80"
14/12/2020,13/12/2020,1100 UTC,08:00,"20,50"
14/12/2020,13/12/2020,1200 UTC,09:00,"23,50"
14/12/2020,13/12/2020,1300 UTC,10:00,"23,50"
14/12/2020,13/12/2020,1400 UTC,11:00,"24,40"
14/12/2020,13/12/2020,1500 UTC,12:00,"25,70"
14/12/2020,13/12/2020,1600 UTC,13:00,"28,10"
14/12/2020,13/12/2020,1700 UTC,14:00,"27,80"
14/12/2020,13/12/2020,1800 UTC,15:00,"30,10"
14/12/2020,13/12/2020,1900 UTC,16:00,"30,40"
14/12/2020,13/12/2020,2000 UTC,17:00,"29,90"
14/12/2020,13/12/2020,2100 UTC,18:00,"27,70"
14/12/2020,13/12/2020,2200 UTC,19:00,"24,50"
14/12/2020,13/12/2020,2300 UTC,20:00,"23,70"
15/12/2020,14/12/2020,0000 UTC,21:00,"22,40"
15/12/2020,14/12/2020,0100 UTC,22:00,"20,70"
15/12/2020,14/12/2020,0200 UTC,23:00,"20,70"
15/12/2020,14/12/2020,0300 UTC,00:00,"20,70"
15/12/2020,14/12/2020,0400 UTC,01:00,"20,60"
15/12/2020,14/12/2020,0500 UTC,02:00,"20,70"
15/12/2020,14/12/2020,0600 UTC,03:00,"20,60"
15/12/2020,14/12/2020,0700 UTC,04:00,"20,60"
15/12/2020,14/12/2020,0800 UTC,05:00,"20,40"
15/12/2020,14/12/2020,0900 UTC,06:00,"20,20"
15/12/2020,14/12/2020,1000 UTC,07:00,"20,50"
15/12/2020,14/12/2020,1100 UTC,08:00,"21,30"
15/12/2020,14/12/2020,1200 UTC,09:00,"22,60"
15/12/2020,14/12/2020,1300 UTC,10:00,"23,40"
15/12/2020,14/12/2020,1400 UTC,11:00,"25,40"
15/12/2020,14/12/2020,1500 UTC,12:00,"27,00"
15/12/2020,14/12/2020,1600 UTC,13:00,"27,10"
15/12/2020,14/12/2020,1700 UTC,14:00,"29,00"
15/12/2020,14/12/2020,1800 UTC,15:00,"28,60"
15/12/2020,14/12/2020,1900 UTC,16:00,"29,90"
15/12/2020,14/12/2020,2000 UTC,17:00,"29,00"
15/12/2020,14/12/2020,2100 UTC,18:00,"28,10"
15/12/2020,14/12/2020,2200 UTC,19:00,"24,70"
15/12/2020,14/12/2020,2300 UTC,20:00,"22,90"
16/12/2020,15/12/2020,0000 UTC,21:00,"22,10"
16/12/2020,15/12/2020,0100 UTC,22:00,"21,60"
16/12/2020,15/12/2020,0200 UTC,23:00,"20,70"
16/12/2020,15/12/2020,0300 UTC,00:00,"20,40"
16/12/2020,15/12/2020,0400 UTC,01:00,"19,50"
16/12/2020,15/12/2020,0500 UTC,02:00,"19,30"
16/12/2020,15/12/2020,0600 UTC,03:00,"19,20"
16/12/2020,15/12/2020,0700 UTC,04:00,"18,80"
16/12/2020,15/12/2020,0800 UTC,05:00,"18,70"
16/12/2020,15/12/2020,0900 UTC,06:00,"18,50"
16/12/2020,15/12/2020,1000 UTC,07:00,"20,30"
16/12/2020,15/12/2020,1100 UTC,08:00,"23,90"
16/12/2020,15/12/2020,1200 UTC,09:00,"26,40"
16/12/2020,15/12/2020,1300 UTC,10:00,"27,80"
16/12/2020,15/12/2020,1400 UTC,11:00,"29,00"
16/12/2020,15/12/2020,1500 UTC,12:00,"28,50"
16/12/2020,15/12/2020,1600 UTC,13:00,"30,40"
16/12/2020,15/12/2020,1700 UTC,14:00,"32,20"
16/12/2020,15/12/2020,1800 UTC,15:00,"27,60"
16/12/2020,15/12/2020,1900 UTC,16:00,"25,40"
16/12/2020,15/12/2020,2000 UTC,17:00,"25,70"
16/12/2020,15/12/2020,2100 UTC,18:00,"24,10"
16/12/2020,15/12/2020,2200 UTC,19:00,"22,70"
16/12/2020,15/12/2020,2300 UTC,20:00,"22,10"
17/12/2020,16/12/2020,0000 UTC,21:00,"21,60"
17/12/2020,16/12/2020,0100 UTC,22:00,"22,30"
17/12/2020,16/12/2020,0200 UTC,23:00,"22,00"
17/12/2020,16/12/2020,0300 UTC,00:00,"18,30"
17/12/2020,16/12/2020,0400 UTC,01:00,"18,30"
17/12/2020,16/12/2020,0500 UTC,02:00,"18,40"
17/12/2020,16/12/2020,0600 UTC,03:00,"18,50"
17/12/2020,16/12/2020,0700 UTC,04:00,"18,50"
17/12/2020,16/12/2020,0800 UTC,05:00,"18,40"
17/12/2020,16/12/2020,0900 UTC,06:00,"18,50"
17/12/2020,16/12/2020,1000 UTC,07:00,"19,10"
17/12/2020,16/12/2020,1100 UTC,08:00,"20,20"
17/12/2020,16/12/2020,1200 UTC,09:00,"24,20"
17/12/2020,16/12/2020,1300 UTC,10:00,"25,10"
17/12/2020,16/12/2020,1400 UTC,11:00,"25,80"
17/12/2020,16/12/2020,1500 UTC,12:00,"26,90"
17/12/2020,16/12/2020,1600 UTC,13:00,"26,80"
17/12/2020,16/12/2020,1700 UTC,14:00,"27,40"
17/12/2020,16/12/2020,1800 UTC,15:00,"28,30"
17/12/2020,16/12/2020,1900 UTC,16:00,"27,40"
17/12/2020,16/12/2020,2000 UTC,17:00,"25,70"
17/12/2020,16/12/2020,2100 UTC,18:00,"23,10"
17/12/2020,16/12/2020,2200 UTC,19:00,"21,60"
17/12/2020,16/12/2020,2300 UTC,20:00,"21,20"
18/12/2020,17/12/2020,0000 UTC,21:00,"21,00"
18/12/2020,17/12/2020,0100 UTC,22:00,"20,60"
18/12/2020,17/12/2020,0200 UTC,23:00,"20,40"
18/12/2020,17/12/2020,0300 UTC,00:00,"20,10"
18/12/2020,17/12/2020,0400 UTC,01:00,"19,80"
18/12/2020,17/12/2020,0500 UTC,02:00,"19,50"
18/12/2020,17/12/2020,0600 UTC,03:00,"19,20"
18/12/2020,17/12/2020,0700 UTC,04:00,"19,50"
18/12/2020,17/12/2020,0800 UTC,05:00,"19,80"
18/12/2020,17/12/2020,0900 UTC,06:00,"20,10"
18/12/2020,17/12/2020,1000 UTC,07:00,"20,80"
18/12/2020,17/12/2020,1100 UTC,08:00,"22,90"
18/12/2020,17/12/2020,1200 UTC,09:00,"24,10"
18/12/2020,17/12/2020,1300 UTC,10:00,"26,60"
18/12/2020,17/12/2020,1400 UTC,11:00,"27,60"
18/12/2020,17/12/2020,1500 UTC,12:00,"27,50"
18/12/2020,17/12/2020,1600 UTC,13:00,"28,50"
18/12/2020,17/12/2020,1700 UTC,14:00,"29,40"
18/12/2020,17/12/2020,1800 UTC,15:00,"29,40"
18/12/2020,17/12/2020,1900 UTC,16:00,"24,80"
18/12/2020,17/12/2020,2000 UTC,17:00,"22,20"
18/12/2020,17/12/2020,2100 UTC,18:00,"19,60"
18/12/2020,17/12/2020,2200 UTC,19:00,"19,70"
18/12/2020,17/12/2020,2300 UTC,20:00,"19,70"
19/12/2020,18/12/2020,0000 UTC,21:00,"19,30"
19/12/2020,18/12/2020,0100 UTC,22:00,"19,40"
19/12/2020,18/12/2020,0200 UTC,23:00,"19,80"
19/12/2020,18/12/2020,0300 UTC,00:00,"19,80"
19/12/2020,18/12/2020,0400 UTC,01:00,"20,30"
19/12/2020,18/12/2020,0500 UTC,02:00,"20,50"
19/12/2020,18/12/2020,0600 UTC,03:00,"20,70"
19/12/2020,18/12/2020,0700 UTC,04:00,"20,50"
19/12/2020,18/12/2020,0800 UTC,05:00,"20,50"
19/12/2020,18/12/2020,0900 UTC,06:00,"20,50"
19/12/2020,18/12/2020,1000 UTC,07:00,"22,10"
19/12/2020,18/12/2020,1100 UTC,08:00,"23,60"
19/12/2020,18/12/2020,1200 UTC,09:00,"25,10"
19/12/2020,18/12/2020,1300 UTC,10:00,"26,80"
19/12/2020,18/12/2020,1400 UTC,11:00,"28,30"
19/12/2020,18/12/2020,1500 UTC,12:00,"29,40"
19/12/2020,18/12/2020,1600 UTC,13:00,"31,60"
19/12/2020,18/12/2020,1700 UTC,14:00,"31,60"
19/12/2020,18/12/2020,1800 UTC,15:00,"32,00"
19/12/2020,18/12/2020,1900 UTC,16:00,"31,70"
19/12/2020,18/12/2020,2000 UTC,17:00,"30,70"
19/12/2020,18/12/2020,2100 UTC,18:00,"28,40"
19/12/2020,18/12/2020,2200 UTC,19:00,"24,10"
19/12/2020,18/12/2020,2300 UTC,20:00,"21,50"
20/12/2020,19/12/2020,0000 UTC,21:00,"19,90"
20/12/2020,19/12/2020,0100 UTC,22:00,"20,90"
20/12/2020,19/12/2020,0200 UTC,23:00,"20,30"
20/12/2020,19/12/2020,0300 UTC,00:00,"19,90"
20/12/2020,19/12/2020,0400 UTC,01:00,"19,60"
20/12/2020,19/12/2020,0500 UTC,02:00,"19,60"
20/12/2020,19/12/2020,0600 UTC,03:00,"19,70"
20/12/2020,19/12/2020,0700 UTC,04:00,"19,80"
20/12/2020,19/12/2020,0800 UTC,05:00,"20,00"
20/12/2020,19/12/2020,0900 UTC,06:00,"20,00"
20/12/2020,19/12/2020,1000 UTC,07:00,"20,90"
20/12/2020,19/12/2020,1100 UTC,08:00,"23,00"
20/12/2020,19/12/2020,1200 UTC,09:00,"24,70"
20/12/2020,19/12/2020,1300 UTC,10:00,"27,50"
20/12/2020,19/12/2020,1400 UTC,11:00,"28,50"
20/12/2020,19/12/2020,1500 UTC,12:00,"29,90"
20/12/2020,19/12/2020,1600 UTC,13:00,"31,70"
20/12/2020,19/12/2020,1700 UTC,14:00,"31,20"
20/12/2020,19/12/2020,1800 UTC,15:00,"31,30"
20/12/2020,19/12/2020,1900 UTC,16:00,"30,90"
20/12/2020,19/12/2020,2000 UTC,17:00,"29,10"
20/12/2020,19/12/2020,2100 UTC,18:00,"27,60"
20/12/2020,19/12/2020,2200 UTC,19:00,"26,40"
20/12/2020,19/12/2020,2300 UTC,20:00,"22,30"
21/12/2020,20/12/2020,0000 UTC,21:00,"21,70"
21/12/2020,20/12/2020,0100 UTC,22:00,"21,40"
21/12/2020,20/12/2020,0200 UTC,23:00,"21,00"
21/12/2020,20/12/2020,0300 UTC,00:00,"20,60"
21/12/2020,20/12/2020,0400 UTC,01:00,"20,40"
21/12/2020,20/12/2020,0500 UTC,02:00,"20,00"
21/12/2020,20/12/2020,0600 UTC,03:00,"19,90"
21/12/2020,20/12/2020,0700 UTC,04:00,"19,80"
21/12/2020,20/12/2020,0800 UTC,05:00,"19,60"
21/12/2020,20/12/2020,0900 UTC,06:00,"19,60"
21/12/2020,20/12/2020,1000 UTC,07:00,"21,30"
21/12/2020,20/12/2020,1100 UTC,08:00,"25,10"
21/12/2020,20/12/2020,1200 UTC,09:00,"27,10"
21/12/2020,20/12/2020,1300 UTC,10:00,"29,30"
21/12/2020,20/12/2020,1400 UTC,11:00,"30,10"
21/12/2020,20/12/2020,1500 UTC,12:00,"31,10"
21/12/2020,20/12/2020,1600 UTC,13:00,"30,70"
21/12/2020,20/12/2020,1700 UTC,14:00,"31,60"
21/12/2020,20/12/2020,1800 UTC,15:00,"22,10"
21/12/2020,20/12/2020,1900 UTC,16:00,"20,90"
21/12/2020,20/12/2020,2000 UTC,17:00,"23,70"
21/12/2020,20/12/2020,2100 UTC,18:00,"22,80"
21/12/2020,20/12/2020,2200 UTC,19:00,"22,30"
21/12/2020,20/12/2020,2300 UTC,20:00,"21,60"
22/12/2020,21/12/2020,0000 UTC,21:00,"21,10"
22/12/2020,21/12/2020,0100 UTC,22:00,"20,80"
22/12/2020,21/12/2020,0200 UTC,23:00,"20,80"
22/12/2020,21/12/2020,0300 UTC,00:00,"20,70"
22/12/2020,21/12/2020,0400 UTC,01:00,"20,30"
22/12/2020,21/12/2020,0500 UTC,02:00,"20,30"
22/12/2020,21/12/2020,0600 UTC,03:00,"20,30"
22/12/2020,21/12/2020,0700 UTC,04:00,"20,40"
22/12/2020,21/12/2020,0800 UTC,05:00,"20,20"
22/12/2020,21/12/2020,0900 UTC,06:00,"20,20"
22/12/2020,21/12/2020,1000 UTC,07:00,"20,50"
22/12/2020,21/12/2020,1100 UTC,08:00,"20,90"
22/12/2020,21/12/2020,1200 UTC,09:00,"22,10"
22/12/2020,21/12/2020,1300 UTC,10:00,"22,30"
22/12/2020,21/12/2020,1400 UTC,11:00,"22,20"
22/12/2020,21/12/2020,1500 UTC,12:00,"22,50"
22/12/2020,21/12/2020,1600 UTC,13:00,"22,20"
22/12/2020,21/12/2020,1700 UTC,14:00,"22,60"
22/12/2020,21/12/2020,1800 UTC,15:00,"23,10"
22/12/2020,21/12/2020,1900 UTC,16:00,"21,60"
22/12/2020,21/12/2020,2000 UTC,17:00,"20,50"
22/12/2020,21/12/2020,2100 UTC,18:00,"20,10"
22/12/2020,21/12/2020,2200 UTC,19:00,"19,20"
22/12/2020,21/12/2020,2300 UTC,20:00,"18,80"
23/12/2020,22/12/2020,0000 UTC,21:00,"18,60"
23/12/2020,22/12/2020,0100 UTC,22:00,"18,10"
23/12/2020,22/12/2020,0200 UTC,23:00,"17,30"
23/12/2020,22/12/2020,0300 UTC,00:00,"16,80"
23/12/2020,22/12/2020,0400 UTC,01:00,"16,90"
23/12/2020,22/12/2020,0500 UTC,02:00,"16,20"
23/12/2020,22/12/2020,0600 UTC,03:00,"15,90"
23/12/2020,22/12/2020,0700 UTC,04:00,"16,00"
23/12/2020,22/12/2020,0800 UTC,05:00,"16,30"
23/12/2020,22/12/2020,0900 UTC,06:00,"16,70"
23/12/2020,22/12/2020,1000 UTC,07:00,"19,30"
23/12/2020,22/12/2020,1100 UTC,08:00,"20,30"
23/12/2020,22/12/2020,1200 UTC,09:00,"21,00"
23/12/2020,22/12/2020,1300 UTC,10:00,"21,00"
23/12/2020,22/12/2020,1400 UTC,11:00,"20,90"
23/12/2020,22/12/2020,1500 UTC,12:00,"20,90"
23/12/2020,22/12/2020,1600 UTC,13:00,"22,60"
23/12/2020,22/12/2020,1700 UTC,14:00,"21,80"
23/12/2020,22/12/2020,1800 UTC,15:00,"21,40"
23/12/2020,22/12/2020,1900 UTC,16:00,"20,60"
23/12/2020,22/12/2020,2000 UTC,17:00,"20,80"
23/12/2020,22/12/2020,2100 UTC,18:00,"20,20"
23/12/2020,22/12/2020,2200 UTC,19:00,"19,40"
23/12/2020,22/12/2020,2300 UTC,20:00,"19,30"
24/12/2020,23/12/2020,0000 UTC,21:00,"19,10"
24/12/2020,23/12/2020,0100 UTC,22:00,"18,60"
24/12/2020,23/12/2020,0200 UTC,23:00,"18,00"
24/12/2020,23/12/2020,0300 UTC,00:00,"17,80"
24/12/2020,23/12/2020,0400 UTC,01:00,"17,80"
24/12/2020,23/12/2020,0500 UTC,02:00,"17,10"
24/12/2020,23/12/2020,0600 UTC,03:00,"16,60"
24/12/2020,23/12/2020,0700 UTC,04:00,"17,50"
24/12/2020,23/12/2020,0800 UTC,05:00,"18,00"
24/12/2020,23/12/2020,0900 UTC,06:00,"17,70"
24/12/2020,23/12/2020,1000 UTC,07:00,"18,90"
24/12/2020,23/12/2020,1100 UTC,08:00,"20,10"
24/12/2020,23/12/2020,1200 UTC,09:00,"22,40"
24/12/2020,23/12/2020,1300 UTC,10:00,"24,20"
24/12/2020,23/12/2020,1400 UTC,11:00,"24,70"
24/12/2020,23/12/2020,1500 UTC,12:00,"25,10"
24/12/2020,23/12/2020,1600 UTC,13:00,"25,10"
24/12/2020,23/12/2020,1700 UTC,14:00,"25,10"
24/12/2020,23/12/2020,1800 UTC,15:00,"25,40"
24/12/2020,23/12/2020,1900 UTC,16:00,"24,80"
24/12/2020,23/12/2020,2000 UTC,17:00,"23,70"
24/12/2020,23/12/2020,2100 UTC,18:00,"20,70"
24/12/2020,23/12/2020,2200 UTC,19:00,"19,30"
24/12/2020,23/12/2020,2300 UTC,20:00,"18,90"
25/12/2020,24/12/2020,0000 UTC,21:00,"18,20"
25/12/2020,24/12/2020,0100 UTC,22:00,"18,10"
25/12/2020,24/12/2020,0200 UTC,23:00,"17,30"
25/12/2020,24/12/2020,0300 UTC,00:00,"16,60"
25/12/2020,24/12/2020,0400 UTC,01:00,"15,90"
25/12/2020,24/12/2020,0500 UTC,02:00,"15,70"
25/12/2020,24/12/2020,0600 UTC,03:00,"15,90"
25/12/2020,24/12/2020,0700 UTC,04:00,"15,20"
25/12/2020,24/12/2020,0800 UTC,05:00,"15,40"
25/12/2020,24/12/2020,0900 UTC,06:00,"15,50"
25/12/2020,24/12/2020,1000 UTC,07:00,"17,40"
25/12/2020,24/12/2020,1100 UTC,08:00,"19,00"
25/12/2020,24/12/2020,1200 UTC,09:00,"21,50"
25/12/2020,24/12/2020,1300 UTC,10:00,"22,10"
25/12/2020,24/12/2020,1400 UTC,11:00,"24,80"
25/12/2020,24/12/2020,1500 UTC,12:00,"24,50"
25/12/2020,24/12/2020,1600 UTC,13:00,"24,00"
25/12/2020,24/12/2020,1700 UTC,14:00,"23,30"
25/12/2020,24/12/2020,1800 UTC,15:00,"25,30"
25/12/2020,24/12/2020,1900 UTC,16:00,"23,70"
25/12/2020,24/12/2020,2000 UTC,17:00,"21,40"
25/12/2020,24/12/2020,2100 UTC,18:00,"20,10"
25/12/2020,24/12/2020,2200 UTC,19:00,"18,80"
25/12/2020,24/12/2020,2300 UTC,20:00,"18,20"
26/12/2020,25/12/2020,0000 UTC,21:00,"18,10"
26/12/2020,25/12/2020,0100 UTC,22:00,"17,30"
26/12/2020,25/12/2020,0200 UTC,23:00,"17,30"
26/12/2020,25/12/2020,0300 UTC,00:00,"17,80"
26/12/2020,25/12/2020,0400 UTC,01:00,"16,70"
26/12/2020,25/12/2020,0500 UTC,02:00,"16,40"
26/12/2020,25/12/2020,0600 UTC,03:00,"16,60"
26/12/2020,25/12/2020,0700 UTC,04:00,"16,40"
26/12/2020,25/12/2020,0800 UTC,05:00,"15,90"
26/12/2020,25/12/2020,0900 UTC,06:00,"16,20"
26/12/2020,25/12/2020,1000 UTC,07:00,"17,80"
26/12/2020,25/12/2020,1100 UTC,08:00,"19,10"
26/12/2020,25/12/2020,1200 UTC,09:00,"22,00"
26/12/2020,25/12/2020,1300 UTC,10:00,"23,30"
26/12/2020,25/12/2020,1400 UTC,11:00,"24,60"
26/12/2020,25/12/2020,1500 UTC,12:00,"24,80"
26/12/2020,25/12/2020,1600 UTC,13:00,"24,80"
26/12/2020,25/12/2020,1700 UTC,14:00,"25,10"
26/12/2020,25/12/2020,1800 UTC,15:00,"24,90"
26/12/2020,25/12/2020,1900 UTC,16:00,"24,40"
26/12/2020,25/12/2020,2000 UTC,17:00,"23,70"
26/12/2020,25/12/2020,2100 UTC,18:00,"22,10"
26/12/2020,25/12/2020,2200 UTC,19:00,"20,80"
26/12/2020,25/12/2020,2300 UTC,20:00,"20,20"
27/12/2020,26/12/2020,0000 UTC,21:00,"19,50"
27/12/2020,26/12/2020,0100 UTC,22:00,"19,70"
27/12/2020,26/12/2020,0200 UTC,23:00,"19,20"
27/12/2020,26/12/2020,0300 UTC,00:00,"18,30"
27/12/2020,26/12/2020,0400 UTC,01:00,"18,00"
27/12/2020,26/12/2020,0500 UTC,02:00,"18,30"
27/12/2020,26/12/2020,0600 UTC,03:00,"18,00"
27/12/2020,26/12/2020,0700 UTC,04:00,"17,70"
27/12/2020,26/12/2020,0800 UTC,05:00,"17,50"
27/12/2020,26/12/2020,0900 UTC,06:00,"18,20"
27/12/2020,26/12/2020,1000 UTC,07:00,"19,90"
27/12/2020,26/12/2020,1100 UTC,08:00,"22,50"
27/12/2020,26/12/2020,1200 UTC,09:00,"23,20"
27/12/2020,26/12/2020,1300 UTC,10:00,"23,60"
27/12/2020,26/12/2020,1400 UTC,11:00,"24,10"
27/12/2020,26/12/2020,1500 UTC,12:00,"25,10"
27/12/2020,26/12/2020,1600 UTC,13:00,"26,80"
27/12/2020,26/12/2020,1700 UTC,14:00,"27,90"
27/12/2020,26/12/2020,1800 UTC,15:00,"27,50"
27/12/2020,26/12/2020,1900 UTC,16:00,"25,60"
27/12/2020,26/12/2020,2000 UTC,17:00,"20,70"
27/12/2020,26/12/2020,2100 UTC,18:00,"20,40"
27/12/2020,26/12/2020,2200 UTC,19:00,"20,60"
27/12/2020,26/12/2020,2300 UTC,20:00,"20,80"
28/12/2020,27/12/2020,0000 UTC,21:00,"20,90"
28/12/2020,27/12/2020,0100 UTC,22:00,"19,30"
28/12/2020,27/12/2020,0200 UTC,23:00,"19,00"
28/12/2020,27/12/2020,0300 UTC,00:00,"19,30"
28/12/2020,27/12/2020,0400 UTC,01:00,"19,60"
28/12/2020,27/12/2020,0500 UTC,02:00,"19,20"
28/12/2020,27/12/2020,0600 UTC,03:00,"19,40"
28/12/2020,27/12/2020,0700 UTC,04:00,"18,50"
28/12/2020,27/12/2020,0800 UTC,05:00,"18,80"
28/12/2020,27/12/2020,0900 UTC,06:00,"18,30"
28/12/2020,27/12/2020,1000 UTC,07:00,"19,20"
28/12/2020,27/12/2020,1100 UTC,08:00,"20,60"
28/12/2020,27/12/2020,1200 UTC,09:00,"22,90"
28/12/2020,27/12/2020,1300 UTC,10:00,"24,60"
28/12/2020,27/12/2020,1400 UTC,11:00,"24,20"
28/12/2020,27/12/2020,1500 UTC,12:00,"23,90"
28/12/2020,27/12/2020,1600 UTC,13:00,"25,70"
28/12/2020,27/12/2020,1700 UTC,14:00,"25,20"
28/12/2020,27/12/2020,1800 UTC,15:00,"26,10"
28/12/2020,27/12/2020,1900 UTC,16:00,"20,70"
28/12/2020,27/12/2020,2000 UTC,17:00,"20,80"
28/12/2020,27/12/2020,2100 UTC,18:00,"22,60"
28/12/2020,27/12/2020,2200 UTC,19:00,"21,20"
28/12/2020,27/12/2020,2300 UTC,20:00,"20,80"
29/12/2020,28/12/2020,0000 UTC,21:00,"19,80"
29/12/2020,28/12/2020,0100 UTC,22:00,"19,40"
29/12/2020,28/12/2020,0200 UTC,23:00,"19,20"
29/12/2020,28/12/2020,0300 UTC,00:00,"19,30"
29/12/2020,28/12/2020,0400 UTC,01:00,"20,40"
29/12/2020,28/12/2020,0500 UTC,02:00,"20,20"
29/12/2020,28/12/2020,0600 UTC,03:00,"20,10"
29/12/2020,28/12/2020,0700 UTC,04:00,"20,10"
29/12/2020,28/12/2020,0800 UTC,05:00,"19,90"
29/12/2020,28/12/2020,0900 UTC,06:00,"19,80"
29/12/2020,28/12/2020,1000 UTC,07:00,"21,50"
29/12/2020,28/12/2020,1100 UTC,08:00,"22,50"
29/12/2020,28/12/2020,1200 UTC,09:00,"23,20"
29/12/2020,28/12/2020,1300 UTC,10:00,"25,10"
29/12/2020,28/12/2020,1400 UTC,11:00,"25,30"
29/12/2020,28/12/2020,1500 UTC,12:00,"26,40"
29/12/2020,28/12/2020,1600 UTC,13:00,"26,90"
29/12/2020,28/12/2020,1700 UTC,14:00,"28,10"
29/12/2020,28/12/2020,1800 UTC,15:00,"22,90"
29/12/2020,28/12/2020,1900 UTC,16:00,"28,50"
29/12/2020,28/12/2020,2000 UTC,17:00,"27,00"
29/12/2020,28/12/2020,2100 UTC,18:00,"25,40"
29/12/2020,28/12/2020,2200 UTC,19:00,"24,10"
29/12/2020,28/12/2020,2300 UTC,20:00,"22,50"
30/12/2020,29/12/2020,0000 UTC,21:00,"21,60"
30/12/2020,29/12/2020,0100 UTC,22:00,"20,70"
30/12/2020,29/12/2020,0200 UTC,23:00,"20,10"
30/12/2020,29/12/2020,0300 UTC,00:00,"19,70"
30/12/2020,29/12/2020,0400 UTC,01:00,"19,30"
30/12/2020,29/12/2020,0500 UTC,02:00,"18,60"
30/12/2020,29/12/2020,0600 UTC,03:00,"18,70"
30/12/2020,29/12/2020,0700 UTC,04:00,"18,30"
30/12/2020,29/12/2020,0800 UTC,05:00,"18,20"
30/12/2020,29/12/2020,0900 UTC,06:00,"18,50"
30/12/2020,29/12/2020,1000 UTC,07:00,"19,50"
30/12/2020,29/12/2020,1100 UTC,08:00,"21,40"
30/12/2020,29/12/2020,1200 UTC,09:00,"22,80"
30/12/2020,29/12/2020,1300 UTC,10:00,"24,60"
30/12/2020,29/12/2020,1400 UTC,11:00,"27,10"
30/12/2020,29/12/2020,1500 UTC,12:00,"27,90"
30/12/2020,29/12/2020,1600 UTC,13:00,"28,30"
30/12/2020,29/12/2020,1700 UTC,14:00,"29,20"
30/12/2020,29/12/2020,1800 UTC,15:00,"29,60"
30/12/2020,29/12/2020,1900 UTC,16:00,"30,00"
30/12/2020,29/12/2020,2000 UTC,17:00,"28,20"
30/12/2020,29/12/2020,2100 UTC,18:00,"26,90"
30/12/2020,29/12/2020,2200 UTC,19:00,"26,00"
30/12/2020,29/12/2020,2300 UTC,20:00,"24,50"
31/12/2020,30/12/2020,0000 UTC,21:00,"24,30"
31/12/2020,30/12/2020,0100 UTC,22:00,"22,60"
31/12/2020,30/12/2020,0200 UTC,23:00,"22,50"
31/12/2020,30/12/2020,0300 UTC,00:00,"21,90"
31/12/2020,30/12/2020,0400 UTC,01:00,"21,40"
31/12/2020,30/12/2020,0500 UTC,02:00,"20,50"
31/12/2020,30/12/2020,0600 UTC,03:00,"20,60"
31/12/2020,30/12/2020,0700 UTC,04:00,"19,90"
31/12/2020,30/12/2020,0800 UTC,05:00,"19,40"
31/12/2020,30/12/2020,0900 UTC,06:00,"19,50"
31/12/2020,30/12/2020,1000 UTC,07:00,"22,00"
31/12/2020,30/12/2020,1100 UTC,08:00,"25,00"
31/12/2020,30/12/2020,1200 UTC,09:00,"25,20"
31/12/2020,30/12/2020,1300 UTC,10:00,"26,10"
31/12/2020,30/12/2020,1400 UTC,11:00,"27,90"
31/12/2020,30/12/2020,1500 UTC,12:00,"25,10"
31/12/2020,30/12/2020,1600 UTC,13:00,"25,60"
31/12/2020,30/12/2020,1700 UTC,14:00,"24,50"
31/12/2020,30/12/2020,1800 UTC,15:00,"20,70"
31/12/2020,30/12/2020,1900 UTC,16:00,"20,70"
31/12/2020,30/12/2020,2000 UTC,17:00,"18,60"
31/12/2020,30/12/2020,2100 UTC,18:00,"19,30"
31/12/2020,30/12/2020,2200 UTC,19:00,"19,50"
31/12/2020,30/12/2020,2300 UTC,20:00,"19,30"